Applying patches
Starting org.bukkit.craftbukkit.Main
[06:35:26 INFO]: [bootstrap] Running Java 25 (OpenJDK 64-Bit Server VM 25.0.4.1+1-LTS; Eclipse Adoptium Temurin-25.0.4.1+1) on Linux 6.18.44 (amd64)
[06:35:26 INFO]: [bootstrap] Loading Leaf 26.2-118-ver/26.2@4b38592 (2026-09-20T04:42:00Z) for Minecraft 26.2
[06:35:26 INFO]: [LeafConfig] Loading config...
[06:35:26 INFO]: [LeafConfig] Using 4 threads for Async Pathfinding
[06:35:26 INFO]: [LeafConfig] Using 4 threads for Async Entity Tracker
WARNING: A terminally deprecated method in sun.misc.Unsafe has been called
WARNING: sun.misc.Unsafe::objectFieldOffset has been called by org.joml.MemUtil$MemUtilUnsafe (file:/local-build/runs/final-070/natural_ai/leaf-1/libraries/org/joml/joml/1.10.8/joml-1.10.8.jar)
WARNING: Please consider reporting this to the maintainers of class org.joml.MemUtil$MemUtilUnsafe
WARNING: sun.misc.Unsafe::objectFieldOffset will be removed in a future release
[06:35:27 WARN]: [LeafConfig] You have following experimental module(s) enabled: [MultithreadedTracker.enabled], please proceed with caution!
[06:35:27 INFO]: [LeafConfig] Successfully loaded config in 323ms.
[06:35:27 INFO]: [PluginInitializerManager] Initializing plugins...
[06:35:27 INFO]: [PluginInitializerManager] Initialized 1 plugin
[06:35:27 INFO]: [PluginInitializerManager] Bukkit plugins (1):
 - EscoBenchmark (0.3.0)
[06:35:31 INFO]: [ca.spottedleaf.dataconverter.minecraft.datatypes.MCTypeRegistry] Initialising converters for DataConverter...
[06:35:31 INFO]: Environment: Environment[sessionHost=https://sessionserver.mojang.com, servicesHost=https://api.minecraftservices.com, profilesHost=https://api.mojang.com, name=PROD]
[06:35:31 ERROR]: Failed to request yggdrasil public key
com.mojang.authlib.exceptions.MinecraftClientException: Failed to read from https://api.minecraftservices.com/publickeys due to api.minecraftservices.com
	at com.mojang.authlib.minecraft.client.MinecraftClient.readServiceResponse(MinecraftClient.java:151) ~[authlib-9.0.75.jar:?]
	at com.mojang.authlib.minecraft.client.MinecraftClient.getWithEtag(MinecraftClient.java:81) ~[authlib-9.0.75.jar:?]
	at com.mojang.authlib.minecraft.client.MinecraftClient.get(MinecraftClient.java:65) ~[authlib-9.0.75.jar:?]
	at com.mojang.authlib.yggdrasil.YggdrasilServicesKeyInfo.fetch(YggdrasilServicesKeyInfo.java:114) ~[authlib-9.0.75.jar:?]
	at com.mojang.authlib.yggdrasil.YggdrasilServicesKeyInfo$1.run(YggdrasilServicesKeyInfo.java:89) ~[authlib-9.0.75.jar:?]
	at java.base/java.util.concurrent.Executors$RunnableAdapter.call(Executors.java:545) ~[?:?]
	at java.base/java.util.concurrent.FutureTask.run(FutureTask.java:328) ~[?:?]
	at java.base/java.util.concurrent.ScheduledThreadPoolExecutor$ScheduledFutureTask.run(ScheduledThreadPoolExecutor.java:309) ~[?:?]
	at java.base/java.util.concurrent.ThreadPoolExecutor.runWorker(ThreadPoolExecutor.java:1090) ~[?:?]
	at java.base/java.util.concurrent.ThreadPoolExecutor$Worker.run(ThreadPoolExecutor.java:614) ~[?:?]
	at java.base/java.lang.Thread.run(Thread.java:1474) ~[?:?]
Caused by: java.net.UnknownHostException: api.minecraftservices.com
	at java.base/sun.nio.ch.NioSocketImpl.connect(NioSocketImpl.java:569) ~[?:?]
	at java.base/java.net.SocksSocketImpl.connect(SocksSocketImpl.java:284) ~[?:?]
	at java.base/java.net.Socket.connect(Socket.java:659) ~[?:?]
	at java.base/sun.security.ssl.SSLSocketImpl.connect(SSLSocketImpl.java:304) ~[?:?]
	at java.base/sun.net.NetworkClient.doConnect(NetworkClient.java:161) ~[?:?]
	at java.base/sun.net.www.http.HttpClient.openServer(HttpClient.java:524) ~[?:?]
	at java.base/sun.net.www.http.HttpClient.openServer(HttpClient.java:612) ~[?:?]
	at java.base/sun.net.www.protocol.https.HttpsClient.<init>(HttpsClient.java:207) ~[?:?]
	at java.base/sun.net.www.protocol.https.HttpsClient.New(HttpsClient.java:289) ~[?:?]
	at java.base/sun.net.www.protocol.https.AbstractDelegateHttpsURLConnection.getNewHttpClient(AbstractDelegateHttpsURLConnection.java:196) ~[?:?]
	at java.base/sun.net.www.protocol.http.HttpURLConnection.plainConnect0(HttpURLConnection.java:1011) ~[?:?]
	at java.base/sun.net.www.protocol.http.HttpURLConnection.plainConnect(HttpURLConnection.java:902) ~[?:?]
	at java.base/sun.net.www.protocol.http.HttpURLConnection.connect(HttpURLConnection.java:875) ~[?:?]
	at java.base/sun.net.www.protocol.https.AbstractDelegateHttpsURLConnection.connect(AbstractDelegateHttpsURLConnection.java:181) ~[?:?]
	at java.base/sun.net.www.protocol.http.HttpURLConnection.getInputStream0(HttpURLConnection.java:1379) ~[?:?]
	at java.base/sun.net.www.protocol.http.HttpURLConnection.getInputStream(HttpURLConnection.java:1305) ~[?:?]
	at java.base/java.net.HttpURLConnection.getResponseCode(HttpURLConnection.java:493) ~[?:?]
	at java.base/sun.net.www.protocol.https.HttpsURLConnectionImpl.getResponseCode(HttpsURLConnectionImpl.java:307) ~[?:?]
	at com.mojang.authlib.minecraft.client.MinecraftClient.readServiceResponse(MinecraftClient.java:130) ~[authlib-9.0.75.jar:?]
	... 10 more
[06:35:31 INFO]: [ca.spottedleaf.dataconverter.minecraft.datatypes.MCTypeRegistry] Finished initialising converters for DataConverter in 392.3ms
[06:35:31 INFO]: Found new data pack paper, loading it automatically
[06:35:32 INFO]: No existing world data, creating new world
[06:35:33 INFO]: Loaded 1585 recipes
[06:35:33 INFO]: Loaded 1688 advancements
[06:35:33 INFO]: Resource reload finished after 200 ms
[06:35:33 INFO]: RecipeManager took approximately 2 tasks/68 ms (1 tasks/68 ms preparing, 1 tasks/0 ms applying)
[06:35:33 INFO]: ServerFunctionLibrary took approximately 3 tasks/1 ms (2 tasks/1 ms preparing, 1 tasks/0 ms applying)
[06:35:33 INFO]: ServerAdvancementManager took approximately 2 tasks/191 ms (1 tasks/164 ms preparing, 1 tasks/27 ms applying)
[06:35:33 INFO]: Total blocking time: 27 ms
[06:35:33 INFO]: Starting minecraft server version 26.2
[06:35:33 WARN]: ****************************
[06:35:33 WARN]: YOU ARE RUNNING THIS SERVER AS AN ADMINISTRATIVE OR ROOT USER. THIS IS NOT ADVISED.
[06:35:33 WARN]: YOU ARE OPENING YOURSELF UP TO POTENTIAL RISKS WHEN DOING THIS.
[06:35:33 WARN]: FOR MORE INFORMATION, SEE https://madelinemiller.dev/blog/root-minecraft-server/
[06:35:33 WARN]: ****************************
[06:35:33 INFO]: Loading properties
[06:35:33 INFO]: This server is running Leaf version 26.2-118-ver/26.2@4b38592 (2026-09-20T04:42:00Z) (Implementing API version 26.2.build.118-alpha)
[06:35:33 INFO]: [spark] This server bundles the spark profiler. For more information please visit https://docs.papermc.io/paper/profiling
[06:35:33 INFO]: Server Ping Player Sample Count: 12
[06:35:33 INFO]: Using 4 threads for Netty based IO
[06:35:34 INFO]: [MoonriseCommon] Paper is using 2 worker threads, 1 I/O threads
[06:35:34 INFO]: Default game type: SURVIVAL
[06:35:34 INFO]: Generating keypair
[06:35:34 INFO]: Starting Minecraft server on 127.0.0.1:0
[06:35:34 INFO]: Paper: Using libdeflate (Linux x86_64) compression from Velocity.
[06:35:34 INFO]: Paper: Using OpenSSL 3.x.x (Linux x86_64) cipher from Velocity.
[06:35:34 WARN]: [io.netty.util.internal.MacAddressUtil] Failed to find a usable hardware address from the network interfaces; using random bytes: 49:3d:05:8e:ac:7b:9c:07
[06:35:34 INFO]: [EscoBenchmark] Loading server plugin EscoBenchmark v0.3.0
[06:35:34 WARN]: **** SERVER IS RUNNING IN OFFLINE/INSECURE MODE!
[06:35:34 WARN]: The server will make no attempt to authenticate usernames. Beware.
[06:35:34 WARN]: While this makes the game possible to play without internet access, it also opens up the ability for hackers to connect with any username they choose.
[06:35:34 WARN]: To change this, set "online-mode" to "true" in the server.properties file.
[06:35:34 INFO]: Preparing level "world"
[06:35:34 INFO]: Selecting spawn point for level 'minecraft:overworld'...
[06:35:35 INFO]: Selecting spawn point for level 'minecraft:the_nether'...
[06:35:35 INFO]: Loading 0 persistent chunks for level 'minecraft:overworld'...
[06:35:35 INFO]: Preparing spawn area: 100%
[06:35:35 INFO]: Prepared spawn area in 929 ms
[06:35:35 INFO]: Loading 0 persistent chunks for level 'minecraft:the_nether'...
[06:35:35 INFO]: Preparing spawn area: 100%
[06:35:35 INFO]: Prepared spawn area in 560 ms
[06:35:35 INFO]: Done preparing level "world" (1.352s)
[06:35:35 INFO]: [EscoBenchmark] Enabling EscoBenchmark v0.3.0
[06:35:35 INFO]: [spark] The spark profiler will not be enabled because it is currently disabled in the configuration.
[06:35:35 INFO]: Saving chunks for level 'ServerLevel[world]'/minecraft:overworld
[06:35:36 INFO]: Saving chunks for level 'ServerLevel[world]'/minecraft:the_nether
[06:35:36 INFO]: ThreadedChunkStorage (world): All chunks are saved
[06:35:36 INFO]: ThreadedChunkStorage (DIM-1): All chunks are saved
[06:35:36 INFO]: ThreadedChunkStorage: All dimensions are saved
[06:35:36 INFO]: Running delayed init tasks
[06:35:36 INFO]: Done (9.946s)! For help, type "help"
[06:35:36 INFO]: *************************************************************************************
[06:35:36 INFO]: This is the first time you're starting this server.
[06:35:36 INFO]: It's recommended you read our 'Getting Started' documentation for guidance.
[06:35:36 INFO]: View this and more helpful information here: https://docs.papermc.io/paper/next-steps
[06:35:36 INFO]: *************************************************************************************
[06:35:37 ERROR]: Ignoring setSeed on Entity.SHARED_RANDOM
java.lang.Throwable
	at net.minecraft.world.entity.Entity$RandomRandomSource.setSeed(Entity.java:193) ~[leaf-26.2.jar:26.2-118-4b38592]
	at benchmark.jar//dev.escos.verify.BenchPlugin.setup(BenchPlugin.java:117) ~[?:?]
	at benchmark.jar//dev.escos.verify.BenchPlugin.lambda$onEnable$0(BenchPlugin.java:63) ~[?:?]
	at org.bukkit.craftbukkit.scheduler.CraftTask.run(CraftTask.java:78) ~[leaf-26.2.jar:26.2-118-4b38592]
	at org.bukkit.craftbukkit.scheduler.CraftScheduler.mainThreadHeartbeat(CraftScheduler.java:474) ~[leaf-26.2.jar:26.2-118-4b38592]
	at net.minecraft.server.MinecraftServer.tickChildren(MinecraftServer.java:1892) ~[leaf-26.2.jar:26.2-118-4b38592]
	at net.minecraft.server.MinecraftServer.tickServer(MinecraftServer.java:1722) ~[leaf-26.2.jar:26.2-118-4b38592]
	at net.minecraft.server.dedicated.DedicatedServer.tickServer(DedicatedServer.java:469) ~[leaf-26.2.jar:26.2-118-4b38592]
	at net.minecraft.server.MinecraftServer.processPacketsAndTick(MinecraftServer.java:1781) ~[leaf-26.2.jar:26.2-118-4b38592]
	at net.minecraft.server.MinecraftServer.runServer(MinecraftServer.java:1449) ~[leaf-26.2.jar:26.2-118-4b38592]
	at net.minecraft.server.MinecraftServer.lambda$spin$0(MinecraftServer.java:303) ~[leaf-26.2.jar:26.2-118-4b38592]
	at java.base/java.lang.Thread.run(Thread.java:1474) ~[?:?]
[06:35:37 ERROR]: Ignoring setSeed on Entity.SHARED_RANDOM
java.lang.Throwable
	at net.minecraft.world.entity.Entity$RandomRandomSource.setSeed(Entity.java:193) ~[leaf-26.2.jar:26.2-118-4b38592]
	at benchmark.jar//dev.escos.verify.BenchPlugin.setup(BenchPlugin.java:117) ~[?:?]
	at benchmark.jar//dev.escos.verify.BenchPlugin.lambda$onEnable$0(BenchPlugin.java:63) ~[?:?]
	at org.bukkit.craftbukkit.scheduler.CraftTask.run(CraftTask.java:78) ~[leaf-26.2.jar:26.2-118-4b38592]
	at org.bukkit.craftbukkit.scheduler.CraftScheduler.mainThreadHeartbeat(CraftScheduler.java:474) ~[leaf-26.2.jar:26.2-118-4b38592]
	at net.minecraft.server.MinecraftServer.tickChildren(MinecraftServer.java:1892) ~[leaf-26.2.jar:26.2-118-4b38592]
	at net.minecraft.server.MinecraftServer.tickServer(MinecraftServer.java:1722) ~[leaf-26.2.jar:26.2-118-4b38592]
	at net.minecraft.server.dedicated.DedicatedServer.tickServer(DedicatedServer.java:469) ~[leaf-26.2.jar:26.2-118-4b38592]
	at net.minecraft.server.MinecraftServer.processPacketsAndTick(MinecraftServer.java:1781) ~[leaf-26.2.jar:26.2-118-4b38592]
	at net.minecraft.server.MinecraftServer.runServer(MinecraftServer.java:1449) ~[leaf-26.2.jar:26.2-118-4b38592]
	at net.minecraft.server.MinecraftServer.lambda$spin$0(MinecraftServer.java:303) ~[leaf-26.2.jar:26.2-118-4b38592]
	at java.base/java.lang.Thread.run(Thread.java:1474) ~[?:?]
[06:35:37 ERROR]: Ignoring setSeed on Entity.SHARED_RANDOM
java.lang.Throwable
	at net.minecraft.world.entity.Entity$RandomRandomSource.setSeed(Entity.java:193) ~[leaf-26.2.jar:26.2-118-4b38592]
	at benchmark.jar//dev.escos.verify.BenchPlugin.setup(BenchPlugin.java:117) ~[?:?]
	at benchmark.jar//dev.escos.verify.BenchPlugin.lambda$onEnable$0(BenchPlugin.java:63) ~[?:?]
	at org.bukkit.craftbukkit.scheduler.CraftTask.run(CraftTask.java:78) ~[leaf-26.2.jar:26.2-118-4b38592]
	at org.bukkit.craftbukkit.scheduler.CraftScheduler.mainThreadHeartbeat(CraftScheduler.java:474) ~[leaf-26.2.jar:26.2-118-4b38592]
	at net.minecraft.server.MinecraftServer.tickChildren(MinecraftServer.java:1892) ~[leaf-26.2.jar:26.2-118-4b38592]
	at net.minecraft.server.MinecraftServer.tickServer(MinecraftServer.java:1722) ~[leaf-26.2.jar:26.2-118-4b38592]
	at net.minecraft.server.dedicated.DedicatedServer.tickServer(DedicatedServer.java:469) ~[leaf-26.2.jar:26.2-118-4b38592]
	at net.minecraft.server.MinecraftServer.processPacketsAndTick(MinecraftServer.java:1781) ~[leaf-26.2.jar:26.2-118-4b38592]
	at net.minecraft.server.MinecraftServer.runServer(MinecraftServer.java:1449) ~[leaf-26.2.jar:26.2-118-4b38592]
	at net.minecraft.server.MinecraftServer.lambda$spin$0(MinecraftServer.java:303) ~[leaf-26.2.jar:26.2-118-4b38592]
	at java.base/java.lang.Thread.run(Thread.java:1474) ~[?:?]
[06:35:37 ERROR]: Ignoring setSeed on Entity.SHARED_RANDOM
java.lang.Throwable
	at net.minecraft.world.entity.Entity$RandomRandomSource.setSeed(Entity.java:193) ~[leaf-26.2.jar:26.2-118-4b38592]
	at benchmark.jar//dev.escos.verify.BenchPlugin.setup(BenchPlugin.java:117) ~[?:?]
	at benchmark.jar//dev.escos.verify.BenchPlugin.lambda$onEnable$0(BenchPlugin.java:63) ~[?:?]
	at org.bukkit.craftbukkit.scheduler.CraftTask.run(CraftTask.java:78) ~[leaf-26.2.jar:26.2-118-4b38592]
	at org.bukkit.craftbukkit.scheduler.CraftScheduler.mainThreadHeartbeat(CraftScheduler.java:474) ~[leaf-26.2.jar:26.2-118-4b38592]
	at net.minecraft.server.MinecraftServer.tickChildren(MinecraftServer.java:1892) ~[leaf-26.2.jar:26.2-118-4b38592]
	at net.minecraft.server.MinecraftServer.tickServer(MinecraftServer.java:1722) ~[leaf-26.2.jar:26.2-118-4b38592]
	at net.minecraft.server.dedicated.DedicatedServer.tickServer(DedicatedServer.java:469) ~[leaf-26.2.jar:26.2-118-4b38592]
	at net.minecraft.server.MinecraftServer.processPacketsAndTick(MinecraftServer.java:1781) ~[leaf-26.2.jar:26.2-118-4b38592]
	at net.minecraft.server.MinecraftServer.runServer(MinecraftServer.java:1449) ~[leaf-26.2.jar:26.2-118-4b38592]
	at net.minecraft.server.MinecraftServer.lambda$spin$0(MinecraftServer.java:303) ~[leaf-26.2.jar:26.2-118-4b38592]
	at java.base/java.lang.Thread.run(Thread.java:1474) ~[?:?]
[06:35:37 ERROR]: Ignoring setSeed on Entity.SHARED_RANDOM
java.lang.Throwable
	at net.minecraft.world.entity.Entity$RandomRandomSource.setSeed(Entity.java:193) ~[leaf-26.2.jar:26.2-118-4b38592]
	at benchmark.jar//dev.escos.verify.BenchPlugin.setup(BenchPlugin.java:117) ~[?:?]
	at benchmark.jar//dev.escos.verify.BenchPlugin.lambda$onEnable$0(BenchPlugin.java:63) ~[?:?]
	at org.bukkit.craftbukkit.scheduler.CraftTask.run(CraftTask.java:78) ~[leaf-26.2.jar:26.2-118-4b38592]
	at org.bukkit.craftbukkit.scheduler.CraftScheduler.mainThreadHeartbeat(CraftScheduler.java:474) ~[leaf-26.2.jar:26.2-118-4b38592]
	at net.minecraft.server.MinecraftServer.tickChildren(MinecraftServer.java:1892) ~[leaf-26.2.jar:26.2-118-4b38592]
	at net.minecraft.server.MinecraftServer.tickServer(MinecraftServer.java:1722) ~[leaf-26.2.jar:26.2-118-4b38592]
	at net.minecraft.server.dedicated.DedicatedServer.tickServer(DedicatedServer.java:469) ~[leaf-26.2.jar:26.2-118-4b38592]
	at net.minecraft.server.MinecraftServer.processPacketsAndTick(MinecraftServer.java:1781) ~[leaf-26.2.jar:26.2-118-4b38592]
	at net.minecraft.server.MinecraftServer.runServer(MinecraftServer.java:1449) ~[leaf-26.2.jar:26.2-118-4b38592]
	at net.minecraft.server.MinecraftServer.lambda$spin$0(MinecraftServer.java:303) ~[leaf-26.2.jar:26.2-118-4b38592]
	at java.base/java.lang.Thread.run(Thread.java:1474) ~[?:?]
[06:35:37 ERROR]: Ignoring setSeed on Entity.SHARED_RANDOM
java.lang.Throwable
	at net.minecraft.world.entity.Entity$RandomRandomSource.setSeed(Entity.java:193) ~[leaf-26.2.jar:26.2-118-4b38592]
	at benchmark.jar//dev.escos.verify.BenchPlugin.setup(BenchPlugin.java:117) ~[?:?]
	at benchmark.jar//dev.escos.verify.BenchPlugin.lambda$onEnable$0(BenchPlugin.java:63) ~[?:?]
	at org.bukkit.craftbukkit.scheduler.CraftTask.run(CraftTask.java:78) ~[leaf-26.2.jar:26.2-118-4b38592]
	at org.bukkit.craftbukkit.scheduler.CraftScheduler.mainThreadHeartbeat(CraftScheduler.java:474) ~[leaf-26.2.jar:26.2-118-4b38592]
	at net.minecraft.server.MinecraftServer.tickChildren(MinecraftServer.java:1892) ~[leaf-26.2.jar:26.2-118-4b38592]
	at net.minecraft.server.MinecraftServer.tickServer(MinecraftServer.java:1722) ~[leaf-26.2.jar:26.2-118-4b38592]
	at net.minecraft.server.dedicated.DedicatedServer.tickServer(DedicatedServer.java:469) ~[leaf-26.2.jar:26.2-118-4b38592]
	at net.minecraft.server.MinecraftServer.processPacketsAndTick(MinecraftServer.java:1781) ~[leaf-26.2.jar:26.2-118-4b38592]
	at net.minecraft.server.MinecraftServer.runServer(MinecraftServer.java:1449) ~[leaf-26.2.jar:26.2-118-4b38592]
	at net.minecraft.server.MinecraftServer.lambda$spin$0(MinecraftServer.java:303) ~[leaf-26.2.jar:26.2-118-4b38592]
	at java.base/java.lang.Thread.run(Thread.java:1474) ~[?:?]
[06:35:37 ERROR]: Ignoring setSeed on Entity.SHARED_RANDOM
java.lang.Throwable
	at net.minecraft.world.entity.Entity$RandomRandomSource.setSeed(Entity.java:193) ~[leaf-26.2.jar:26.2-118-4b38592]
	at benchmark.jar//dev.escos.verify.BenchPlugin.setup(BenchPlugin.java:117) ~[?:?]
	at benchmark.jar//dev.escos.verify.BenchPlugin.lambda$onEnable$0(BenchPlugin.java:63) ~[?:?]
	at org.bukkit.craftbukkit.scheduler.CraftTask.run(CraftTask.java:78) ~[leaf-26.2.jar:26.2-118-4b38592]
	at org.bukkit.craftbukkit.scheduler.CraftScheduler.mainThreadHeartbeat(CraftScheduler.java:474) ~[leaf-26.2.jar:26.2-118-4b38592]
	at net.minecraft.server.MinecraftServer.tickChildren(MinecraftServer.java:1892) ~[leaf-26.2.jar:26.2-118-4b38592]
	at net.minecraft.server.MinecraftServer.tickServer(MinecraftServer.java:1722) ~[leaf-26.2.jar:26.2-118-4b38592]
	at net.minecraft.server.dedicated.DedicatedServer.tickServer(DedicatedServer.java:469) ~[leaf-26.2.jar:26.2-118-4b38592]
	at net.minecraft.server.MinecraftServer.processPacketsAndTick(MinecraftServer.java:1781) ~[leaf-26.2.jar:26.2-118-4b38592]
	at net.minecraft.server.MinecraftServer.runServer(MinecraftServer.java:1449) ~[leaf-26.2.jar:26.2-118-4b38592]
	at net.minecraft.server.MinecraftServer.lambda$spin$0(MinecraftServer.java:303) ~[leaf-26.2.jar:26.2-118-4b38592]
	at java.base/java.lang.Thread.run(Thread.java:1474) ~[?:?]
[06:35:37 ERROR]: Ignoring setSeed on Entity.SHARED_RANDOM
java.lang.Throwable
	at net.minecraft.world.entity.Entity$RandomRandomSource.setSeed(Entity.java:193) ~[leaf-26.2.jar:26.2-118-4b38592]
	at benchmark.jar//dev.escos.verify.BenchPlugin.setup(BenchPlugin.java:117) ~[?:?]
	at benchmark.jar//dev.escos.verify.BenchPlugin.lambda$onEnable$0(BenchPlugin.java:63) ~[?:?]
	at org.bukkit.craftbukkit.scheduler.CraftTask.run(CraftTask.java:78) ~[leaf-26.2.jar:26.2-118-4b38592]
	at org.bukkit.craftbukkit.scheduler.CraftScheduler.mainThreadHeartbeat(CraftScheduler.java:474) ~[leaf-26.2.jar:26.2-118-4b38592]
	at net.minecraft.server.MinecraftServer.tickChildren(MinecraftServer.java:1892) ~[leaf-26.2.jar:26.2-118-4b38592]
	at net.minecraft.server.MinecraftServer.tickServer(MinecraftServer.java:1722) ~[leaf-26.2.jar:26.2-118-4b38592]
	at net.minecraft.server.dedicated.DedicatedServer.tickServer(DedicatedServer.java:469) ~[leaf-26.2.jar:26.2-118-4b38592]
	at net.minecraft.server.MinecraftServer.processPacketsAndTick(MinecraftServer.java:1781) ~[leaf-26.2.jar:26.2-118-4b38592]
	at net.minecraft.server.MinecraftServer.runServer(MinecraftServer.java:1449) ~[leaf-26.2.jar:26.2-118-4b38592]
	at net.minecraft.server.MinecraftServer.lambda$spin$0(MinecraftServer.java:303) ~[leaf-26.2.jar:26.2-118-4b38592]
	at java.base/java.lang.Thread.run(Thread.java:1474) ~[?:?]
[06:35:37 ERROR]: Ignoring setSeed on Entity.SHARED_RANDOM
java.lang.Throwable
	at net.minecraft.world.entity.Entity$RandomRandomSource.setSeed(Entity.java:193) ~[leaf-26.2.jar:26.2-118-4b38592]
	at benchmark.jar//dev.escos.verify.BenchPlugin.setup(BenchPlugin.java:117) ~[?:?]
	at benchmark.jar//dev.escos.verify.BenchPlugin.lambda$onEnable$0(BenchPlugin.java:63) ~[?:?]
	at org.bukkit.craftbukkit.scheduler.CraftTask.run(CraftTask.java:78) ~[leaf-26.2.jar:26.2-118-4b38592]
	at org.bukkit.craftbukkit.scheduler.CraftScheduler.mainThreadHeartbeat(CraftScheduler.java:474) ~[leaf-26.2.jar:26.2-118-4b38592]
	at net.minecraft.server.MinecraftServer.tickChildren(MinecraftServer.java:1892) ~[leaf-26.2.jar:26.2-118-4b38592]
	at net.minecraft.server.MinecraftServer.tickServer(MinecraftServer.java:1722) ~[leaf-26.2.jar:26.2-118-4b38592]
	at net.minecraft.server.dedicated.DedicatedServer.tickServer(DedicatedServer.java:469) ~[leaf-26.2.jar:26.2-118-4b38592]
	at net.minecraft.server.MinecraftServer.processPacketsAndTick(MinecraftServer.java:1781) ~[leaf-26.2.jar:26.2-118-4b38592]
	at net.minecraft.server.MinecraftServer.runServer(MinecraftServer.java:1449) ~[leaf-26.2.jar:26.2-118-4b38592]
	at net.minecraft.server.MinecraftServer.lambda$spin$0(MinecraftServer.java:303) ~[leaf-26.2.jar:26.2-118-4b38592]
	at java.base/java.lang.Thread.run(Thread.java:1474) ~[?:?]
[06:35:37 ERROR]: Ignoring setSeed on Entity.SHARED_RANDOM
java.lang.Throwable
	at net.minecraft.world.entity.Entity$RandomRandomSource.setSeed(Entity.java:193) ~[leaf-26.2.jar:26.2-118-4b38592]
	at benchmark.jar//dev.escos.verify.BenchPlugin.setup(BenchPlugin.java:117) ~[?:?]
	at benchmark.jar//dev.escos.verify.BenchPlugin.lambda$onEnable$0(BenchPlugin.java:63) ~[?:?]
	at org.bukkit.craftbukkit.scheduler.CraftTask.run(CraftTask.java:78) ~[leaf-26.2.jar:26.2-118-4b38592]
	at org.bukkit.craftbukkit.scheduler.CraftScheduler.mainThreadHeartbeat(CraftScheduler.java:474) ~[leaf-26.2.jar:26.2-118-4b38592]
	at net.minecraft.server.MinecraftServer.tickChildren(MinecraftServer.java:1892) ~[leaf-26.2.jar:26.2-118-4b38592]
	at net.minecraft.server.MinecraftServer.tickServer(MinecraftServer.java:1722) ~[leaf-26.2.jar:26.2-118-4b38592]
	at net.minecraft.server.dedicated.DedicatedServer.tickServer(DedicatedServer.java:469) ~[leaf-26.2.jar:26.2-118-4b38592]
	at net.minecraft.server.MinecraftServer.processPacketsAndTick(MinecraftServer.java:1781) ~[leaf-26.2.jar:26.2-118-4b38592]
	at net.minecraft.server.MinecraftServer.runServer(MinecraftServer.java:1449) ~[leaf-26.2.jar:26.2-118-4b38592]
	at net.minecraft.server.MinecraftServer.lambda$spin$0(MinecraftServer.java:303) ~[leaf-26.2.jar:26.2-118-4b38592]
	at java.base/java.lang.Thread.run(Thread.java:1474) ~[?:?]
[06:35:37 ERROR]: Ignoring setSeed on Entity.SHARED_RANDOM
java.lang.Throwable
	at net.minecraft.world.entity.Entity$RandomRandomSource.setSeed(Entity.java:193) ~[leaf-26.2.jar:26.2-118-4b38592]
	at benchmark.jar//dev.escos.verify.BenchPlugin.setup(BenchPlugin.java:117) ~[?:?]
	at benchmark.jar//dev.escos.verify.BenchPlugin.lambda$onEnable$0(BenchPlugin.java:63) ~[?:?]
	at org.bukkit.craftbukkit.scheduler.CraftTask.run(CraftTask.java:78) ~[leaf-26.2.jar:26.2-118-4b38592]
	at org.bukkit.craftbukkit.scheduler.CraftScheduler.mainThreadHeartbeat(CraftScheduler.java:474) ~[leaf-26.2.jar:26.2-118-4b38592]
	at net.minecraft.server.MinecraftServer.tickChildren(MinecraftServer.java:1892) ~[leaf-26.2.jar:26.2-118-4b38592]
	at net.minecraft.server.MinecraftServer.tickServer(MinecraftServer.java:1722) ~[leaf-26.2.jar:26.2-118-4b38592]
	at net.minecraft.server.dedicated.DedicatedServer.tickServer(DedicatedServer.java:469) ~[leaf-26.2.jar:26.2-118-4b38592]
	at net.minecraft.server.MinecraftServer.processPacketsAndTick(MinecraftServer.java:1781) ~[leaf-26.2.jar:26.2-118-4b38592]
	at net.minecraft.server.MinecraftServer.runServer(MinecraftServer.java:1449) ~[leaf-26.2.jar:26.2-118-4b38592]
	at net.minecraft.server.MinecraftServer.lambda$spin$0(MinecraftServer.java:303) ~[leaf-26.2.jar:26.2-118-4b38592]
	at java.base/java.lang.Thread.run(Thread.java:1474) ~[?:?]
[06:35:37 ERROR]: Ignoring setSeed on Entity.SHARED_RANDOM
java.lang.Throwable
	at net.minecraft.world.entity.Entity$RandomRandomSource.setSeed(Entity.java:193) ~[leaf-26.2.jar:26.2-118-4b38592]
	at benchmark.jar//dev.escos.verify.BenchPlugin.setup(BenchPlugin.java:117) ~[?:?]
	at benchmark.jar//dev.escos.verify.BenchPlugin.lambda$onEnable$0(BenchPlugin.java:63) ~[?:?]
	at org.bukkit.craftbukkit.scheduler.CraftTask.run(CraftTask.java:78) ~[leaf-26.2.jar:26.2-118-4b38592]
	at org.bukkit.craftbukkit.scheduler.CraftScheduler.mainThreadHeartbeat(CraftScheduler.java:474) ~[leaf-26.2.jar:26.2-118-4b38592]
	at net.minecraft.server.MinecraftServer.tickChildren(MinecraftServer.java:1892) ~[leaf-26.2.jar:26.2-118-4b38592]
	at net.minecraft.server.MinecraftServer.tickServer(MinecraftServer.java:1722) ~[leaf-26.2.jar:26.2-118-4b38592]
	at net.minecraft.server.dedicated.DedicatedServer.tickServer(DedicatedServer.java:469) ~[leaf-26.2.jar:26.2-118-4b38592]
	at net.minecraft.server.MinecraftServer.processPacketsAndTick(MinecraftServer.java:1781) ~[leaf-26.2.jar:26.2-118-4b38592]
	at net.minecraft.server.MinecraftServer.runServer(MinecraftServer.java:1449) ~[leaf-26.2.jar:26.2-118-4b38592]
	at net.minecraft.server.MinecraftServer.lambda$spin$0(MinecraftServer.java:303) ~[leaf-26.2.jar:26.2-118-4b38592]
	at java.base/java.lang.Thread.run(Thread.java:1474) ~[?:?]
[06:35:37 ERROR]: Ignoring setSeed on Entity.SHARED_RANDOM
java.lang.Throwable
	at net.minecraft.world.entity.Entity$RandomRandomSource.setSeed(Entity.java:193) ~[leaf-26.2.jar:26.2-118-4b38592]
	at benchmark.jar//dev.escos.verify.BenchPlugin.setup(BenchPlugin.java:117) ~[?:?]
	at benchmark.jar//dev.escos.verify.BenchPlugin.lambda$onEnable$0(BenchPlugin.java:63) ~[?:?]
	at org.bukkit.craftbukkit.scheduler.CraftTask.run(CraftTask.java:78) ~[leaf-26.2.jar:26.2-118-4b38592]
	at org.bukkit.craftbukkit.scheduler.CraftScheduler.mainThreadHeartbeat(CraftScheduler.java:474) ~[leaf-26.2.jar:26.2-118-4b38592]
	at net.minecraft.server.MinecraftServer.tickChildren(MinecraftServer.java:1892) ~[leaf-26.2.jar:26.2-118-4b38592]
	at net.minecraft.server.MinecraftServer.tickServer(MinecraftServer.java:1722) ~[leaf-26.2.jar:26.2-118-4b38592]
	at net.minecraft.server.dedicated.DedicatedServer.tickServer(DedicatedServer.java:469) ~[leaf-26.2.jar:26.2-118-4b38592]
	at net.minecraft.server.MinecraftServer.processPacketsAndTick(MinecraftServer.java:1781) ~[leaf-26.2.jar:26.2-118-4b38592]
	at net.minecraft.server.MinecraftServer.runServer(MinecraftServer.java:1449) ~[leaf-26.2.jar:26.2-118-4b38592]
	at net.minecraft.server.MinecraftServer.lambda$spin$0(MinecraftServer.java:303) ~[leaf-26.2.jar:26.2-118-4b38592]
	at java.base/java.lang.Thread.run(Thread.java:1474) ~[?:?]
[06:35:37 ERROR]: Ignoring setSeed on Entity.SHARED_RANDOM
java.lang.Throwable
	at net.minecraft.world.entity.Entity$RandomRandomSource.setSeed(Entity.java:193) ~[leaf-26.2.jar:26.2-118-4b38592]
	at benchmark.jar//dev.escos.verify.BenchPlugin.setup(BenchPlugin.java:117) ~[?:?]
	at benchmark.jar//dev.escos.verify.BenchPlugin.lambda$onEnable$0(BenchPlugin.java:63) ~[?:?]
	at org.bukkit.craftbukkit.scheduler.CraftTask.run(CraftTask.java:78) ~[leaf-26.2.jar:26.2-118-4b38592]
	at org.bukkit.craftbukkit.scheduler.CraftScheduler.mainThreadHeartbeat(CraftScheduler.java:474) ~[leaf-26.2.jar:26.2-118-4b38592]
	at net.minecraft.server.MinecraftServer.tickChildren(MinecraftServer.java:1892) ~[leaf-26.2.jar:26.2-118-4b38592]
	at net.minecraft.server.MinecraftServer.tickServer(MinecraftServer.java:1722) ~[leaf-26.2.jar:26.2-118-4b38592]
	at net.minecraft.server.dedicated.DedicatedServer.tickServer(DedicatedServer.java:469) ~[leaf-26.2.jar:26.2-118-4b38592]
	at net.minecraft.server.MinecraftServer.processPacketsAndTick(MinecraftServer.java:1781) ~[leaf-26.2.jar:26.2-118-4b38592]
	at net.minecraft.server.MinecraftServer.runServer(MinecraftServer.java:1449) ~[leaf-26.2.jar:26.2-118-4b38592]
	at net.minecraft.server.MinecraftServer.lambda$spin$0(MinecraftServer.java:303) ~[leaf-26.2.jar:26.2-118-4b38592]
	at java.base/java.lang.Thread.run(Thread.java:1474) ~[?:?]
[06:35:37 ERROR]: Ignoring setSeed on Entity.SHARED_RANDOM
java.lang.Throwable
	at net.minecraft.world.entity.Entity$RandomRandomSource.setSeed(Entity.java:193) ~[leaf-26.2.jar:26.2-118-4b38592]
	at benchmark.jar//dev.escos.verify.BenchPlugin.setup(BenchPlugin.java:117) ~[?:?]
	at benchmark.jar//dev.escos.verify.BenchPlugin.lambda$onEnable$0(BenchPlugin.java:63) ~[?:?]
	at org.bukkit.craftbukkit.scheduler.CraftTask.run(CraftTask.java:78) ~[leaf-26.2.jar:26.2-118-4b38592]
	at org.bukkit.craftbukkit.scheduler.CraftScheduler.mainThreadHeartbeat(CraftScheduler.java:474) ~[leaf-26.2.jar:26.2-118-4b38592]
	at net.minecraft.server.MinecraftServer.tickChildren(MinecraftServer.java:1892) ~[leaf-26.2.jar:26.2-118-4b38592]
	at net.minecraft.server.MinecraftServer.tickServer(MinecraftServer.java:1722) ~[leaf-26.2.jar:26.2-118-4b38592]
	at net.minecraft.server.dedicated.DedicatedServer.tickServer(DedicatedServer.java:469) ~[leaf-26.2.jar:26.2-118-4b38592]
	at net.minecraft.server.MinecraftServer.processPacketsAndTick(MinecraftServer.java:1781) ~[leaf-26.2.jar:26.2-118-4b38592]
	at net.minecraft.server.MinecraftServer.runServer(MinecraftServer.java:1449) ~[leaf-26.2.jar:26.2-118-4b38592]
	at net.minecraft.server.MinecraftServer.lambda$spin$0(MinecraftServer.java:303) ~[leaf-26.2.jar:26.2-118-4b38592]
	at java.base/java.lang.Thread.run(Thread.java:1474) ~[?:?]
[06:35:37 ERROR]: Ignoring setSeed on Entity.SHARED_RANDOM
java.lang.Throwable
	at net.minecraft.world.entity.Entity$RandomRandomSource.setSeed(Entity.java:193) ~[leaf-26.2.jar:26.2-118-4b38592]
	at benchmark.jar//dev.escos.verify.BenchPlugin.setup(BenchPlugin.java:117) ~[?:?]
	at benchmark.jar//dev.escos.verify.BenchPlugin.lambda$onEnable$0(BenchPlugin.java:63) ~[?:?]
	at org.bukkit.craftbukkit.scheduler.CraftTask.run(CraftTask.java:78) ~[leaf-26.2.jar:26.2-118-4b38592]
	at org.bukkit.craftbukkit.scheduler.CraftScheduler.mainThreadHeartbeat(CraftScheduler.java:474) ~[leaf-26.2.jar:26.2-118-4b38592]
	at net.minecraft.server.MinecraftServer.tickChildren(MinecraftServer.java:1892) ~[leaf-26.2.jar:26.2-118-4b38592]
	at net.minecraft.server.MinecraftServer.tickServer(MinecraftServer.java:1722) ~[leaf-26.2.jar:26.2-118-4b38592]
	at net.minecraft.server.dedicated.DedicatedServer.tickServer(DedicatedServer.java:469) ~[leaf-26.2.jar:26.2-118-4b38592]
	at net.minecraft.server.MinecraftServer.processPacketsAndTick(MinecraftServer.java:1781) ~[leaf-26.2.jar:26.2-118-4b38592]
	at net.minecraft.server.MinecraftServer.runServer(MinecraftServer.java:1449) ~[leaf-26.2.jar:26.2-118-4b38592]
	at net.minecraft.server.MinecraftServer.lambda$spin$0(MinecraftServer.java:303) ~[leaf-26.2.jar:26.2-118-4b38592]
	at java.base/java.lang.Thread.run(Thread.java:1474) ~[?:?]
[06:35:37 ERROR]: Ignoring setSeed on Entity.SHARED_RANDOM
java.lang.Throwable
	at net.minecraft.world.entity.Entity$RandomRandomSource.setSeed(Entity.java:193) ~[leaf-26.2.jar:26.2-118-4b38592]
	at benchmark.jar//dev.escos.verify.BenchPlugin.setup(BenchPlugin.java:117) ~[?:?]
	at benchmark.jar//dev.escos.verify.BenchPlugin.lambda$onEnable$0(BenchPlugin.java:63) ~[?:?]
	at org.bukkit.craftbukkit.scheduler.CraftTask.run(CraftTask.java:78) ~[leaf-26.2.jar:26.2-118-4b38592]
	at org.bukkit.craftbukkit.scheduler.CraftScheduler.mainThreadHeartbeat(CraftScheduler.java:474) ~[leaf-26.2.jar:26.2-118-4b38592]
	at net.minecraft.server.MinecraftServer.tickChildren(MinecraftServer.java:1892) ~[leaf-26.2.jar:26.2-118-4b38592]
	at net.minecraft.server.MinecraftServer.tickServer(MinecraftServer.java:1722) ~[leaf-26.2.jar:26.2-118-4b38592]
	at net.minecraft.server.dedicated.DedicatedServer.tickServer(DedicatedServer.java:469) ~[leaf-26.2.jar:26.2-118-4b38592]
	at net.minecraft.server.MinecraftServer.processPacketsAndTick(MinecraftServer.java:1781) ~[leaf-26.2.jar:26.2-118-4b38592]
	at net.minecraft.server.MinecraftServer.runServer(MinecraftServer.java:1449) ~[leaf-26.2.jar:26.2-118-4b38592]
	at net.minecraft.server.MinecraftServer.lambda$spin$0(MinecraftServer.java:303) ~[leaf-26.2.jar:26.2-118-4b38592]
	at java.base/java.lang.Thread.run(Thread.java:1474) ~[?:?]
[06:35:37 ERROR]: Ignoring setSeed on Entity.SHARED_RANDOM
java.lang.Throwable
	at net.minecraft.world.entity.Entity$RandomRandomSource.setSeed(Entity.java:193) ~[leaf-26.2.jar:26.2-118-4b38592]
	at benchmark.jar//dev.escos.verify.BenchPlugin.setup(BenchPlugin.java:117) ~[?:?]
	at benchmark.jar//dev.escos.verify.BenchPlugin.lambda$onEnable$0(BenchPlugin.java:63) ~[?:?]
	at org.bukkit.craftbukkit.scheduler.CraftTask.run(CraftTask.java:78) ~[leaf-26.2.jar:26.2-118-4b38592]
	at org.bukkit.craftbukkit.scheduler.CraftScheduler.mainThreadHeartbeat(CraftScheduler.java:474) ~[leaf-26.2.jar:26.2-118-4b38592]
	at net.minecraft.server.MinecraftServer.tickChildren(MinecraftServer.java:1892) ~[leaf-26.2.jar:26.2-118-4b38592]
	at net.minecraft.server.MinecraftServer.tickServer(MinecraftServer.java:1722) ~[leaf-26.2.jar:26.2-118-4b38592]
	at net.minecraft.server.dedicated.DedicatedServer.tickServer(DedicatedServer.java:469) ~[leaf-26.2.jar:26.2-118-4b38592]
	at net.minecraft.server.MinecraftServer.processPacketsAndTick(MinecraftServer.java:1781) ~[leaf-26.2.jar:26.2-118-4b38592]
	at net.minecraft.server.MinecraftServer.runServer(MinecraftServer.java:1449) ~[leaf-26.2.jar:26.2-118-4b38592]
	at net.minecraft.server.MinecraftServer.lambda$spin$0(MinecraftServer.java:303) ~[leaf-26.2.jar:26.2-118-4b38592]
	at java.base/java.lang.Thread.run(Thread.java:1474) ~[?:?]
[06:35:37 ERROR]: Ignoring setSeed on Entity.SHARED_RANDOM
java.lang.Throwable
	at net.minecraft.world.entity.Entity$RandomRandomSource.setSeed(Entity.java:193) ~[leaf-26.2.jar:26.2-118-4b38592]
	at benchmark.jar//dev.escos.verify.BenchPlugin.setup(BenchPlugin.java:117) ~[?:?]
	at benchmark.jar//dev.escos.verify.BenchPlugin.lambda$onEnable$0(BenchPlugin.java:63) ~[?:?]
	at org.bukkit.craftbukkit.scheduler.CraftTask.run(CraftTask.java:78) ~[leaf-26.2.jar:26.2-118-4b38592]
	at org.bukkit.craftbukkit.scheduler.CraftScheduler.mainThreadHeartbeat(CraftScheduler.java:474) ~[leaf-26.2.jar:26.2-118-4b38592]
	at net.minecraft.server.MinecraftServer.tickChildren(MinecraftServer.java:1892) ~[leaf-26.2.jar:26.2-118-4b38592]
	at net.minecraft.server.MinecraftServer.tickServer(MinecraftServer.java:1722) ~[leaf-26.2.jar:26.2-118-4b38592]
	at net.minecraft.server.dedicated.DedicatedServer.tickServer(DedicatedServer.java:469) ~[leaf-26.2.jar:26.2-118-4b38592]
	at net.minecraft.server.MinecraftServer.processPacketsAndTick(MinecraftServer.java:1781) ~[leaf-26.2.jar:26.2-118-4b38592]
	at net.minecraft.server.MinecraftServer.runServer(MinecraftServer.java:1449) ~[leaf-26.2.jar:26.2-118-4b38592]
	at net.minecraft.server.MinecraftServer.lambda$spin$0(MinecraftServer.java:303) ~[leaf-26.2.jar:26.2-118-4b38592]
	at java.base/java.lang.Thread.run(Thread.java:1474) ~[?:?]
[06:35:37 ERROR]: Ignoring setSeed on Entity.SHARED_RANDOM
java.lang.Throwable
	at net.minecraft.world.entity.Entity$RandomRandomSource.setSeed(Entity.java:193) ~[leaf-26.2.jar:26.2-118-4b38592]
	at benchmark.jar//dev.escos.verify.BenchPlugin.setup(BenchPlugin.java:117) ~[?:?]
	at benchmark.jar//dev.escos.verify.BenchPlugin.lambda$onEnable$0(BenchPlugin.java:63) ~[?:?]
	at org.bukkit.craftbukkit.scheduler.CraftTask.run(CraftTask.java:78) ~[leaf-26.2.jar:26.2-118-4b38592]
	at org.bukkit.craftbukkit.scheduler.CraftScheduler.mainThreadHeartbeat(CraftScheduler.java:474) ~[leaf-26.2.jar:26.2-118-4b38592]
	at net.minecraft.server.MinecraftServer.tickChildren(MinecraftServer.java:1892) ~[leaf-26.2.jar:26.2-118-4b38592]
	at net.minecraft.server.MinecraftServer.tickServer(MinecraftServer.java:1722) ~[leaf-26.2.jar:26.2-118-4b38592]
	at net.minecraft.server.dedicated.DedicatedServer.tickServer(DedicatedServer.java:469) ~[leaf-26.2.jar:26.2-118-4b38592]
	at net.minecraft.server.MinecraftServer.processPacketsAndTick(MinecraftServer.java:1781) ~[leaf-26.2.jar:26.2-118-4b38592]
	at net.minecraft.server.MinecraftServer.runServer(MinecraftServer.java:1449) ~[leaf-26.2.jar:26.2-118-4b38592]
	at net.minecraft.server.MinecraftServer.lambda$spin$0(MinecraftServer.java:303) ~[leaf-26.2.jar:26.2-118-4b38592]
	at java.base/java.lang.Thread.run(Thread.java:1474) ~[?:?]
[06:35:37 ERROR]: Ignoring setSeed on Entity.SHARED_RANDOM
java.lang.Throwable
	at net.minecraft.world.entity.Entity$RandomRandomSource.setSeed(Entity.java:193) ~[leaf-26.2.jar:26.2-118-4b38592]
	at benchmark.jar//dev.escos.verify.BenchPlugin.setup(BenchPlugin.java:117) ~[?:?]
	at benchmark.jar//dev.escos.verify.BenchPlugin.lambda$onEnable$0(BenchPlugin.java:63) ~[?:?]
	at org.bukkit.craftbukkit.scheduler.CraftTask.run(CraftTask.java:78) ~[leaf-26.2.jar:26.2-118-4b38592]
	at org.bukkit.craftbukkit.scheduler.CraftScheduler.mainThreadHeartbeat(CraftScheduler.java:474) ~[leaf-26.2.jar:26.2-118-4b38592]
	at net.minecraft.server.MinecraftServer.tickChildren(MinecraftServer.java:1892) ~[leaf-26.2.jar:26.2-118-4b38592]
	at net.minecraft.server.MinecraftServer.tickServer(MinecraftServer.java:1722) ~[leaf-26.2.jar:26.2-118-4b38592]
	at net.minecraft.server.dedicated.DedicatedServer.tickServer(DedicatedServer.java:469) ~[leaf-26.2.jar:26.2-118-4b38592]
	at net.minecraft.server.MinecraftServer.processPacketsAndTick(MinecraftServer.java:1781) ~[leaf-26.2.jar:26.2-118-4b38592]
	at net.minecraft.server.MinecraftServer.runServer(MinecraftServer.java:1449) ~[leaf-26.2.jar:26.2-118-4b38592]
	at net.minecraft.server.MinecraftServer.lambda$spin$0(MinecraftServer.java:303) ~[leaf-26.2.jar:26.2-118-4b38592]
	at java.base/java.lang.Thread.run(Thread.java:1474) ~[?:?]
[06:35:37 ERROR]: Ignoring setSeed on Entity.SHARED_RANDOM
java.lang.Throwable
	at net.minecraft.world.entity.Entity$RandomRandomSource.setSeed(Entity.java:193) ~[leaf-26.2.jar:26.2-118-4b38592]
	at benchmark.jar//dev.escos.verify.BenchPlugin.setup(BenchPlugin.java:117) ~[?:?]
	at benchmark.jar//dev.escos.verify.BenchPlugin.lambda$onEnable$0(BenchPlugin.java:63) ~[?:?]
	at org.bukkit.craftbukkit.scheduler.CraftTask.run(CraftTask.java:78) ~[leaf-26.2.jar:26.2-118-4b38592]
	at org.bukkit.craftbukkit.scheduler.CraftScheduler.mainThreadHeartbeat(CraftScheduler.java:474) ~[leaf-26.2.jar:26.2-118-4b38592]
	at net.minecraft.server.MinecraftServer.tickChildren(MinecraftServer.java:1892) ~[leaf-26.2.jar:26.2-118-4b38592]
	at net.minecraft.server.MinecraftServer.tickServer(MinecraftServer.java:1722) ~[leaf-26.2.jar:26.2-118-4b38592]
	at net.minecraft.server.dedicated.DedicatedServer.tickServer(DedicatedServer.java:469) ~[leaf-26.2.jar:26.2-118-4b38592]
	at net.minecraft.server.MinecraftServer.processPacketsAndTick(MinecraftServer.java:1781) ~[leaf-26.2.jar:26.2-118-4b38592]
	at net.minecraft.server.MinecraftServer.runServer(MinecraftServer.java:1449) ~[leaf-26.2.jar:26.2-118-4b38592]
	at net.minecraft.server.MinecraftServer.lambda$spin$0(MinecraftServer.java:303) ~[leaf-26.2.jar:26.2-118-4b38592]
	at java.base/java.lang.Thread.run(Thread.java:1474) ~[?:?]
[06:35:37 ERROR]: Ignoring setSeed on Entity.SHARED_RANDOM
java.lang.Throwable
	at net.minecraft.world.entity.Entity$RandomRandomSource.setSeed(Entity.java:193) ~[leaf-26.2.jar:26.2-118-4b38592]
	at benchmark.jar//dev.escos.verify.BenchPlugin.setup(BenchPlugin.java:117) ~[?:?]
	at benchmark.jar//dev.escos.verify.BenchPlugin.lambda$onEnable$0(BenchPlugin.java:63) ~[?:?]
	at org.bukkit.craftbukkit.scheduler.CraftTask.run(CraftTask.java:78) ~[leaf-26.2.jar:26.2-118-4b38592]
	at org.bukkit.craftbukkit.scheduler.CraftScheduler.mainThreadHeartbeat(CraftScheduler.java:474) ~[leaf-26.2.jar:26.2-118-4b38592]
	at net.minecraft.server.MinecraftServer.tickChildren(MinecraftServer.java:1892) ~[leaf-26.2.jar:26.2-118-4b38592]
	at net.minecraft.server.MinecraftServer.tickServer(MinecraftServer.java:1722) ~[leaf-26.2.jar:26.2-118-4b38592]
	at net.minecraft.server.dedicated.DedicatedServer.tickServer(DedicatedServer.java:469) ~[leaf-26.2.jar:26.2-118-4b38592]
	at net.minecraft.server.MinecraftServer.processPacketsAndTick(MinecraftServer.java:1781) ~[leaf-26.2.jar:26.2-118-4b38592]
	at net.minecraft.server.MinecraftServer.runServer(MinecraftServer.java:1449) ~[leaf-26.2.jar:26.2-118-4b38592]
	at net.minecraft.server.MinecraftServer.lambda$spin$0(MinecraftServer.java:303) ~[leaf-26.2.jar:26.2-118-4b38592]
	at java.base/java.lang.Thread.run(Thread.java:1474) ~[?:?]
[06:35:37 ERROR]: Ignoring setSeed on Entity.SHARED_RANDOM
java.lang.Throwable
	at net.minecraft.world.entity.Entity$RandomRandomSource.setSeed(Entity.java:193) ~[leaf-26.2.jar:26.2-118-4b38592]
	at benchmark.jar//dev.escos.verify.BenchPlugin.setup(BenchPlugin.java:117) ~[?:?]
	at benchmark.jar//dev.escos.verify.BenchPlugin.lambda$onEnable$0(BenchPlugin.java:63) ~[?:?]
	at org.bukkit.craftbukkit.scheduler.CraftTask.run(CraftTask.java:78) ~[leaf-26.2.jar:26.2-118-4b38592]
	at org.bukkit.craftbukkit.scheduler.CraftScheduler.mainThreadHeartbeat(CraftScheduler.java:474) ~[leaf-26.2.jar:26.2-118-4b38592]
	at net.minecraft.server.MinecraftServer.tickChildren(MinecraftServer.java:1892) ~[leaf-26.2.jar:26.2-118-4b38592]
	at net.minecraft.server.MinecraftServer.tickServer(MinecraftServer.java:1722) ~[leaf-26.2.jar:26.2-118-4b38592]
	at net.minecraft.server.dedicated.DedicatedServer.tickServer(DedicatedServer.java:469) ~[leaf-26.2.jar:26.2-118-4b38592]
	at net.minecraft.server.MinecraftServer.processPacketsAndTick(MinecraftServer.java:1781) ~[leaf-26.2.jar:26.2-118-4b38592]
	at net.minecraft.server.MinecraftServer.runServer(MinecraftServer.java:1449) ~[leaf-26.2.jar:26.2-118-4b38592]
	at net.minecraft.server.MinecraftServer.lambda$spin$0(MinecraftServer.java:303) ~[leaf-26.2.jar:26.2-118-4b38592]
	at java.base/java.lang.Thread.run(Thread.java:1474) ~[?:?]
[06:35:37 ERROR]: Ignoring setSeed on Entity.SHARED_RANDOM
java.lang.Throwable
	at net.minecraft.world.entity.Entity$RandomRandomSource.setSeed(Entity.java:193) ~[leaf-26.2.jar:26.2-118-4b38592]
	at benchmark.jar//dev.escos.verify.BenchPlugin.setup(BenchPlugin.java:117) ~[?:?]
	at benchmark.jar//dev.escos.verify.BenchPlugin.lambda$onEnable$0(BenchPlugin.java:63) ~[?:?]
	at org.bukkit.craftbukkit.scheduler.CraftTask.run(CraftTask.java:78) ~[leaf-26.2.jar:26.2-118-4b38592]
	at org.bukkit.craftbukkit.scheduler.CraftScheduler.mainThreadHeartbeat(CraftScheduler.java:474) ~[leaf-26.2.jar:26.2-118-4b38592]
	at net.minecraft.server.MinecraftServer.tickChildren(MinecraftServer.java:1892) ~[leaf-26.2.jar:26.2-118-4b38592]
	at net.minecraft.server.MinecraftServer.tickServer(MinecraftServer.java:1722) ~[leaf-26.2.jar:26.2-118-4b38592]
	at net.minecraft.server.dedicated.DedicatedServer.tickServer(DedicatedServer.java:469) ~[leaf-26.2.jar:26.2-118-4b38592]
	at net.minecraft.server.MinecraftServer.processPacketsAndTick(MinecraftServer.java:1781) ~[leaf-26.2.jar:26.2-118-4b38592]
	at net.minecraft.server.MinecraftServer.runServer(MinecraftServer.java:1449) ~[leaf-26.2.jar:26.2-118-4b38592]
	at net.minecraft.server.MinecraftServer.lambda$spin$0(MinecraftServer.java:303) ~[leaf-26.2.jar:26.2-118-4b38592]
	at java.base/java.lang.Thread.run(Thread.java:1474) ~[?:?]
[06:35:37 ERROR]: Ignoring setSeed on Entity.SHARED_RANDOM
java.lang.Throwable
	at net.minecraft.world.entity.Entity$RandomRandomSource.setSeed(Entity.java:193) ~[leaf-26.2.jar:26.2-118-4b38592]
	at benchmark.jar//dev.escos.verify.BenchPlugin.setup(BenchPlugin.java:117) ~[?:?]
	at benchmark.jar//dev.escos.verify.BenchPlugin.lambda$onEnable$0(BenchPlugin.java:63) ~[?:?]
	at org.bukkit.craftbukkit.scheduler.CraftTask.run(CraftTask.java:78) ~[leaf-26.2.jar:26.2-118-4b38592]
	at org.bukkit.craftbukkit.scheduler.CraftScheduler.mainThreadHeartbeat(CraftScheduler.java:474) ~[leaf-26.2.jar:26.2-118-4b38592]
	at net.minecraft.server.MinecraftServer.tickChildren(MinecraftServer.java:1892) ~[leaf-26.2.jar:26.2-118-4b38592]
	at net.minecraft.server.MinecraftServer.tickServer(MinecraftServer.java:1722) ~[leaf-26.2.jar:26.2-118-4b38592]
	at net.minecraft.server.dedicated.DedicatedServer.tickServer(DedicatedServer.java:469) ~[leaf-26.2.jar:26.2-118-4b38592]
	at net.minecraft.server.MinecraftServer.processPacketsAndTick(MinecraftServer.java:1781) ~[leaf-26.2.jar:26.2-118-4b38592]
	at net.minecraft.server.MinecraftServer.runServer(MinecraftServer.java:1449) ~[leaf-26.2.jar:26.2-118-4b38592]
	at net.minecraft.server.MinecraftServer.lambda$spin$0(MinecraftServer.java:303) ~[leaf-26.2.jar:26.2-118-4b38592]
	at java.base/java.lang.Thread.run(Thread.java:1474) ~[?:?]
[06:35:37 ERROR]: Ignoring setSeed on Entity.SHARED_RANDOM
java.lang.Throwable
	at net.minecraft.world.entity.Entity$RandomRandomSource.setSeed(Entity.java:193) ~[leaf-26.2.jar:26.2-118-4b38592]
	at benchmark.jar//dev.escos.verify.BenchPlugin.setup(BenchPlugin.java:117) ~[?:?]
	at benchmark.jar//dev.escos.verify.BenchPlugin.lambda$onEnable$0(BenchPlugin.java:63) ~[?:?]
	at org.bukkit.craftbukkit.scheduler.CraftTask.run(CraftTask.java:78) ~[leaf-26.2.jar:26.2-118-4b38592]
	at org.bukkit.craftbukkit.scheduler.CraftScheduler.mainThreadHeartbeat(CraftScheduler.java:474) ~[leaf-26.2.jar:26.2-118-4b38592]
	at net.minecraft.server.MinecraftServer.tickChildren(MinecraftServer.java:1892) ~[leaf-26.2.jar:26.2-118-4b38592]
	at net.minecraft.server.MinecraftServer.tickServer(MinecraftServer.java:1722) ~[leaf-26.2.jar:26.2-118-4b38592]
	at net.minecraft.server.dedicated.DedicatedServer.tickServer(DedicatedServer.java:469) ~[leaf-26.2.jar:26.2-118-4b38592]
	at net.minecraft.server.MinecraftServer.processPacketsAndTick(MinecraftServer.java:1781) ~[leaf-26.2.jar:26.2-118-4b38592]
	at net.minecraft.server.MinecraftServer.runServer(MinecraftServer.java:1449) ~[leaf-26.2.jar:26.2-118-4b38592]
	at net.minecraft.server.MinecraftServer.lambda$spin$0(MinecraftServer.java:303) ~[leaf-26.2.jar:26.2-118-4b38592]
	at java.base/java.lang.Thread.run(Thread.java:1474) ~[?:?]
[06:35:37 ERROR]: Ignoring setSeed on Entity.SHARED_RANDOM
java.lang.Throwable
	at net.minecraft.world.entity.Entity$RandomRandomSource.setSeed(Entity.java:193) ~[leaf-26.2.jar:26.2-118-4b38592]
	at benchmark.jar//dev.escos.verify.BenchPlugin.setup(BenchPlugin.java:117) ~[?:?]
	at benchmark.jar//dev.escos.verify.BenchPlugin.lambda$onEnable$0(BenchPlugin.java:63) ~[?:?]
	at org.bukkit.craftbukkit.scheduler.CraftTask.run(CraftTask.java:78) ~[leaf-26.2.jar:26.2-118-4b38592]
	at org.bukkit.craftbukkit.scheduler.CraftScheduler.mainThreadHeartbeat(CraftScheduler.java:474) ~[leaf-26.2.jar:26.2-118-4b38592]
	at net.minecraft.server.MinecraftServer.tickChildren(MinecraftServer.java:1892) ~[leaf-26.2.jar:26.2-118-4b38592]
	at net.minecraft.server.MinecraftServer.tickServer(MinecraftServer.java:1722) ~[leaf-26.2.jar:26.2-118-4b38592]
	at net.minecraft.server.dedicated.DedicatedServer.tickServer(DedicatedServer.java:469) ~[leaf-26.2.jar:26.2-118-4b38592]
	at net.minecraft.server.MinecraftServer.processPacketsAndTick(MinecraftServer.java:1781) ~[leaf-26.2.jar:26.2-118-4b38592]
	at net.minecraft.server.MinecraftServer.runServer(MinecraftServer.java:1449) ~[leaf-26.2.jar:26.2-118-4b38592]
	at net.minecraft.server.MinecraftServer.lambda$spin$0(MinecraftServer.java:303) ~[leaf-26.2.jar:26.2-118-4b38592]
	at java.base/java.lang.Thread.run(Thread.java:1474) ~[?:?]
[06:35:37 ERROR]: Ignoring setSeed on Entity.SHARED_RANDOM
java.lang.Throwable
	at net.minecraft.world.entity.Entity$RandomRandomSource.setSeed(Entity.java:193) ~[leaf-26.2.jar:26.2-118-4b38592]
	at benchmark.jar//dev.escos.verify.BenchPlugin.setup(BenchPlugin.java:117) ~[?:?]
	at benchmark.jar//dev.escos.verify.BenchPlugin.lambda$onEnable$0(BenchPlugin.java:63) ~[?:?]
	at org.bukkit.craftbukkit.scheduler.CraftTask.run(CraftTask.java:78) ~[leaf-26.2.jar:26.2-118-4b38592]
	at org.bukkit.craftbukkit.scheduler.CraftScheduler.mainThreadHeartbeat(CraftScheduler.java:474) ~[leaf-26.2.jar:26.2-118-4b38592]
	at net.minecraft.server.MinecraftServer.tickChildren(MinecraftServer.java:1892) ~[leaf-26.2.jar:26.2-118-4b38592]
	at net.minecraft.server.MinecraftServer.tickServer(MinecraftServer.java:1722) ~[leaf-26.2.jar:26.2-118-4b38592]
	at net.minecraft.server.dedicated.DedicatedServer.tickServer(DedicatedServer.java:469) ~[leaf-26.2.jar:26.2-118-4b38592]
	at net.minecraft.server.MinecraftServer.processPacketsAndTick(MinecraftServer.java:1781) ~[leaf-26.2.jar:26.2-118-4b38592]
	at net.minecraft.server.MinecraftServer.runServer(MinecraftServer.java:1449) ~[leaf-26.2.jar:26.2-118-4b38592]
	at net.minecraft.server.MinecraftServer.lambda$spin$0(MinecraftServer.java:303) ~[leaf-26.2.jar:26.2-118-4b38592]
	at java.base/java.lang.Thread.run(Thread.java:1474) ~[?:?]
[06:35:37 ERROR]: Ignoring setSeed on Entity.SHARED_RANDOM
java.lang.Throwable
	at net.minecraft.world.entity.Entity$RandomRandomSource.setSeed(Entity.java:193) ~[leaf-26.2.jar:26.2-118-4b38592]
	at benchmark.jar//dev.escos.verify.BenchPlugin.setup(BenchPlugin.java:117) ~[?:?]
	at benchmark.jar//dev.escos.verify.BenchPlugin.lambda$onEnable$0(BenchPlugin.java:63) ~[?:?]
	at org.bukkit.craftbukkit.scheduler.CraftTask.run(CraftTask.java:78) ~[leaf-26.2.jar:26.2-118-4b38592]
	at org.bukkit.craftbukkit.scheduler.CraftScheduler.mainThreadHeartbeat(CraftScheduler.java:474) ~[leaf-26.2.jar:26.2-118-4b38592]
	at net.minecraft.server.MinecraftServer.tickChildren(MinecraftServer.java:1892) ~[leaf-26.2.jar:26.2-118-4b38592]
	at net.minecraft.server.MinecraftServer.tickServer(MinecraftServer.java:1722) ~[leaf-26.2.jar:26.2-118-4b38592]
	at net.minecraft.server.dedicated.DedicatedServer.tickServer(DedicatedServer.java:469) ~[leaf-26.2.jar:26.2-118-4b38592]
	at net.minecraft.server.MinecraftServer.processPacketsAndTick(MinecraftServer.java:1781) ~[leaf-26.2.jar:26.2-118-4b38592]
	at net.minecraft.server.MinecraftServer.runServer(MinecraftServer.java:1449) ~[leaf-26.2.jar:26.2-118-4b38592]
	at net.minecraft.server.MinecraftServer.lambda$spin$0(MinecraftServer.java:303) ~[leaf-26.2.jar:26.2-118-4b38592]
	at java.base/java.lang.Thread.run(Thread.java:1474) ~[?:?]
[06:35:37 ERROR]: Ignoring setSeed on Entity.SHARED_RANDOM
java.lang.Throwable
	at net.minecraft.world.entity.Entity$RandomRandomSource.setSeed(Entity.java:193) ~[leaf-26.2.jar:26.2-118-4b38592]
	at benchmark.jar//dev.escos.verify.BenchPlugin.setup(BenchPlugin.java:117) ~[?:?]
	at benchmark.jar//dev.escos.verify.BenchPlugin.lambda$onEnable$0(BenchPlugin.java:63) ~[?:?]
	at org.bukkit.craftbukkit.scheduler.CraftTask.run(CraftTask.java:78) ~[leaf-26.2.jar:26.2-118-4b38592]
	at org.bukkit.craftbukkit.scheduler.CraftScheduler.mainThreadHeartbeat(CraftScheduler.java:474) ~[leaf-26.2.jar:26.2-118-4b38592]
	at net.minecraft.server.MinecraftServer.tickChildren(MinecraftServer.java:1892) ~[leaf-26.2.jar:26.2-118-4b38592]
	at net.minecraft.server.MinecraftServer.tickServer(MinecraftServer.java:1722) ~[leaf-26.2.jar:26.2-118-4b38592]
	at net.minecraft.server.dedicated.DedicatedServer.tickServer(DedicatedServer.java:469) ~[leaf-26.2.jar:26.2-118-4b38592]
	at net.minecraft.server.MinecraftServer.processPacketsAndTick(MinecraftServer.java:1781) ~[leaf-26.2.jar:26.2-118-4b38592]
	at net.minecraft.server.MinecraftServer.runServer(MinecraftServer.java:1449) ~[leaf-26.2.jar:26.2-118-4b38592]
	at net.minecraft.server.MinecraftServer.lambda$spin$0(MinecraftServer.java:303) ~[leaf-26.2.jar:26.2-118-4b38592]
	at java.base/java.lang.Thread.run(Thread.java:1474) ~[?:?]
[06:35:37 ERROR]: Ignoring setSeed on Entity.SHARED_RANDOM
java.lang.Throwable
	at net.minecraft.world.entity.Entity$RandomRandomSource.setSeed(Entity.java:193) ~[leaf-26.2.jar:26.2-118-4b38592]
	at benchmark.jar//dev.escos.verify.BenchPlugin.setup(BenchPlugin.java:117) ~[?:?]
	at benchmark.jar//dev.escos.verify.BenchPlugin.lambda$onEnable$0(BenchPlugin.java:63) ~[?:?]
	at org.bukkit.craftbukkit.scheduler.CraftTask.run(CraftTask.java:78) ~[leaf-26.2.jar:26.2-118-4b38592]
	at org.bukkit.craftbukkit.scheduler.CraftScheduler.mainThreadHeartbeat(CraftScheduler.java:474) ~[leaf-26.2.jar:26.2-118-4b38592]
	at net.minecraft.server.MinecraftServer.tickChildren(MinecraftServer.java:1892) ~[leaf-26.2.jar:26.2-118-4b38592]
	at net.minecraft.server.MinecraftServer.tickServer(MinecraftServer.java:1722) ~[leaf-26.2.jar:26.2-118-4b38592]
	at net.minecraft.server.dedicated.DedicatedServer.tickServer(DedicatedServer.java:469) ~[leaf-26.2.jar:26.2-118-4b38592]
	at net.minecraft.server.MinecraftServer.processPacketsAndTick(MinecraftServer.java:1781) ~[leaf-26.2.jar:26.2-118-4b38592]
	at net.minecraft.server.MinecraftServer.runServer(MinecraftServer.java:1449) ~[leaf-26.2.jar:26.2-118-4b38592]
	at net.minecraft.server.MinecraftServer.lambda$spin$0(MinecraftServer.java:303) ~[leaf-26.2.jar:26.2-118-4b38592]
	at java.base/java.lang.Thread.run(Thread.java:1474) ~[?:?]
[06:35:37 ERROR]: Ignoring setSeed on Entity.SHARED_RANDOM
java.lang.Throwable
	at net.minecraft.world.entity.Entity$RandomRandomSource.setSeed(Entity.java:193) ~[leaf-26.2.jar:26.2-118-4b38592]
	at benchmark.jar//dev.escos.verify.BenchPlugin.setup(BenchPlugin.java:117) ~[?:?]
	at benchmark.jar//dev.escos.verify.BenchPlugin.lambda$onEnable$0(BenchPlugin.java:63) ~[?:?]
	at org.bukkit.craftbukkit.scheduler.CraftTask.run(CraftTask.java:78) ~[leaf-26.2.jar:26.2-118-4b38592]
	at org.bukkit.craftbukkit.scheduler.CraftScheduler.mainThreadHeartbeat(CraftScheduler.java:474) ~[leaf-26.2.jar:26.2-118-4b38592]
	at net.minecraft.server.MinecraftServer.tickChildren(MinecraftServer.java:1892) ~[leaf-26.2.jar:26.2-118-4b38592]
	at net.minecraft.server.MinecraftServer.tickServer(MinecraftServer.java:1722) ~[leaf-26.2.jar:26.2-118-4b38592]
	at net.minecraft.server.dedicated.DedicatedServer.tickServer(DedicatedServer.java:469) ~[leaf-26.2.jar:26.2-118-4b38592]
	at net.minecraft.server.MinecraftServer.processPacketsAndTick(MinecraftServer.java:1781) ~[leaf-26.2.jar:26.2-118-4b38592]
	at net.minecraft.server.MinecraftServer.runServer(MinecraftServer.java:1449) ~[leaf-26.2.jar:26.2-118-4b38592]
	at net.minecraft.server.MinecraftServer.lambda$spin$0(MinecraftServer.java:303) ~[leaf-26.2.jar:26.2-118-4b38592]
	at java.base/java.lang.Thread.run(Thread.java:1474) ~[?:?]
[06:35:37 ERROR]: Ignoring setSeed on Entity.SHARED_RANDOM
java.lang.Throwable
	at net.minecraft.world.entity.Entity$RandomRandomSource.setSeed(Entity.java:193) ~[leaf-26.2.jar:26.2-118-4b38592]
	at benchmark.jar//dev.escos.verify.BenchPlugin.setup(BenchPlugin.java:117) ~[?:?]
	at benchmark.jar//dev.escos.verify.BenchPlugin.lambda$onEnable$0(BenchPlugin.java:63) ~[?:?]
	at org.bukkit.craftbukkit.scheduler.CraftTask.run(CraftTask.java:78) ~[leaf-26.2.jar:26.2-118-4b38592]
	at org.bukkit.craftbukkit.scheduler.CraftScheduler.mainThreadHeartbeat(CraftScheduler.java:474) ~[leaf-26.2.jar:26.2-118-4b38592]
	at net.minecraft.server.MinecraftServer.tickChildren(MinecraftServer.java:1892) ~[leaf-26.2.jar:26.2-118-4b38592]
	at net.minecraft.server.MinecraftServer.tickServer(MinecraftServer.java:1722) ~[leaf-26.2.jar:26.2-118-4b38592]
	at net.minecraft.server.dedicated.DedicatedServer.tickServer(DedicatedServer.java:469) ~[leaf-26.2.jar:26.2-118-4b38592]
	at net.minecraft.server.MinecraftServer.processPacketsAndTick(MinecraftServer.java:1781) ~[leaf-26.2.jar:26.2-118-4b38592]
	at net.minecraft.server.MinecraftServer.runServer(MinecraftServer.java:1449) ~[leaf-26.2.jar:26.2-118-4b38592]
	at net.minecraft.server.MinecraftServer.lambda$spin$0(MinecraftServer.java:303) ~[leaf-26.2.jar:26.2-118-4b38592]
	at java.base/java.lang.Thread.run(Thread.java:1474) ~[?:?]
[06:35:37 ERROR]: Ignoring setSeed on Entity.SHARED_RANDOM
java.lang.Throwable
	at net.minecraft.world.entity.Entity$RandomRandomSource.setSeed(Entity.java:193) ~[leaf-26.2.jar:26.2-118-4b38592]
	at benchmark.jar//dev.escos.verify.BenchPlugin.setup(BenchPlugin.java:117) ~[?:?]
	at benchmark.jar//dev.escos.verify.BenchPlugin.lambda$onEnable$0(BenchPlugin.java:63) ~[?:?]
	at org.bukkit.craftbukkit.scheduler.CraftTask.run(CraftTask.java:78) ~[leaf-26.2.jar:26.2-118-4b38592]
	at org.bukkit.craftbukkit.scheduler.CraftScheduler.mainThreadHeartbeat(CraftScheduler.java:474) ~[leaf-26.2.jar:26.2-118-4b38592]
	at net.minecraft.server.MinecraftServer.tickChildren(MinecraftServer.java:1892) ~[leaf-26.2.jar:26.2-118-4b38592]
	at net.minecraft.server.MinecraftServer.tickServer(MinecraftServer.java:1722) ~[leaf-26.2.jar:26.2-118-4b38592]
	at net.minecraft.server.dedicated.DedicatedServer.tickServer(DedicatedServer.java:469) ~[leaf-26.2.jar:26.2-118-4b38592]
	at net.minecraft.server.MinecraftServer.processPacketsAndTick(MinecraftServer.java:1781) ~[leaf-26.2.jar:26.2-118-4b38592]
	at net.minecraft.server.MinecraftServer.runServer(MinecraftServer.java:1449) ~[leaf-26.2.jar:26.2-118-4b38592]
	at net.minecraft.server.MinecraftServer.lambda$spin$0(MinecraftServer.java:303) ~[leaf-26.2.jar:26.2-118-4b38592]
	at java.base/java.lang.Thread.run(Thread.java:1474) ~[?:?]
[06:35:37 ERROR]: Ignoring setSeed on Entity.SHARED_RANDOM
java.lang.Throwable
	at net.minecraft.world.entity.Entity$RandomRandomSource.setSeed(Entity.java:193) ~[leaf-26.2.jar:26.2-118-4b38592]
	at benchmark.jar//dev.escos.verify.BenchPlugin.setup(BenchPlugin.java:117) ~[?:?]
	at benchmark.jar//dev.escos.verify.BenchPlugin.lambda$onEnable$0(BenchPlugin.java:63) ~[?:?]
	at org.bukkit.craftbukkit.scheduler.CraftTask.run(CraftTask.java:78) ~[leaf-26.2.jar:26.2-118-4b38592]
	at org.bukkit.craftbukkit.scheduler.CraftScheduler.mainThreadHeartbeat(CraftScheduler.java:474) ~[leaf-26.2.jar:26.2-118-4b38592]
	at net.minecraft.server.MinecraftServer.tickChildren(MinecraftServer.java:1892) ~[leaf-26.2.jar:26.2-118-4b38592]
	at net.minecraft.server.MinecraftServer.tickServer(MinecraftServer.java:1722) ~[leaf-26.2.jar:26.2-118-4b38592]
	at net.minecraft.server.dedicated.DedicatedServer.tickServer(DedicatedServer.java:469) ~[leaf-26.2.jar:26.2-118-4b38592]
	at net.minecraft.server.MinecraftServer.processPacketsAndTick(MinecraftServer.java:1781) ~[leaf-26.2.jar:26.2-118-4b38592]
	at net.minecraft.server.MinecraftServer.runServer(MinecraftServer.java:1449) ~[leaf-26.2.jar:26.2-118-4b38592]
	at net.minecraft.server.MinecraftServer.lambda$spin$0(MinecraftServer.java:303) ~[leaf-26.2.jar:26.2-118-4b38592]
	at java.base/java.lang.Thread.run(Thread.java:1474) ~[?:?]
[06:35:37 ERROR]: Ignoring setSeed on Entity.SHARED_RANDOM
java.lang.Throwable
	at net.minecraft.world.entity.Entity$RandomRandomSource.setSeed(Entity.java:193) ~[leaf-26.2.jar:26.2-118-4b38592]
	at benchmark.jar//dev.escos.verify.BenchPlugin.setup(BenchPlugin.java:117) ~[?:?]
	at benchmark.jar//dev.escos.verify.BenchPlugin.lambda$onEnable$0(BenchPlugin.java:63) ~[?:?]
	at org.bukkit.craftbukkit.scheduler.CraftTask.run(CraftTask.java:78) ~[leaf-26.2.jar:26.2-118-4b38592]
	at org.bukkit.craftbukkit.scheduler.CraftScheduler.mainThreadHeartbeat(CraftScheduler.java:474) ~[leaf-26.2.jar:26.2-118-4b38592]
	at net.minecraft.server.MinecraftServer.tickChildren(MinecraftServer.java:1892) ~[leaf-26.2.jar:26.2-118-4b38592]
	at net.minecraft.server.MinecraftServer.tickServer(MinecraftServer.java:1722) ~[leaf-26.2.jar:26.2-118-4b38592]
	at net.minecraft.server.dedicated.DedicatedServer.tickServer(DedicatedServer.java:469) ~[leaf-26.2.jar:26.2-118-4b38592]
	at net.minecraft.server.MinecraftServer.processPacketsAndTick(MinecraftServer.java:1781) ~[leaf-26.2.jar:26.2-118-4b38592]
	at net.minecraft.server.MinecraftServer.runServer(MinecraftServer.java:1449) ~[leaf-26.2.jar:26.2-118-4b38592]
	at net.minecraft.server.MinecraftServer.lambda$spin$0(MinecraftServer.java:303) ~[leaf-26.2.jar:26.2-118-4b38592]
	at java.base/java.lang.Thread.run(Thread.java:1474) ~[?:?]
[06:35:37 ERROR]: Ignoring setSeed on Entity.SHARED_RANDOM
java.lang.Throwable
	at net.minecraft.world.entity.Entity$RandomRandomSource.setSeed(Entity.java:193) ~[leaf-26.2.jar:26.2-118-4b38592]
	at benchmark.jar//dev.escos.verify.BenchPlugin.setup(BenchPlugin.java:117) ~[?:?]
	at benchmark.jar//dev.escos.verify.BenchPlugin.lambda$onEnable$0(BenchPlugin.java:63) ~[?:?]
	at org.bukkit.craftbukkit.scheduler.CraftTask.run(CraftTask.java:78) ~[leaf-26.2.jar:26.2-118-4b38592]
	at org.bukkit.craftbukkit.scheduler.CraftScheduler.mainThreadHeartbeat(CraftScheduler.java:474) ~[leaf-26.2.jar:26.2-118-4b38592]
	at net.minecraft.server.MinecraftServer.tickChildren(MinecraftServer.java:1892) ~[leaf-26.2.jar:26.2-118-4b38592]
	at net.minecraft.server.MinecraftServer.tickServer(MinecraftServer.java:1722) ~[leaf-26.2.jar:26.2-118-4b38592]
	at net.minecraft.server.dedicated.DedicatedServer.tickServer(DedicatedServer.java:469) ~[leaf-26.2.jar:26.2-118-4b38592]
	at net.minecraft.server.MinecraftServer.processPacketsAndTick(MinecraftServer.java:1781) ~[leaf-26.2.jar:26.2-118-4b38592]
	at net.minecraft.server.MinecraftServer.runServer(MinecraftServer.java:1449) ~[leaf-26.2.jar:26.2-118-4b38592]
	at net.minecraft.server.MinecraftServer.lambda$spin$0(MinecraftServer.java:303) ~[leaf-26.2.jar:26.2-118-4b38592]
	at java.base/java.lang.Thread.run(Thread.java:1474) ~[?:?]
[06:35:37 ERROR]: Ignoring setSeed on Entity.SHARED_RANDOM
java.lang.Throwable
	at net.minecraft.world.entity.Entity$RandomRandomSource.setSeed(Entity.java:193) ~[leaf-26.2.jar:26.2-118-4b38592]
	at benchmark.jar//dev.escos.verify.BenchPlugin.setup(BenchPlugin.java:117) ~[?:?]
	at benchmark.jar//dev.escos.verify.BenchPlugin.lambda$onEnable$0(BenchPlugin.java:63) ~[?:?]
	at org.bukkit.craftbukkit.scheduler.CraftTask.run(CraftTask.java:78) ~[leaf-26.2.jar:26.2-118-4b38592]
	at org.bukkit.craftbukkit.scheduler.CraftScheduler.mainThreadHeartbeat(CraftScheduler.java:474) ~[leaf-26.2.jar:26.2-118-4b38592]
	at net.minecraft.server.MinecraftServer.tickChildren(MinecraftServer.java:1892) ~[leaf-26.2.jar:26.2-118-4b38592]
	at net.minecraft.server.MinecraftServer.tickServer(MinecraftServer.java:1722) ~[leaf-26.2.jar:26.2-118-4b38592]
	at net.minecraft.server.dedicated.DedicatedServer.tickServer(DedicatedServer.java:469) ~[leaf-26.2.jar:26.2-118-4b38592]
	at net.minecraft.server.MinecraftServer.processPacketsAndTick(MinecraftServer.java:1781) ~[leaf-26.2.jar:26.2-118-4b38592]
	at net.minecraft.server.MinecraftServer.runServer(MinecraftServer.java:1449) ~[leaf-26.2.jar:26.2-118-4b38592]
	at net.minecraft.server.MinecraftServer.lambda$spin$0(MinecraftServer.java:303) ~[leaf-26.2.jar:26.2-118-4b38592]
	at java.base/java.lang.Thread.run(Thread.java:1474) ~[?:?]
[06:35:37 ERROR]: Ignoring setSeed on Entity.SHARED_RANDOM
java.lang.Throwable
	at net.minecraft.world.entity.Entity$RandomRandomSource.setSeed(Entity.java:193) ~[leaf-26.2.jar:26.2-118-4b38592]
	at benchmark.jar//dev.escos.verify.BenchPlugin.setup(BenchPlugin.java:117) ~[?:?]
	at benchmark.jar//dev.escos.verify.BenchPlugin.lambda$onEnable$0(BenchPlugin.java:63) ~[?:?]
	at org.bukkit.craftbukkit.scheduler.CraftTask.run(CraftTask.java:78) ~[leaf-26.2.jar:26.2-118-4b38592]
	at org.bukkit.craftbukkit.scheduler.CraftScheduler.mainThreadHeartbeat(CraftScheduler.java:474) ~[leaf-26.2.jar:26.2-118-4b38592]
	at net.minecraft.server.MinecraftServer.tickChildren(MinecraftServer.java:1892) ~[leaf-26.2.jar:26.2-118-4b38592]
	at net.minecraft.server.MinecraftServer.tickServer(MinecraftServer.java:1722) ~[leaf-26.2.jar:26.2-118-4b38592]
	at net.minecraft.server.dedicated.DedicatedServer.tickServer(DedicatedServer.java:469) ~[leaf-26.2.jar:26.2-118-4b38592]
	at net.minecraft.server.MinecraftServer.processPacketsAndTick(MinecraftServer.java:1781) ~[leaf-26.2.jar:26.2-118-4b38592]
	at net.minecraft.server.MinecraftServer.runServer(MinecraftServer.java:1449) ~[leaf-26.2.jar:26.2-118-4b38592]
	at net.minecraft.server.MinecraftServer.lambda$spin$0(MinecraftServer.java:303) ~[leaf-26.2.jar:26.2-118-4b38592]
	at java.base/java.lang.Thread.run(Thread.java:1474) ~[?:?]
[06:35:37 ERROR]: Ignoring setSeed on Entity.SHARED_RANDOM
java.lang.Throwable
	at net.minecraft.world.entity.Entity$RandomRandomSource.setSeed(Entity.java:193) ~[leaf-26.2.jar:26.2-118-4b38592]
	at benchmark.jar//dev.escos.verify.BenchPlugin.setup(BenchPlugin.java:117) ~[?:?]
	at benchmark.jar//dev.escos.verify.BenchPlugin.lambda$onEnable$0(BenchPlugin.java:63) ~[?:?]
	at org.bukkit.craftbukkit.scheduler.CraftTask.run(CraftTask.java:78) ~[leaf-26.2.jar:26.2-118-4b38592]
	at org.bukkit.craftbukkit.scheduler.CraftScheduler.mainThreadHeartbeat(CraftScheduler.java:474) ~[leaf-26.2.jar:26.2-118-4b38592]
	at net.minecraft.server.MinecraftServer.tickChildren(MinecraftServer.java:1892) ~[leaf-26.2.jar:26.2-118-4b38592]
	at net.minecraft.server.MinecraftServer.tickServer(MinecraftServer.java:1722) ~[leaf-26.2.jar:26.2-118-4b38592]
	at net.minecraft.server.dedicated.DedicatedServer.tickServer(DedicatedServer.java:469) ~[leaf-26.2.jar:26.2-118-4b38592]
	at net.minecraft.server.MinecraftServer.processPacketsAndTick(MinecraftServer.java:1781) ~[leaf-26.2.jar:26.2-118-4b38592]
	at net.minecraft.server.MinecraftServer.runServer(MinecraftServer.java:1449) ~[leaf-26.2.jar:26.2-118-4b38592]
	at net.minecraft.server.MinecraftServer.lambda$spin$0(MinecraftServer.java:303) ~[leaf-26.2.jar:26.2-118-4b38592]
	at java.base/java.lang.Thread.run(Thread.java:1474) ~[?:?]
[06:35:37 ERROR]: Ignoring setSeed on Entity.SHARED_RANDOM
java.lang.Throwable
	at net.minecraft.world.entity.Entity$RandomRandomSource.setSeed(Entity.java:193) ~[leaf-26.2.jar:26.2-118-4b38592]
	at benchmark.jar//dev.escos.verify.BenchPlugin.setup(BenchPlugin.java:117) ~[?:?]
	at benchmark.jar//dev.escos.verify.BenchPlugin.lambda$onEnable$0(BenchPlugin.java:63) ~[?:?]
	at org.bukkit.craftbukkit.scheduler.CraftTask.run(CraftTask.java:78) ~[leaf-26.2.jar:26.2-118-4b38592]
	at org.bukkit.craftbukkit.scheduler.CraftScheduler.mainThreadHeartbeat(CraftScheduler.java:474) ~[leaf-26.2.jar:26.2-118-4b38592]
	at net.minecraft.server.MinecraftServer.tickChildren(MinecraftServer.java:1892) ~[leaf-26.2.jar:26.2-118-4b38592]
	at net.minecraft.server.MinecraftServer.tickServer(MinecraftServer.java:1722) ~[leaf-26.2.jar:26.2-118-4b38592]
	at net.minecraft.server.dedicated.DedicatedServer.tickServer(DedicatedServer.java:469) ~[leaf-26.2.jar:26.2-118-4b38592]
	at net.minecraft.server.MinecraftServer.processPacketsAndTick(MinecraftServer.java:1781) ~[leaf-26.2.jar:26.2-118-4b38592]
	at net.minecraft.server.MinecraftServer.runServer(MinecraftServer.java:1449) ~[leaf-26.2.jar:26.2-118-4b38592]
	at net.minecraft.server.MinecraftServer.lambda$spin$0(MinecraftServer.java:303) ~[leaf-26.2.jar:26.2-118-4b38592]
	at java.base/java.lang.Thread.run(Thread.java:1474) ~[?:?]
[06:35:37 ERROR]: Ignoring setSeed on Entity.SHARED_RANDOM
java.lang.Throwable
	at net.minecraft.world.entity.Entity$RandomRandomSource.setSeed(Entity.java:193) ~[leaf-26.2.jar:26.2-118-4b38592]
	at benchmark.jar//dev.escos.verify.BenchPlugin.setup(BenchPlugin.java:117) ~[?:?]
	at benchmark.jar//dev.escos.verify.BenchPlugin.lambda$onEnable$0(BenchPlugin.java:63) ~[?:?]
	at org.bukkit.craftbukkit.scheduler.CraftTask.run(CraftTask.java:78) ~[leaf-26.2.jar:26.2-118-4b38592]
	at org.bukkit.craftbukkit.scheduler.CraftScheduler.mainThreadHeartbeat(CraftScheduler.java:474) ~[leaf-26.2.jar:26.2-118-4b38592]
	at net.minecraft.server.MinecraftServer.tickChildren(MinecraftServer.java:1892) ~[leaf-26.2.jar:26.2-118-4b38592]
	at net.minecraft.server.MinecraftServer.tickServer(MinecraftServer.java:1722) ~[leaf-26.2.jar:26.2-118-4b38592]
	at net.minecraft.server.dedicated.DedicatedServer.tickServer(DedicatedServer.java:469) ~[leaf-26.2.jar:26.2-118-4b38592]
	at net.minecraft.server.MinecraftServer.processPacketsAndTick(MinecraftServer.java:1781) ~[leaf-26.2.jar:26.2-118-4b38592]
	at net.minecraft.server.MinecraftServer.runServer(MinecraftServer.java:1449) ~[leaf-26.2.jar:26.2-118-4b38592]
	at net.minecraft.server.MinecraftServer.lambda$spin$0(MinecraftServer.java:303) ~[leaf-26.2.jar:26.2-118-4b38592]
	at java.base/java.lang.Thread.run(Thread.java:1474) ~[?:?]
[06:35:37 ERROR]: Ignoring setSeed on Entity.SHARED_RANDOM
java.lang.Throwable
	at net.minecraft.world.entity.Entity$RandomRandomSource.setSeed(Entity.java:193) ~[leaf-26.2.jar:26.2-118-4b38592]
	at benchmark.jar//dev.escos.verify.BenchPlugin.setup(BenchPlugin.java:117) ~[?:?]
	at benchmark.jar//dev.escos.verify.BenchPlugin.lambda$onEnable$0(BenchPlugin.java:63) ~[?:?]
	at org.bukkit.craftbukkit.scheduler.CraftTask.run(CraftTask.java:78) ~[leaf-26.2.jar:26.2-118-4b38592]
	at org.bukkit.craftbukkit.scheduler.CraftScheduler.mainThreadHeartbeat(CraftScheduler.java:474) ~[leaf-26.2.jar:26.2-118-4b38592]
	at net.minecraft.server.MinecraftServer.tickChildren(MinecraftServer.java:1892) ~[leaf-26.2.jar:26.2-118-4b38592]
	at net.minecraft.server.MinecraftServer.tickServer(MinecraftServer.java:1722) ~[leaf-26.2.jar:26.2-118-4b38592]
	at net.minecraft.server.dedicated.DedicatedServer.tickServer(DedicatedServer.java:469) ~[leaf-26.2.jar:26.2-118-4b38592]
	at net.minecraft.server.MinecraftServer.processPacketsAndTick(MinecraftServer.java:1781) ~[leaf-26.2.jar:26.2-118-4b38592]
	at net.minecraft.server.MinecraftServer.runServer(MinecraftServer.java:1449) ~[leaf-26.2.jar:26.2-118-4b38592]
	at net.minecraft.server.MinecraftServer.lambda$spin$0(MinecraftServer.java:303) ~[leaf-26.2.jar:26.2-118-4b38592]
	at java.base/java.lang.Thread.run(Thread.java:1474) ~[?:?]
[06:35:37 ERROR]: Ignoring setSeed on Entity.SHARED_RANDOM
java.lang.Throwable
	at net.minecraft.world.entity.Entity$RandomRandomSource.setSeed(Entity.java:193) ~[leaf-26.2.jar:26.2-118-4b38592]
	at benchmark.jar//dev.escos.verify.BenchPlugin.setup(BenchPlugin.java:117) ~[?:?]
	at benchmark.jar//dev.escos.verify.BenchPlugin.lambda$onEnable$0(BenchPlugin.java:63) ~[?:?]
	at org.bukkit.craftbukkit.scheduler.CraftTask.run(CraftTask.java:78) ~[leaf-26.2.jar:26.2-118-4b38592]
	at org.bukkit.craftbukkit.scheduler.CraftScheduler.mainThreadHeartbeat(CraftScheduler.java:474) ~[leaf-26.2.jar:26.2-118-4b38592]
	at net.minecraft.server.MinecraftServer.tickChildren(MinecraftServer.java:1892) ~[leaf-26.2.jar:26.2-118-4b38592]
	at net.minecraft.server.MinecraftServer.tickServer(MinecraftServer.java:1722) ~[leaf-26.2.jar:26.2-118-4b38592]
	at net.minecraft.server.dedicated.DedicatedServer.tickServer(DedicatedServer.java:469) ~[leaf-26.2.jar:26.2-118-4b38592]
	at net.minecraft.server.MinecraftServer.processPacketsAndTick(MinecraftServer.java:1781) ~[leaf-26.2.jar:26.2-118-4b38592]
	at net.minecraft.server.MinecraftServer.runServer(MinecraftServer.java:1449) ~[leaf-26.2.jar:26.2-118-4b38592]
	at net.minecraft.server.MinecraftServer.lambda$spin$0(MinecraftServer.java:303) ~[leaf-26.2.jar:26.2-118-4b38592]
	at java.base/java.lang.Thread.run(Thread.java:1474) ~[?:?]
[06:35:37 ERROR]: Ignoring setSeed on Entity.SHARED_RANDOM
java.lang.Throwable
	at net.minecraft.world.entity.Entity$RandomRandomSource.setSeed(Entity.java:193) ~[leaf-26.2.jar:26.2-118-4b38592]
	at benchmark.jar//dev.escos.verify.BenchPlugin.setup(BenchPlugin.java:117) ~[?:?]
	at benchmark.jar//dev.escos.verify.BenchPlugin.lambda$onEnable$0(BenchPlugin.java:63) ~[?:?]
	at org.bukkit.craftbukkit.scheduler.CraftTask.run(CraftTask.java:78) ~[leaf-26.2.jar:26.2-118-4b38592]
	at org.bukkit.craftbukkit.scheduler.CraftScheduler.mainThreadHeartbeat(CraftScheduler.java:474) ~[leaf-26.2.jar:26.2-118-4b38592]
	at net.minecraft.server.MinecraftServer.tickChildren(MinecraftServer.java:1892) ~[leaf-26.2.jar:26.2-118-4b38592]
	at net.minecraft.server.MinecraftServer.tickServer(MinecraftServer.java:1722) ~[leaf-26.2.jar:26.2-118-4b38592]
	at net.minecraft.server.dedicated.DedicatedServer.tickServer(DedicatedServer.java:469) ~[leaf-26.2.jar:26.2-118-4b38592]
	at net.minecraft.server.MinecraftServer.processPacketsAndTick(MinecraftServer.java:1781) ~[leaf-26.2.jar:26.2-118-4b38592]
	at net.minecraft.server.MinecraftServer.runServer(MinecraftServer.java:1449) ~[leaf-26.2.jar:26.2-118-4b38592]
	at net.minecraft.server.MinecraftServer.lambda$spin$0(MinecraftServer.java:303) ~[leaf-26.2.jar:26.2-118-4b38592]
	at java.base/java.lang.Thread.run(Thread.java:1474) ~[?:?]
[06:35:37 ERROR]: Ignoring setSeed on Entity.SHARED_RANDOM
java.lang.Throwable
	at net.minecraft.world.entity.Entity$RandomRandomSource.setSeed(Entity.java:193) ~[leaf-26.2.jar:26.2-118-4b38592]
	at benchmark.jar//dev.escos.verify.BenchPlugin.setup(BenchPlugin.java:117) ~[?:?]
	at benchmark.jar//dev.escos.verify.BenchPlugin.lambda$onEnable$0(BenchPlugin.java:63) ~[?:?]
	at org.bukkit.craftbukkit.scheduler.CraftTask.run(CraftTask.java:78) ~[leaf-26.2.jar:26.2-118-4b38592]
	at org.bukkit.craftbukkit.scheduler.CraftScheduler.mainThreadHeartbeat(CraftScheduler.java:474) ~[leaf-26.2.jar:26.2-118-4b38592]
	at net.minecraft.server.MinecraftServer.tickChildren(MinecraftServer.java:1892) ~[leaf-26.2.jar:26.2-118-4b38592]
	at net.minecraft.server.MinecraftServer.tickServer(MinecraftServer.java:1722) ~[leaf-26.2.jar:26.2-118-4b38592]
	at net.minecraft.server.dedicated.DedicatedServer.tickServer(DedicatedServer.java:469) ~[leaf-26.2.jar:26.2-118-4b38592]
	at net.minecraft.server.MinecraftServer.processPacketsAndTick(MinecraftServer.java:1781) ~[leaf-26.2.jar:26.2-118-4b38592]
	at net.minecraft.server.MinecraftServer.runServer(MinecraftServer.java:1449) ~[leaf-26.2.jar:26.2-118-4b38592]
	at net.minecraft.server.MinecraftServer.lambda$spin$0(MinecraftServer.java:303) ~[leaf-26.2.jar:26.2-118-4b38592]
	at java.base/java.lang.Thread.run(Thread.java:1474) ~[?:?]
[06:35:37 ERROR]: Ignoring setSeed on Entity.SHARED_RANDOM
java.lang.Throwable
	at net.minecraft.world.entity.Entity$RandomRandomSource.setSeed(Entity.java:193) ~[leaf-26.2.jar:26.2-118-4b38592]
	at benchmark.jar//dev.escos.verify.BenchPlugin.setup(BenchPlugin.java:117) ~[?:?]
	at benchmark.jar//dev.escos.verify.BenchPlugin.lambda$onEnable$0(BenchPlugin.java:63) ~[?:?]
	at org.bukkit.craftbukkit.scheduler.CraftTask.run(CraftTask.java:78) ~[leaf-26.2.jar:26.2-118-4b38592]
	at org.bukkit.craftbukkit.scheduler.CraftScheduler.mainThreadHeartbeat(CraftScheduler.java:474) ~[leaf-26.2.jar:26.2-118-4b38592]
	at net.minecraft.server.MinecraftServer.tickChildren(MinecraftServer.java:1892) ~[leaf-26.2.jar:26.2-118-4b38592]
	at net.minecraft.server.MinecraftServer.tickServer(MinecraftServer.java:1722) ~[leaf-26.2.jar:26.2-118-4b38592]
	at net.minecraft.server.dedicated.DedicatedServer.tickServer(DedicatedServer.java:469) ~[leaf-26.2.jar:26.2-118-4b38592]
	at net.minecraft.server.MinecraftServer.processPacketsAndTick(MinecraftServer.java:1781) ~[leaf-26.2.jar:26.2-118-4b38592]
	at net.minecraft.server.MinecraftServer.runServer(MinecraftServer.java:1449) ~[leaf-26.2.jar:26.2-118-4b38592]
	at net.minecraft.server.MinecraftServer.lambda$spin$0(MinecraftServer.java:303) ~[leaf-26.2.jar:26.2-118-4b38592]
	at java.base/java.lang.Thread.run(Thread.java:1474) ~[?:?]
[06:35:37 ERROR]: Ignoring setSeed on Entity.SHARED_RANDOM
java.lang.Throwable
	at net.minecraft.world.entity.Entity$RandomRandomSource.setSeed(Entity.java:193) ~[leaf-26.2.jar:26.2-118-4b38592]
	at benchmark.jar//dev.escos.verify.BenchPlugin.setup(BenchPlugin.java:117) ~[?:?]
	at benchmark.jar//dev.escos.verify.BenchPlugin.lambda$onEnable$0(BenchPlugin.java:63) ~[?:?]
	at org.bukkit.craftbukkit.scheduler.CraftTask.run(CraftTask.java:78) ~[leaf-26.2.jar:26.2-118-4b38592]
	at org.bukkit.craftbukkit.scheduler.CraftScheduler.mainThreadHeartbeat(CraftScheduler.java:474) ~[leaf-26.2.jar:26.2-118-4b38592]
	at net.minecraft.server.MinecraftServer.tickChildren(MinecraftServer.java:1892) ~[leaf-26.2.jar:26.2-118-4b38592]
	at net.minecraft.server.MinecraftServer.tickServer(MinecraftServer.java:1722) ~[leaf-26.2.jar:26.2-118-4b38592]
	at net.minecraft.server.dedicated.DedicatedServer.tickServer(DedicatedServer.java:469) ~[leaf-26.2.jar:26.2-118-4b38592]
	at net.minecraft.server.MinecraftServer.processPacketsAndTick(MinecraftServer.java:1781) ~[leaf-26.2.jar:26.2-118-4b38592]
	at net.minecraft.server.MinecraftServer.runServer(MinecraftServer.java:1449) ~[leaf-26.2.jar:26.2-118-4b38592]
	at net.minecraft.server.MinecraftServer.lambda$spin$0(MinecraftServer.java:303) ~[leaf-26.2.jar:26.2-118-4b38592]
	at java.base/java.lang.Thread.run(Thread.java:1474) ~[?:?]
[06:35:37 ERROR]: Ignoring setSeed on Entity.SHARED_RANDOM
java.lang.Throwable
	at net.minecraft.world.entity.Entity$RandomRandomSource.setSeed(Entity.java:193) ~[leaf-26.2.jar:26.2-118-4b38592]
	at benchmark.jar//dev.escos.verify.BenchPlugin.setup(BenchPlugin.java:117) ~[?:?]
	at benchmark.jar//dev.escos.verify.BenchPlugin.lambda$onEnable$0(BenchPlugin.java:63) ~[?:?]
	at org.bukkit.craftbukkit.scheduler.CraftTask.run(CraftTask.java:78) ~[leaf-26.2.jar:26.2-118-4b38592]
	at org.bukkit.craftbukkit.scheduler.CraftScheduler.mainThreadHeartbeat(CraftScheduler.java:474) ~[leaf-26.2.jar:26.2-118-4b38592]
	at net.minecraft.server.MinecraftServer.tickChildren(MinecraftServer.java:1892) ~[leaf-26.2.jar:26.2-118-4b38592]
	at net.minecraft.server.MinecraftServer.tickServer(MinecraftServer.java:1722) ~[leaf-26.2.jar:26.2-118-4b38592]
	at net.minecraft.server.dedicated.DedicatedServer.tickServer(DedicatedServer.java:469) ~[leaf-26.2.jar:26.2-118-4b38592]
	at net.minecraft.server.MinecraftServer.processPacketsAndTick(MinecraftServer.java:1781) ~[leaf-26.2.jar:26.2-118-4b38592]
	at net.minecraft.server.MinecraftServer.runServer(MinecraftServer.java:1449) ~[leaf-26.2.jar:26.2-118-4b38592]
	at net.minecraft.server.MinecraftServer.lambda$spin$0(MinecraftServer.java:303) ~[leaf-26.2.jar:26.2-118-4b38592]
	at java.base/java.lang.Thread.run(Thread.java:1474) ~[?:?]
[06:35:37 ERROR]: Ignoring setSeed on Entity.SHARED_RANDOM
java.lang.Throwable
	at net.minecraft.world.entity.Entity$RandomRandomSource.setSeed(Entity.java:193) ~[leaf-26.2.jar:26.2-118-4b38592]
	at benchmark.jar//dev.escos.verify.BenchPlugin.setup(BenchPlugin.java:117) ~[?:?]
	at benchmark.jar//dev.escos.verify.BenchPlugin.lambda$onEnable$0(BenchPlugin.java:63) ~[?:?]
	at org.bukkit.craftbukkit.scheduler.CraftTask.run(CraftTask.java:78) ~[leaf-26.2.jar:26.2-118-4b38592]
	at org.bukkit.craftbukkit.scheduler.CraftScheduler.mainThreadHeartbeat(CraftScheduler.java:474) ~[leaf-26.2.jar:26.2-118-4b38592]
	at net.minecraft.server.MinecraftServer.tickChildren(MinecraftServer.java:1892) ~[leaf-26.2.jar:26.2-118-4b38592]
	at net.minecraft.server.MinecraftServer.tickServer(MinecraftServer.java:1722) ~[leaf-26.2.jar:26.2-118-4b38592]
	at net.minecraft.server.dedicated.DedicatedServer.tickServer(DedicatedServer.java:469) ~[leaf-26.2.jar:26.2-118-4b38592]
	at net.minecraft.server.MinecraftServer.processPacketsAndTick(MinecraftServer.java:1781) ~[leaf-26.2.jar:26.2-118-4b38592]
	at net.minecraft.server.MinecraftServer.runServer(MinecraftServer.java:1449) ~[leaf-26.2.jar:26.2-118-4b38592]
	at net.minecraft.server.MinecraftServer.lambda$spin$0(MinecraftServer.java:303) ~[leaf-26.2.jar:26.2-118-4b38592]
	at java.base/java.lang.Thread.run(Thread.java:1474) ~[?:?]
[06:35:37 ERROR]: Ignoring setSeed on Entity.SHARED_RANDOM
java.lang.Throwable
	at net.minecraft.world.entity.Entity$RandomRandomSource.setSeed(Entity.java:193) ~[leaf-26.2.jar:26.2-118-4b38592]
	at benchmark.jar//dev.escos.verify.BenchPlugin.setup(BenchPlugin.java:117) ~[?:?]
	at benchmark.jar//dev.escos.verify.BenchPlugin.lambda$onEnable$0(BenchPlugin.java:63) ~[?:?]
	at org.bukkit.craftbukkit.scheduler.CraftTask.run(CraftTask.java:78) ~[leaf-26.2.jar:26.2-118-4b38592]
	at org.bukkit.craftbukkit.scheduler.CraftScheduler.mainThreadHeartbeat(CraftScheduler.java:474) ~[leaf-26.2.jar:26.2-118-4b38592]
	at net.minecraft.server.MinecraftServer.tickChildren(MinecraftServer.java:1892) ~[leaf-26.2.jar:26.2-118-4b38592]
	at net.minecraft.server.MinecraftServer.tickServer(MinecraftServer.java:1722) ~[leaf-26.2.jar:26.2-118-4b38592]
	at net.minecraft.server.dedicated.DedicatedServer.tickServer(DedicatedServer.java:469) ~[leaf-26.2.jar:26.2-118-4b38592]
	at net.minecraft.server.MinecraftServer.processPacketsAndTick(MinecraftServer.java:1781) ~[leaf-26.2.jar:26.2-118-4b38592]
	at net.minecraft.server.MinecraftServer.runServer(MinecraftServer.java:1449) ~[leaf-26.2.jar:26.2-118-4b38592]
	at net.minecraft.server.MinecraftServer.lambda$spin$0(MinecraftServer.java:303) ~[leaf-26.2.jar:26.2-118-4b38592]
	at java.base/java.lang.Thread.run(Thread.java:1474) ~[?:?]
[06:35:37 ERROR]: Ignoring setSeed on Entity.SHARED_RANDOM
java.lang.Throwable
	at net.minecraft.world.entity.Entity$RandomRandomSource.setSeed(Entity.java:193) ~[leaf-26.2.jar:26.2-118-4b38592]
	at benchmark.jar//dev.escos.verify.BenchPlugin.setup(BenchPlugin.java:117) ~[?:?]
	at benchmark.jar//dev.escos.verify.BenchPlugin.lambda$onEnable$0(BenchPlugin.java:63) ~[?:?]
	at org.bukkit.craftbukkit.scheduler.CraftTask.run(CraftTask.java:78) ~[leaf-26.2.jar:26.2-118-4b38592]
	at org.bukkit.craftbukkit.scheduler.CraftScheduler.mainThreadHeartbeat(CraftScheduler.java:474) ~[leaf-26.2.jar:26.2-118-4b38592]
	at net.minecraft.server.MinecraftServer.tickChildren(MinecraftServer.java:1892) ~[leaf-26.2.jar:26.2-118-4b38592]
	at net.minecraft.server.MinecraftServer.tickServer(MinecraftServer.java:1722) ~[leaf-26.2.jar:26.2-118-4b38592]
	at net.minecraft.server.dedicated.DedicatedServer.tickServer(DedicatedServer.java:469) ~[leaf-26.2.jar:26.2-118-4b38592]
	at net.minecraft.server.MinecraftServer.processPacketsAndTick(MinecraftServer.java:1781) ~[leaf-26.2.jar:26.2-118-4b38592]
	at net.minecraft.server.MinecraftServer.runServer(MinecraftServer.java:1449) ~[leaf-26.2.jar:26.2-118-4b38592]
	at net.minecraft.server.MinecraftServer.lambda$spin$0(MinecraftServer.java:303) ~[leaf-26.2.jar:26.2-118-4b38592]
	at java.base/java.lang.Thread.run(Thread.java:1474) ~[?:?]
[06:35:37 ERROR]: Ignoring setSeed on Entity.SHARED_RANDOM
java.lang.Throwable
	at net.minecraft.world.entity.Entity$RandomRandomSource.setSeed(Entity.java:193) ~[leaf-26.2.jar:26.2-118-4b38592]
	at benchmark.jar//dev.escos.verify.BenchPlugin.setup(BenchPlugin.java:117) ~[?:?]
	at benchmark.jar//dev.escos.verify.BenchPlugin.lambda$onEnable$0(BenchPlugin.java:63) ~[?:?]
	at org.bukkit.craftbukkit.scheduler.CraftTask.run(CraftTask.java:78) ~[leaf-26.2.jar:26.2-118-4b38592]
	at org.bukkit.craftbukkit.scheduler.CraftScheduler.mainThreadHeartbeat(CraftScheduler.java:474) ~[leaf-26.2.jar:26.2-118-4b38592]
	at net.minecraft.server.MinecraftServer.tickChildren(MinecraftServer.java:1892) ~[leaf-26.2.jar:26.2-118-4b38592]
	at net.minecraft.server.MinecraftServer.tickServer(MinecraftServer.java:1722) ~[leaf-26.2.jar:26.2-118-4b38592]
	at net.minecraft.server.dedicated.DedicatedServer.tickServer(DedicatedServer.java:469) ~[leaf-26.2.jar:26.2-118-4b38592]
	at net.minecraft.server.MinecraftServer.processPacketsAndTick(MinecraftServer.java:1781) ~[leaf-26.2.jar:26.2-118-4b38592]
	at net.minecraft.server.MinecraftServer.runServer(MinecraftServer.java:1449) ~[leaf-26.2.jar:26.2-118-4b38592]
	at net.minecraft.server.MinecraftServer.lambda$spin$0(MinecraftServer.java:303) ~[leaf-26.2.jar:26.2-118-4b38592]
	at java.base/java.lang.Thread.run(Thread.java:1474) ~[?:?]
[06:35:37 ERROR]: Ignoring setSeed on Entity.SHARED_RANDOM
java.lang.Throwable
	at net.minecraft.world.entity.Entity$RandomRandomSource.setSeed(Entity.java:193) ~[leaf-26.2.jar:26.2-118-4b38592]
	at benchmark.jar//dev.escos.verify.BenchPlugin.setup(BenchPlugin.java:117) ~[?:?]
	at benchmark.jar//dev.escos.verify.BenchPlugin.lambda$onEnable$0(BenchPlugin.java:63) ~[?:?]
	at org.bukkit.craftbukkit.scheduler.CraftTask.run(CraftTask.java:78) ~[leaf-26.2.jar:26.2-118-4b38592]
	at org.bukkit.craftbukkit.scheduler.CraftScheduler.mainThreadHeartbeat(CraftScheduler.java:474) ~[leaf-26.2.jar:26.2-118-4b38592]
	at net.minecraft.server.MinecraftServer.tickChildren(MinecraftServer.java:1892) ~[leaf-26.2.jar:26.2-118-4b38592]
	at net.minecraft.server.MinecraftServer.tickServer(MinecraftServer.java:1722) ~[leaf-26.2.jar:26.2-118-4b38592]
	at net.minecraft.server.dedicated.DedicatedServer.tickServer(DedicatedServer.java:469) ~[leaf-26.2.jar:26.2-118-4b38592]
	at net.minecraft.server.MinecraftServer.processPacketsAndTick(MinecraftServer.java:1781) ~[leaf-26.2.jar:26.2-118-4b38592]
	at net.minecraft.server.MinecraftServer.runServer(MinecraftServer.java:1449) ~[leaf-26.2.jar:26.2-118-4b38592]
	at net.minecraft.server.MinecraftServer.lambda$spin$0(MinecraftServer.java:303) ~[leaf-26.2.jar:26.2-118-4b38592]
	at java.base/java.lang.Thread.run(Thread.java:1474) ~[?:?]
[06:35:37 ERROR]: Ignoring setSeed on Entity.SHARED_RANDOM
java.lang.Throwable
	at net.minecraft.world.entity.Entity$RandomRandomSource.setSeed(Entity.java:193) ~[leaf-26.2.jar:26.2-118-4b38592]
	at benchmark.jar//dev.escos.verify.BenchPlugin.setup(BenchPlugin.java:117) ~[?:?]
	at benchmark.jar//dev.escos.verify.BenchPlugin.lambda$onEnable$0(BenchPlugin.java:63) ~[?:?]
	at org.bukkit.craftbukkit.scheduler.CraftTask.run(CraftTask.java:78) ~[leaf-26.2.jar:26.2-118-4b38592]
	at org.bukkit.craftbukkit.scheduler.CraftScheduler.mainThreadHeartbeat(CraftScheduler.java:474) ~[leaf-26.2.jar:26.2-118-4b38592]
	at net.minecraft.server.MinecraftServer.tickChildren(MinecraftServer.java:1892) ~[leaf-26.2.jar:26.2-118-4b38592]
	at net.minecraft.server.MinecraftServer.tickServer(MinecraftServer.java:1722) ~[leaf-26.2.jar:26.2-118-4b38592]
	at net.minecraft.server.dedicated.DedicatedServer.tickServer(DedicatedServer.java:469) ~[leaf-26.2.jar:26.2-118-4b38592]
	at net.minecraft.server.MinecraftServer.processPacketsAndTick(MinecraftServer.java:1781) ~[leaf-26.2.jar:26.2-118-4b38592]
	at net.minecraft.server.MinecraftServer.runServer(MinecraftServer.java:1449) ~[leaf-26.2.jar:26.2-118-4b38592]
	at net.minecraft.server.MinecraftServer.lambda$spin$0(MinecraftServer.java:303) ~[leaf-26.2.jar:26.2-118-4b38592]
	at java.base/java.lang.Thread.run(Thread.java:1474) ~[?:?]
[06:35:37 ERROR]: Ignoring setSeed on Entity.SHARED_RANDOM
java.lang.Throwable
	at net.minecraft.world.entity.Entity$RandomRandomSource.setSeed(Entity.java:193) ~[leaf-26.2.jar:26.2-118-4b38592]
	at benchmark.jar//dev.escos.verify.BenchPlugin.setup(BenchPlugin.java:117) ~[?:?]
	at benchmark.jar//dev.escos.verify.BenchPlugin.lambda$onEnable$0(BenchPlugin.java:63) ~[?:?]
	at org.bukkit.craftbukkit.scheduler.CraftTask.run(CraftTask.java:78) ~[leaf-26.2.jar:26.2-118-4b38592]
	at org.bukkit.craftbukkit.scheduler.CraftScheduler.mainThreadHeartbeat(CraftScheduler.java:474) ~[leaf-26.2.jar:26.2-118-4b38592]
	at net.minecraft.server.MinecraftServer.tickChildren(MinecraftServer.java:1892) ~[leaf-26.2.jar:26.2-118-4b38592]
	at net.minecraft.server.MinecraftServer.tickServer(MinecraftServer.java:1722) ~[leaf-26.2.jar:26.2-118-4b38592]
	at net.minecraft.server.dedicated.DedicatedServer.tickServer(DedicatedServer.java:469) ~[leaf-26.2.jar:26.2-118-4b38592]
	at net.minecraft.server.MinecraftServer.processPacketsAndTick(MinecraftServer.java:1781) ~[leaf-26.2.jar:26.2-118-4b38592]
	at net.minecraft.server.MinecraftServer.runServer(MinecraftServer.java:1449) ~[leaf-26.2.jar:26.2-118-4b38592]
	at net.minecraft.server.MinecraftServer.lambda$spin$0(MinecraftServer.java:303) ~[leaf-26.2.jar:26.2-118-4b38592]
	at java.base/java.lang.Thread.run(Thread.java:1474) ~[?:?]
[06:35:37 ERROR]: Ignoring setSeed on Entity.SHARED_RANDOM
java.lang.Throwable
	at net.minecraft.world.entity.Entity$RandomRandomSource.setSeed(Entity.java:193) ~[leaf-26.2.jar:26.2-118-4b38592]
	at benchmark.jar//dev.escos.verify.BenchPlugin.setup(BenchPlugin.java:117) ~[?:?]
	at benchmark.jar//dev.escos.verify.BenchPlugin.lambda$onEnable$0(BenchPlugin.java:63) ~[?:?]
	at org.bukkit.craftbukkit.scheduler.CraftTask.run(CraftTask.java:78) ~[leaf-26.2.jar:26.2-118-4b38592]
	at org.bukkit.craftbukkit.scheduler.CraftScheduler.mainThreadHeartbeat(CraftScheduler.java:474) ~[leaf-26.2.jar:26.2-118-4b38592]
	at net.minecraft.server.MinecraftServer.tickChildren(MinecraftServer.java:1892) ~[leaf-26.2.jar:26.2-118-4b38592]
	at net.minecraft.server.MinecraftServer.tickServer(MinecraftServer.java:1722) ~[leaf-26.2.jar:26.2-118-4b38592]
	at net.minecraft.server.dedicated.DedicatedServer.tickServer(DedicatedServer.java:469) ~[leaf-26.2.jar:26.2-118-4b38592]
	at net.minecraft.server.MinecraftServer.processPacketsAndTick(MinecraftServer.java:1781) ~[leaf-26.2.jar:26.2-118-4b38592]
	at net.minecraft.server.MinecraftServer.runServer(MinecraftServer.java:1449) ~[leaf-26.2.jar:26.2-118-4b38592]
	at net.minecraft.server.MinecraftServer.lambda$spin$0(MinecraftServer.java:303) ~[leaf-26.2.jar:26.2-118-4b38592]
	at java.base/java.lang.Thread.run(Thread.java:1474) ~[?:?]
[06:35:37 ERROR]: Ignoring setSeed on Entity.SHARED_RANDOM
java.lang.Throwable
	at net.minecraft.world.entity.Entity$RandomRandomSource.setSeed(Entity.java:193) ~[leaf-26.2.jar:26.2-118-4b38592]
	at benchmark.jar//dev.escos.verify.BenchPlugin.setup(BenchPlugin.java:117) ~[?:?]
	at benchmark.jar//dev.escos.verify.BenchPlugin.lambda$onEnable$0(BenchPlugin.java:63) ~[?:?]
	at org.bukkit.craftbukkit.scheduler.CraftTask.run(CraftTask.java:78) ~[leaf-26.2.jar:26.2-118-4b38592]
	at org.bukkit.craftbukkit.scheduler.CraftScheduler.mainThreadHeartbeat(CraftScheduler.java:474) ~[leaf-26.2.jar:26.2-118-4b38592]
	at net.minecraft.server.MinecraftServer.tickChildren(MinecraftServer.java:1892) ~[leaf-26.2.jar:26.2-118-4b38592]
	at net.minecraft.server.MinecraftServer.tickServer(MinecraftServer.java:1722) ~[leaf-26.2.jar:26.2-118-4b38592]
	at net.minecraft.server.dedicated.DedicatedServer.tickServer(DedicatedServer.java:469) ~[leaf-26.2.jar:26.2-118-4b38592]
	at net.minecraft.server.MinecraftServer.processPacketsAndTick(MinecraftServer.java:1781) ~[leaf-26.2.jar:26.2-118-4b38592]
	at net.minecraft.server.MinecraftServer.runServer(MinecraftServer.java:1449) ~[leaf-26.2.jar:26.2-118-4b38592]
	at net.minecraft.server.MinecraftServer.lambda$spin$0(MinecraftServer.java:303) ~[leaf-26.2.jar:26.2-118-4b38592]
	at java.base/java.lang.Thread.run(Thread.java:1474) ~[?:?]
[06:35:37 ERROR]: Ignoring setSeed on Entity.SHARED_RANDOM
java.lang.Throwable
	at net.minecraft.world.entity.Entity$RandomRandomSource.setSeed(Entity.java:193) ~[leaf-26.2.jar:26.2-118-4b38592]
	at benchmark.jar//dev.escos.verify.BenchPlugin.setup(BenchPlugin.java:117) ~[?:?]
	at benchmark.jar//dev.escos.verify.BenchPlugin.lambda$onEnable$0(BenchPlugin.java:63) ~[?:?]
	at org.bukkit.craftbukkit.scheduler.CraftTask.run(CraftTask.java:78) ~[leaf-26.2.jar:26.2-118-4b38592]
	at org.bukkit.craftbukkit.scheduler.CraftScheduler.mainThreadHeartbeat(CraftScheduler.java:474) ~[leaf-26.2.jar:26.2-118-4b38592]
	at net.minecraft.server.MinecraftServer.tickChildren(MinecraftServer.java:1892) ~[leaf-26.2.jar:26.2-118-4b38592]
	at net.minecraft.server.MinecraftServer.tickServer(MinecraftServer.java:1722) ~[leaf-26.2.jar:26.2-118-4b38592]
	at net.minecraft.server.dedicated.DedicatedServer.tickServer(DedicatedServer.java:469) ~[leaf-26.2.jar:26.2-118-4b38592]
	at net.minecraft.server.MinecraftServer.processPacketsAndTick(MinecraftServer.java:1781) ~[leaf-26.2.jar:26.2-118-4b38592]
	at net.minecraft.server.MinecraftServer.runServer(MinecraftServer.java:1449) ~[leaf-26.2.jar:26.2-118-4b38592]
	at net.minecraft.server.MinecraftServer.lambda$spin$0(MinecraftServer.java:303) ~[leaf-26.2.jar:26.2-118-4b38592]
	at java.base/java.lang.Thread.run(Thread.java:1474) ~[?:?]
[06:35:37 ERROR]: Ignoring setSeed on Entity.SHARED_RANDOM
java.lang.Throwable
	at net.minecraft.world.entity.Entity$RandomRandomSource.setSeed(Entity.java:193) ~[leaf-26.2.jar:26.2-118-4b38592]
	at benchmark.jar//dev.escos.verify.BenchPlugin.setup(BenchPlugin.java:117) ~[?:?]
	at benchmark.jar//dev.escos.verify.BenchPlugin.lambda$onEnable$0(BenchPlugin.java:63) ~[?:?]
	at org.bukkit.craftbukkit.scheduler.CraftTask.run(CraftTask.java:78) ~[leaf-26.2.jar:26.2-118-4b38592]
	at org.bukkit.craftbukkit.scheduler.CraftScheduler.mainThreadHeartbeat(CraftScheduler.java:474) ~[leaf-26.2.jar:26.2-118-4b38592]
	at net.minecraft.server.MinecraftServer.tickChildren(MinecraftServer.java:1892) ~[leaf-26.2.jar:26.2-118-4b38592]
	at net.minecraft.server.MinecraftServer.tickServer(MinecraftServer.java:1722) ~[leaf-26.2.jar:26.2-118-4b38592]
	at net.minecraft.server.dedicated.DedicatedServer.tickServer(DedicatedServer.java:469) ~[leaf-26.2.jar:26.2-118-4b38592]
	at net.minecraft.server.MinecraftServer.processPacketsAndTick(MinecraftServer.java:1781) ~[leaf-26.2.jar:26.2-118-4b38592]
	at net.minecraft.server.MinecraftServer.runServer(MinecraftServer.java:1449) ~[leaf-26.2.jar:26.2-118-4b38592]
	at net.minecraft.server.MinecraftServer.lambda$spin$0(MinecraftServer.java:303) ~[leaf-26.2.jar:26.2-118-4b38592]
	at java.base/java.lang.Thread.run(Thread.java:1474) ~[?:?]
[06:35:37 ERROR]: Ignoring setSeed on Entity.SHARED_RANDOM
java.lang.Throwable
	at net.minecraft.world.entity.Entity$RandomRandomSource.setSeed(Entity.java:193) ~[leaf-26.2.jar:26.2-118-4b38592]
	at benchmark.jar//dev.escos.verify.BenchPlugin.setup(BenchPlugin.java:117) ~[?:?]
	at benchmark.jar//dev.escos.verify.BenchPlugin.lambda$onEnable$0(BenchPlugin.java:63) ~[?:?]
	at org.bukkit.craftbukkit.scheduler.CraftTask.run(CraftTask.java:78) ~[leaf-26.2.jar:26.2-118-4b38592]
	at org.bukkit.craftbukkit.scheduler.CraftScheduler.mainThreadHeartbeat(CraftScheduler.java:474) ~[leaf-26.2.jar:26.2-118-4b38592]
	at net.minecraft.server.MinecraftServer.tickChildren(MinecraftServer.java:1892) ~[leaf-26.2.jar:26.2-118-4b38592]
	at net.minecraft.server.MinecraftServer.tickServer(MinecraftServer.java:1722) ~[leaf-26.2.jar:26.2-118-4b38592]
	at net.minecraft.server.dedicated.DedicatedServer.tickServer(DedicatedServer.java:469) ~[leaf-26.2.jar:26.2-118-4b38592]
	at net.minecraft.server.MinecraftServer.processPacketsAndTick(MinecraftServer.java:1781) ~[leaf-26.2.jar:26.2-118-4b38592]
	at net.minecraft.server.MinecraftServer.runServer(MinecraftServer.java:1449) ~[leaf-26.2.jar:26.2-118-4b38592]
	at net.minecraft.server.MinecraftServer.lambda$spin$0(MinecraftServer.java:303) ~[leaf-26.2.jar:26.2-118-4b38592]
	at java.base/java.lang.Thread.run(Thread.java:1474) ~[?:?]
[06:35:37 ERROR]: Ignoring setSeed on Entity.SHARED_RANDOM
java.lang.Throwable
	at net.minecraft.world.entity.Entity$RandomRandomSource.setSeed(Entity.java:193) ~[leaf-26.2.jar:26.2-118-4b38592]
	at benchmark.jar//dev.escos.verify.BenchPlugin.setup(BenchPlugin.java:117) ~[?:?]
	at benchmark.jar//dev.escos.verify.BenchPlugin.lambda$onEnable$0(BenchPlugin.java:63) ~[?:?]
	at org.bukkit.craftbukkit.scheduler.CraftTask.run(CraftTask.java:78) ~[leaf-26.2.jar:26.2-118-4b38592]
	at org.bukkit.craftbukkit.scheduler.CraftScheduler.mainThreadHeartbeat(CraftScheduler.java:474) ~[leaf-26.2.jar:26.2-118-4b38592]
	at net.minecraft.server.MinecraftServer.tickChildren(MinecraftServer.java:1892) ~[leaf-26.2.jar:26.2-118-4b38592]
	at net.minecraft.server.MinecraftServer.tickServer(MinecraftServer.java:1722) ~[leaf-26.2.jar:26.2-118-4b38592]
	at net.minecraft.server.dedicated.DedicatedServer.tickServer(DedicatedServer.java:469) ~[leaf-26.2.jar:26.2-118-4b38592]
	at net.minecraft.server.MinecraftServer.processPacketsAndTick(MinecraftServer.java:1781) ~[leaf-26.2.jar:26.2-118-4b38592]
	at net.minecraft.server.MinecraftServer.runServer(MinecraftServer.java:1449) ~[leaf-26.2.jar:26.2-118-4b38592]
	at net.minecraft.server.MinecraftServer.lambda$spin$0(MinecraftServer.java:303) ~[leaf-26.2.jar:26.2-118-4b38592]
	at java.base/java.lang.Thread.run(Thread.java:1474) ~[?:?]
[06:35:37 ERROR]: Ignoring setSeed on Entity.SHARED_RANDOM
java.lang.Throwable
	at net.minecraft.world.entity.Entity$RandomRandomSource.setSeed(Entity.java:193) ~[leaf-26.2.jar:26.2-118-4b38592]
	at benchmark.jar//dev.escos.verify.BenchPlugin.setup(BenchPlugin.java:117) ~[?:?]
	at benchmark.jar//dev.escos.verify.BenchPlugin.lambda$onEnable$0(BenchPlugin.java:63) ~[?:?]
	at org.bukkit.craftbukkit.scheduler.CraftTask.run(CraftTask.java:78) ~[leaf-26.2.jar:26.2-118-4b38592]
	at org.bukkit.craftbukkit.scheduler.CraftScheduler.mainThreadHeartbeat(CraftScheduler.java:474) ~[leaf-26.2.jar:26.2-118-4b38592]
	at net.minecraft.server.MinecraftServer.tickChildren(MinecraftServer.java:1892) ~[leaf-26.2.jar:26.2-118-4b38592]
	at net.minecraft.server.MinecraftServer.tickServer(MinecraftServer.java:1722) ~[leaf-26.2.jar:26.2-118-4b38592]
	at net.minecraft.server.dedicated.DedicatedServer.tickServer(DedicatedServer.java:469) ~[leaf-26.2.jar:26.2-118-4b38592]
	at net.minecraft.server.MinecraftServer.processPacketsAndTick(MinecraftServer.java:1781) ~[leaf-26.2.jar:26.2-118-4b38592]
	at net.minecraft.server.MinecraftServer.runServer(MinecraftServer.java:1449) ~[leaf-26.2.jar:26.2-118-4b38592]
	at net.minecraft.server.MinecraftServer.lambda$spin$0(MinecraftServer.java:303) ~[leaf-26.2.jar:26.2-118-4b38592]
	at java.base/java.lang.Thread.run(Thread.java:1474) ~[?:?]
[06:35:37 ERROR]: Ignoring setSeed on Entity.SHARED_RANDOM
java.lang.Throwable
	at net.minecraft.world.entity.Entity$RandomRandomSource.setSeed(Entity.java:193) ~[leaf-26.2.jar:26.2-118-4b38592]
	at benchmark.jar//dev.escos.verify.BenchPlugin.setup(BenchPlugin.java:117) ~[?:?]
	at benchmark.jar//dev.escos.verify.BenchPlugin.lambda$onEnable$0(BenchPlugin.java:63) ~[?:?]
	at org.bukkit.craftbukkit.scheduler.CraftTask.run(CraftTask.java:78) ~[leaf-26.2.jar:26.2-118-4b38592]
	at org.bukkit.craftbukkit.scheduler.CraftScheduler.mainThreadHeartbeat(CraftScheduler.java:474) ~[leaf-26.2.jar:26.2-118-4b38592]
	at net.minecraft.server.MinecraftServer.tickChildren(MinecraftServer.java:1892) ~[leaf-26.2.jar:26.2-118-4b38592]
	at net.minecraft.server.MinecraftServer.tickServer(MinecraftServer.java:1722) ~[leaf-26.2.jar:26.2-118-4b38592]
	at net.minecraft.server.dedicated.DedicatedServer.tickServer(DedicatedServer.java:469) ~[leaf-26.2.jar:26.2-118-4b38592]
	at net.minecraft.server.MinecraftServer.processPacketsAndTick(MinecraftServer.java:1781) ~[leaf-26.2.jar:26.2-118-4b38592]
	at net.minecraft.server.MinecraftServer.runServer(MinecraftServer.java:1449) ~[leaf-26.2.jar:26.2-118-4b38592]
	at net.minecraft.server.MinecraftServer.lambda$spin$0(MinecraftServer.java:303) ~[leaf-26.2.jar:26.2-118-4b38592]
	at java.base/java.lang.Thread.run(Thread.java:1474) ~[?:?]
[06:35:37 ERROR]: Ignoring setSeed on Entity.SHARED_RANDOM
java.lang.Throwable
	at net.minecraft.world.entity.Entity$RandomRandomSource.setSeed(Entity.java:193) ~[leaf-26.2.jar:26.2-118-4b38592]
	at benchmark.jar//dev.escos.verify.BenchPlugin.setup(BenchPlugin.java:117) ~[?:?]
	at benchmark.jar//dev.escos.verify.BenchPlugin.lambda$onEnable$0(BenchPlugin.java:63) ~[?:?]
	at org.bukkit.craftbukkit.scheduler.CraftTask.run(CraftTask.java:78) ~[leaf-26.2.jar:26.2-118-4b38592]
	at org.bukkit.craftbukkit.scheduler.CraftScheduler.mainThreadHeartbeat(CraftScheduler.java:474) ~[leaf-26.2.jar:26.2-118-4b38592]
	at net.minecraft.server.MinecraftServer.tickChildren(MinecraftServer.java:1892) ~[leaf-26.2.jar:26.2-118-4b38592]
	at net.minecraft.server.MinecraftServer.tickServer(MinecraftServer.java:1722) ~[leaf-26.2.jar:26.2-118-4b38592]
	at net.minecraft.server.dedicated.DedicatedServer.tickServer(DedicatedServer.java:469) ~[leaf-26.2.jar:26.2-118-4b38592]
	at net.minecraft.server.MinecraftServer.processPacketsAndTick(MinecraftServer.java:1781) ~[leaf-26.2.jar:26.2-118-4b38592]
	at net.minecraft.server.MinecraftServer.runServer(MinecraftServer.java:1449) ~[leaf-26.2.jar:26.2-118-4b38592]
	at net.minecraft.server.MinecraftServer.lambda$spin$0(MinecraftServer.java:303) ~[leaf-26.2.jar:26.2-118-4b38592]
	at java.base/java.lang.Thread.run(Thread.java:1474) ~[?:?]
[06:35:37 ERROR]: Ignoring setSeed on Entity.SHARED_RANDOM
java.lang.Throwable
	at net.minecraft.world.entity.Entity$RandomRandomSource.setSeed(Entity.java:193) ~[leaf-26.2.jar:26.2-118-4b38592]
	at benchmark.jar//dev.escos.verify.BenchPlugin.setup(BenchPlugin.java:117) ~[?:?]
	at benchmark.jar//dev.escos.verify.BenchPlugin.lambda$onEnable$0(BenchPlugin.java:63) ~[?:?]
	at org.bukkit.craftbukkit.scheduler.CraftTask.run(CraftTask.java:78) ~[leaf-26.2.jar:26.2-118-4b38592]
	at org.bukkit.craftbukkit.scheduler.CraftScheduler.mainThreadHeartbeat(CraftScheduler.java:474) ~[leaf-26.2.jar:26.2-118-4b38592]
	at net.minecraft.server.MinecraftServer.tickChildren(MinecraftServer.java:1892) ~[leaf-26.2.jar:26.2-118-4b38592]
	at net.minecraft.server.MinecraftServer.tickServer(MinecraftServer.java:1722) ~[leaf-26.2.jar:26.2-118-4b38592]
	at net.minecraft.server.dedicated.DedicatedServer.tickServer(DedicatedServer.java:469) ~[leaf-26.2.jar:26.2-118-4b38592]
	at net.minecraft.server.MinecraftServer.processPacketsAndTick(MinecraftServer.java:1781) ~[leaf-26.2.jar:26.2-118-4b38592]
	at net.minecraft.server.MinecraftServer.runServer(MinecraftServer.java:1449) ~[leaf-26.2.jar:26.2-118-4b38592]
	at net.minecraft.server.MinecraftServer.lambda$spin$0(MinecraftServer.java:303) ~[leaf-26.2.jar:26.2-118-4b38592]
	at java.base/java.lang.Thread.run(Thread.java:1474) ~[?:?]
[06:35:37 ERROR]: Ignoring setSeed on Entity.SHARED_RANDOM
java.lang.Throwable
	at net.minecraft.world.entity.Entity$RandomRandomSource.setSeed(Entity.java:193) ~[leaf-26.2.jar:26.2-118-4b38592]
	at benchmark.jar//dev.escos.verify.BenchPlugin.setup(BenchPlugin.java:117) ~[?:?]
	at benchmark.jar//dev.escos.verify.BenchPlugin.lambda$onEnable$0(BenchPlugin.java:63) ~[?:?]
	at org.bukkit.craftbukkit.scheduler.CraftTask.run(CraftTask.java:78) ~[leaf-26.2.jar:26.2-118-4b38592]
	at org.bukkit.craftbukkit.scheduler.CraftScheduler.mainThreadHeartbeat(CraftScheduler.java:474) ~[leaf-26.2.jar:26.2-118-4b38592]
	at net.minecraft.server.MinecraftServer.tickChildren(MinecraftServer.java:1892) ~[leaf-26.2.jar:26.2-118-4b38592]
	at net.minecraft.server.MinecraftServer.tickServer(MinecraftServer.java:1722) ~[leaf-26.2.jar:26.2-118-4b38592]
	at net.minecraft.server.dedicated.DedicatedServer.tickServer(DedicatedServer.java:469) ~[leaf-26.2.jar:26.2-118-4b38592]
	at net.minecraft.server.MinecraftServer.processPacketsAndTick(MinecraftServer.java:1781) ~[leaf-26.2.jar:26.2-118-4b38592]
	at net.minecraft.server.MinecraftServer.runServer(MinecraftServer.java:1449) ~[leaf-26.2.jar:26.2-118-4b38592]
	at net.minecraft.server.MinecraftServer.lambda$spin$0(MinecraftServer.java:303) ~[leaf-26.2.jar:26.2-118-4b38592]
	at java.base/java.lang.Thread.run(Thread.java:1474) ~[?:?]
[06:35:37 ERROR]: Ignoring setSeed on Entity.SHARED_RANDOM
java.lang.Throwable
	at net.minecraft.world.entity.Entity$RandomRandomSource.setSeed(Entity.java:193) ~[leaf-26.2.jar:26.2-118-4b38592]
	at benchmark.jar//dev.escos.verify.BenchPlugin.setup(BenchPlugin.java:117) ~[?:?]
	at benchmark.jar//dev.escos.verify.BenchPlugin.lambda$onEnable$0(BenchPlugin.java:63) ~[?:?]
	at org.bukkit.craftbukkit.scheduler.CraftTask.run(CraftTask.java:78) ~[leaf-26.2.jar:26.2-118-4b38592]
	at org.bukkit.craftbukkit.scheduler.CraftScheduler.mainThreadHeartbeat(CraftScheduler.java:474) ~[leaf-26.2.jar:26.2-118-4b38592]
	at net.minecraft.server.MinecraftServer.tickChildren(MinecraftServer.java:1892) ~[leaf-26.2.jar:26.2-118-4b38592]
	at net.minecraft.server.MinecraftServer.tickServer(MinecraftServer.java:1722) ~[leaf-26.2.jar:26.2-118-4b38592]
	at net.minecraft.server.dedicated.DedicatedServer.tickServer(DedicatedServer.java:469) ~[leaf-26.2.jar:26.2-118-4b38592]
	at net.minecraft.server.MinecraftServer.processPacketsAndTick(MinecraftServer.java:1781) ~[leaf-26.2.jar:26.2-118-4b38592]
	at net.minecraft.server.MinecraftServer.runServer(MinecraftServer.java:1449) ~[leaf-26.2.jar:26.2-118-4b38592]
	at net.minecraft.server.MinecraftServer.lambda$spin$0(MinecraftServer.java:303) ~[leaf-26.2.jar:26.2-118-4b38592]
	at java.base/java.lang.Thread.run(Thread.java:1474) ~[?:?]
[06:35:37 ERROR]: Ignoring setSeed on Entity.SHARED_RANDOM
java.lang.Throwable
	at net.minecraft.world.entity.Entity$RandomRandomSource.setSeed(Entity.java:193) ~[leaf-26.2.jar:26.2-118-4b38592]
	at benchmark.jar//dev.escos.verify.BenchPlugin.setup(BenchPlugin.java:117) ~[?:?]
	at benchmark.jar//dev.escos.verify.BenchPlugin.lambda$onEnable$0(BenchPlugin.java:63) ~[?:?]
	at org.bukkit.craftbukkit.scheduler.CraftTask.run(CraftTask.java:78) ~[leaf-26.2.jar:26.2-118-4b38592]
	at org.bukkit.craftbukkit.scheduler.CraftScheduler.mainThreadHeartbeat(CraftScheduler.java:474) ~[leaf-26.2.jar:26.2-118-4b38592]
	at net.minecraft.server.MinecraftServer.tickChildren(MinecraftServer.java:1892) ~[leaf-26.2.jar:26.2-118-4b38592]
	at net.minecraft.server.MinecraftServer.tickServer(MinecraftServer.java:1722) ~[leaf-26.2.jar:26.2-118-4b38592]
	at net.minecraft.server.dedicated.DedicatedServer.tickServer(DedicatedServer.java:469) ~[leaf-26.2.jar:26.2-118-4b38592]
	at net.minecraft.server.MinecraftServer.processPacketsAndTick(MinecraftServer.java:1781) ~[leaf-26.2.jar:26.2-118-4b38592]
	at net.minecraft.server.MinecraftServer.runServer(MinecraftServer.java:1449) ~[leaf-26.2.jar:26.2-118-4b38592]
	at net.minecraft.server.MinecraftServer.lambda$spin$0(MinecraftServer.java:303) ~[leaf-26.2.jar:26.2-118-4b38592]
	at java.base/java.lang.Thread.run(Thread.java:1474) ~[?:?]
[06:35:37 ERROR]: Ignoring setSeed on Entity.SHARED_RANDOM
java.lang.Throwable
	at net.minecraft.world.entity.Entity$RandomRandomSource.setSeed(Entity.java:193) ~[leaf-26.2.jar:26.2-118-4b38592]
	at benchmark.jar//dev.escos.verify.BenchPlugin.setup(BenchPlugin.java:117) ~[?:?]
	at benchmark.jar//dev.escos.verify.BenchPlugin.lambda$onEnable$0(BenchPlugin.java:63) ~[?:?]
	at org.bukkit.craftbukkit.scheduler.CraftTask.run(CraftTask.java:78) ~[leaf-26.2.jar:26.2-118-4b38592]
	at org.bukkit.craftbukkit.scheduler.CraftScheduler.mainThreadHeartbeat(CraftScheduler.java:474) ~[leaf-26.2.jar:26.2-118-4b38592]
	at net.minecraft.server.MinecraftServer.tickChildren(MinecraftServer.java:1892) ~[leaf-26.2.jar:26.2-118-4b38592]
	at net.minecraft.server.MinecraftServer.tickServer(MinecraftServer.java:1722) ~[leaf-26.2.jar:26.2-118-4b38592]
	at net.minecraft.server.dedicated.DedicatedServer.tickServer(DedicatedServer.java:469) ~[leaf-26.2.jar:26.2-118-4b38592]
	at net.minecraft.server.MinecraftServer.processPacketsAndTick(MinecraftServer.java:1781) ~[leaf-26.2.jar:26.2-118-4b38592]
	at net.minecraft.server.MinecraftServer.runServer(MinecraftServer.java:1449) ~[leaf-26.2.jar:26.2-118-4b38592]
	at net.minecraft.server.MinecraftServer.lambda$spin$0(MinecraftServer.java:303) ~[leaf-26.2.jar:26.2-118-4b38592]
	at java.base/java.lang.Thread.run(Thread.java:1474) ~[?:?]
[06:35:37 ERROR]: Ignoring setSeed on Entity.SHARED_RANDOM
java.lang.Throwable
	at net.minecraft.world.entity.Entity$RandomRandomSource.setSeed(Entity.java:193) ~[leaf-26.2.jar:26.2-118-4b38592]
	at benchmark.jar//dev.escos.verify.BenchPlugin.setup(BenchPlugin.java:117) ~[?:?]
	at benchmark.jar//dev.escos.verify.BenchPlugin.lambda$onEnable$0(BenchPlugin.java:63) ~[?:?]
	at org.bukkit.craftbukkit.scheduler.CraftTask.run(CraftTask.java:78) ~[leaf-26.2.jar:26.2-118-4b38592]
	at org.bukkit.craftbukkit.scheduler.CraftScheduler.mainThreadHeartbeat(CraftScheduler.java:474) ~[leaf-26.2.jar:26.2-118-4b38592]
	at net.minecraft.server.MinecraftServer.tickChildren(MinecraftServer.java:1892) ~[leaf-26.2.jar:26.2-118-4b38592]
	at net.minecraft.server.MinecraftServer.tickServer(MinecraftServer.java:1722) ~[leaf-26.2.jar:26.2-118-4b38592]
	at net.minecraft.server.dedicated.DedicatedServer.tickServer(DedicatedServer.java:469) ~[leaf-26.2.jar:26.2-118-4b38592]
	at net.minecraft.server.MinecraftServer.processPacketsAndTick(MinecraftServer.java:1781) ~[leaf-26.2.jar:26.2-118-4b38592]
	at net.minecraft.server.MinecraftServer.runServer(MinecraftServer.java:1449) ~[leaf-26.2.jar:26.2-118-4b38592]
	at net.minecraft.server.MinecraftServer.lambda$spin$0(MinecraftServer.java:303) ~[leaf-26.2.jar:26.2-118-4b38592]
	at java.base/java.lang.Thread.run(Thread.java:1474) ~[?:?]
[06:35:37 ERROR]: Ignoring setSeed on Entity.SHARED_RANDOM
java.lang.Throwable
	at net.minecraft.world.entity.Entity$RandomRandomSource.setSeed(Entity.java:193) ~[leaf-26.2.jar:26.2-118-4b38592]
	at benchmark.jar//dev.escos.verify.BenchPlugin.setup(BenchPlugin.java:117) ~[?:?]
	at benchmark.jar//dev.escos.verify.BenchPlugin.lambda$onEnable$0(BenchPlugin.java:63) ~[?:?]
	at org.bukkit.craftbukkit.scheduler.CraftTask.run(CraftTask.java:78) ~[leaf-26.2.jar:26.2-118-4b38592]
	at org.bukkit.craftbukkit.scheduler.CraftScheduler.mainThreadHeartbeat(CraftScheduler.java:474) ~[leaf-26.2.jar:26.2-118-4b38592]
	at net.minecraft.server.MinecraftServer.tickChildren(MinecraftServer.java:1892) ~[leaf-26.2.jar:26.2-118-4b38592]
	at net.minecraft.server.MinecraftServer.tickServer(MinecraftServer.java:1722) ~[leaf-26.2.jar:26.2-118-4b38592]
	at net.minecraft.server.dedicated.DedicatedServer.tickServer(DedicatedServer.java:469) ~[leaf-26.2.jar:26.2-118-4b38592]
	at net.minecraft.server.MinecraftServer.processPacketsAndTick(MinecraftServer.java:1781) ~[leaf-26.2.jar:26.2-118-4b38592]
	at net.minecraft.server.MinecraftServer.runServer(MinecraftServer.java:1449) ~[leaf-26.2.jar:26.2-118-4b38592]
	at net.minecraft.server.MinecraftServer.lambda$spin$0(MinecraftServer.java:303) ~[leaf-26.2.jar:26.2-118-4b38592]
	at java.base/java.lang.Thread.run(Thread.java:1474) ~[?:?]
[06:35:37 ERROR]: Ignoring setSeed on Entity.SHARED_RANDOM
java.lang.Throwable
	at net.minecraft.world.entity.Entity$RandomRandomSource.setSeed(Entity.java:193) ~[leaf-26.2.jar:26.2-118-4b38592]
	at benchmark.jar//dev.escos.verify.BenchPlugin.setup(BenchPlugin.java:117) ~[?:?]
	at benchmark.jar//dev.escos.verify.BenchPlugin.lambda$onEnable$0(BenchPlugin.java:63) ~[?:?]
	at org.bukkit.craftbukkit.scheduler.CraftTask.run(CraftTask.java:78) ~[leaf-26.2.jar:26.2-118-4b38592]
	at org.bukkit.craftbukkit.scheduler.CraftScheduler.mainThreadHeartbeat(CraftScheduler.java:474) ~[leaf-26.2.jar:26.2-118-4b38592]
	at net.minecraft.server.MinecraftServer.tickChildren(MinecraftServer.java:1892) ~[leaf-26.2.jar:26.2-118-4b38592]
	at net.minecraft.server.MinecraftServer.tickServer(MinecraftServer.java:1722) ~[leaf-26.2.jar:26.2-118-4b38592]
	at net.minecraft.server.dedicated.DedicatedServer.tickServer(DedicatedServer.java:469) ~[leaf-26.2.jar:26.2-118-4b38592]
	at net.minecraft.server.MinecraftServer.processPacketsAndTick(MinecraftServer.java:1781) ~[leaf-26.2.jar:26.2-118-4b38592]
	at net.minecraft.server.MinecraftServer.runServer(MinecraftServer.java:1449) ~[leaf-26.2.jar:26.2-118-4b38592]
	at net.minecraft.server.MinecraftServer.lambda$spin$0(MinecraftServer.java:303) ~[leaf-26.2.jar:26.2-118-4b38592]
	at java.base/java.lang.Thread.run(Thread.java:1474) ~[?:?]
[06:35:37 ERROR]: Ignoring setSeed on Entity.SHARED_RANDOM
java.lang.Throwable
	at net.minecraft.world.entity.Entity$RandomRandomSource.setSeed(Entity.java:193) ~[leaf-26.2.jar:26.2-118-4b38592]
	at benchmark.jar//dev.escos.verify.BenchPlugin.setup(BenchPlugin.java:117) ~[?:?]
	at benchmark.jar//dev.escos.verify.BenchPlugin.lambda$onEnable$0(BenchPlugin.java:63) ~[?:?]
	at org.bukkit.craftbukkit.scheduler.CraftTask.run(CraftTask.java:78) ~[leaf-26.2.jar:26.2-118-4b38592]
	at org.bukkit.craftbukkit.scheduler.CraftScheduler.mainThreadHeartbeat(CraftScheduler.java:474) ~[leaf-26.2.jar:26.2-118-4b38592]
	at net.minecraft.server.MinecraftServer.tickChildren(MinecraftServer.java:1892) ~[leaf-26.2.jar:26.2-118-4b38592]
	at net.minecraft.server.MinecraftServer.tickServer(MinecraftServer.java:1722) ~[leaf-26.2.jar:26.2-118-4b38592]
	at net.minecraft.server.dedicated.DedicatedServer.tickServer(DedicatedServer.java:469) ~[leaf-26.2.jar:26.2-118-4b38592]
	at net.minecraft.server.MinecraftServer.processPacketsAndTick(MinecraftServer.java:1781) ~[leaf-26.2.jar:26.2-118-4b38592]
	at net.minecraft.server.MinecraftServer.runServer(MinecraftServer.java:1449) ~[leaf-26.2.jar:26.2-118-4b38592]
	at net.minecraft.server.MinecraftServer.lambda$spin$0(MinecraftServer.java:303) ~[leaf-26.2.jar:26.2-118-4b38592]
	at java.base/java.lang.Thread.run(Thread.java:1474) ~[?:?]
[06:35:37 ERROR]: Ignoring setSeed on Entity.SHARED_RANDOM
java.lang.Throwable
	at net.minecraft.world.entity.Entity$RandomRandomSource.setSeed(Entity.java:193) ~[leaf-26.2.jar:26.2-118-4b38592]
	at benchmark.jar//dev.escos.verify.BenchPlugin.setup(BenchPlugin.java:117) ~[?:?]
	at benchmark.jar//dev.escos.verify.BenchPlugin.lambda$onEnable$0(BenchPlugin.java:63) ~[?:?]
	at org.bukkit.craftbukkit.scheduler.CraftTask.run(CraftTask.java:78) ~[leaf-26.2.jar:26.2-118-4b38592]
	at org.bukkit.craftbukkit.scheduler.CraftScheduler.mainThreadHeartbeat(CraftScheduler.java:474) ~[leaf-26.2.jar:26.2-118-4b38592]
	at net.minecraft.server.MinecraftServer.tickChildren(MinecraftServer.java:1892) ~[leaf-26.2.jar:26.2-118-4b38592]
	at net.minecraft.server.MinecraftServer.tickServer(MinecraftServer.java:1722) ~[leaf-26.2.jar:26.2-118-4b38592]
	at net.minecraft.server.dedicated.DedicatedServer.tickServer(DedicatedServer.java:469) ~[leaf-26.2.jar:26.2-118-4b38592]
	at net.minecraft.server.MinecraftServer.processPacketsAndTick(MinecraftServer.java:1781) ~[leaf-26.2.jar:26.2-118-4b38592]
	at net.minecraft.server.MinecraftServer.runServer(MinecraftServer.java:1449) ~[leaf-26.2.jar:26.2-118-4b38592]
	at net.minecraft.server.MinecraftServer.lambda$spin$0(MinecraftServer.java:303) ~[leaf-26.2.jar:26.2-118-4b38592]
	at java.base/java.lang.Thread.run(Thread.java:1474) ~[?:?]
[06:35:37 ERROR]: Ignoring setSeed on Entity.SHARED_RANDOM
java.lang.Throwable
	at net.minecraft.world.entity.Entity$RandomRandomSource.setSeed(Entity.java:193) ~[leaf-26.2.jar:26.2-118-4b38592]
	at benchmark.jar//dev.escos.verify.BenchPlugin.setup(BenchPlugin.java:117) ~[?:?]
	at benchmark.jar//dev.escos.verify.BenchPlugin.lambda$onEnable$0(BenchPlugin.java:63) ~[?:?]
	at org.bukkit.craftbukkit.scheduler.CraftTask.run(CraftTask.java:78) ~[leaf-26.2.jar:26.2-118-4b38592]
	at org.bukkit.craftbukkit.scheduler.CraftScheduler.mainThreadHeartbeat(CraftScheduler.java:474) ~[leaf-26.2.jar:26.2-118-4b38592]
	at net.minecraft.server.MinecraftServer.tickChildren(MinecraftServer.java:1892) ~[leaf-26.2.jar:26.2-118-4b38592]
	at net.minecraft.server.MinecraftServer.tickServer(MinecraftServer.java:1722) ~[leaf-26.2.jar:26.2-118-4b38592]
	at net.minecraft.server.dedicated.DedicatedServer.tickServer(DedicatedServer.java:469) ~[leaf-26.2.jar:26.2-118-4b38592]
	at net.minecraft.server.MinecraftServer.processPacketsAndTick(MinecraftServer.java:1781) ~[leaf-26.2.jar:26.2-118-4b38592]
	at net.minecraft.server.MinecraftServer.runServer(MinecraftServer.java:1449) ~[leaf-26.2.jar:26.2-118-4b38592]
	at net.minecraft.server.MinecraftServer.lambda$spin$0(MinecraftServer.java:303) ~[leaf-26.2.jar:26.2-118-4b38592]
	at java.base/java.lang.Thread.run(Thread.java:1474) ~[?:?]
[06:35:37 ERROR]: Ignoring setSeed on Entity.SHARED_RANDOM
java.lang.Throwable
	at net.minecraft.world.entity.Entity$RandomRandomSource.setSeed(Entity.java:193) ~[leaf-26.2.jar:26.2-118-4b38592]
	at benchmark.jar//dev.escos.verify.BenchPlugin.setup(BenchPlugin.java:117) ~[?:?]
	at benchmark.jar//dev.escos.verify.BenchPlugin.lambda$onEnable$0(BenchPlugin.java:63) ~[?:?]
	at org.bukkit.craftbukkit.scheduler.CraftTask.run(CraftTask.java:78) ~[leaf-26.2.jar:26.2-118-4b38592]
	at org.bukkit.craftbukkit.scheduler.CraftScheduler.mainThreadHeartbeat(CraftScheduler.java:474) ~[leaf-26.2.jar:26.2-118-4b38592]
	at net.minecraft.server.MinecraftServer.tickChildren(MinecraftServer.java:1892) ~[leaf-26.2.jar:26.2-118-4b38592]
	at net.minecraft.server.MinecraftServer.tickServer(MinecraftServer.java:1722) ~[leaf-26.2.jar:26.2-118-4b38592]
	at net.minecraft.server.dedicated.DedicatedServer.tickServer(DedicatedServer.java:469) ~[leaf-26.2.jar:26.2-118-4b38592]
	at net.minecraft.server.MinecraftServer.processPacketsAndTick(MinecraftServer.java:1781) ~[leaf-26.2.jar:26.2-118-4b38592]
	at net.minecraft.server.MinecraftServer.runServer(MinecraftServer.java:1449) ~[leaf-26.2.jar:26.2-118-4b38592]
	at net.minecraft.server.MinecraftServer.lambda$spin$0(MinecraftServer.java:303) ~[leaf-26.2.jar:26.2-118-4b38592]
	at java.base/java.lang.Thread.run(Thread.java:1474) ~[?:?]
[06:35:37 ERROR]: Ignoring setSeed on Entity.SHARED_RANDOM
java.lang.Throwable
	at net.minecraft.world.entity.Entity$RandomRandomSource.setSeed(Entity.java:193) ~[leaf-26.2.jar:26.2-118-4b38592]
	at benchmark.jar//dev.escos.verify.BenchPlugin.setup(BenchPlugin.java:117) ~[?:?]
	at benchmark.jar//dev.escos.verify.BenchPlugin.lambda$onEnable$0(BenchPlugin.java:63) ~[?:?]
	at org.bukkit.craftbukkit.scheduler.CraftTask.run(CraftTask.java:78) ~[leaf-26.2.jar:26.2-118-4b38592]
	at org.bukkit.craftbukkit.scheduler.CraftScheduler.mainThreadHeartbeat(CraftScheduler.java:474) ~[leaf-26.2.jar:26.2-118-4b38592]
	at net.minecraft.server.MinecraftServer.tickChildren(MinecraftServer.java:1892) ~[leaf-26.2.jar:26.2-118-4b38592]
	at net.minecraft.server.MinecraftServer.tickServer(MinecraftServer.java:1722) ~[leaf-26.2.jar:26.2-118-4b38592]
	at net.minecraft.server.dedicated.DedicatedServer.tickServer(DedicatedServer.java:469) ~[leaf-26.2.jar:26.2-118-4b38592]
	at net.minecraft.server.MinecraftServer.processPacketsAndTick(MinecraftServer.java:1781) ~[leaf-26.2.jar:26.2-118-4b38592]
	at net.minecraft.server.MinecraftServer.runServer(MinecraftServer.java:1449) ~[leaf-26.2.jar:26.2-118-4b38592]
	at net.minecraft.server.MinecraftServer.lambda$spin$0(MinecraftServer.java:303) ~[leaf-26.2.jar:26.2-118-4b38592]
	at java.base/java.lang.Thread.run(Thread.java:1474) ~[?:?]
[06:35:37 ERROR]: Ignoring setSeed on Entity.SHARED_RANDOM
java.lang.Throwable
	at net.minecraft.world.entity.Entity$RandomRandomSource.setSeed(Entity.java:193) ~[leaf-26.2.jar:26.2-118-4b38592]
	at benchmark.jar//dev.escos.verify.BenchPlugin.setup(BenchPlugin.java:117) ~[?:?]
	at benchmark.jar//dev.escos.verify.BenchPlugin.lambda$onEnable$0(BenchPlugin.java:63) ~[?:?]
	at org.bukkit.craftbukkit.scheduler.CraftTask.run(CraftTask.java:78) ~[leaf-26.2.jar:26.2-118-4b38592]
	at org.bukkit.craftbukkit.scheduler.CraftScheduler.mainThreadHeartbeat(CraftScheduler.java:474) ~[leaf-26.2.jar:26.2-118-4b38592]
	at net.minecraft.server.MinecraftServer.tickChildren(MinecraftServer.java:1892) ~[leaf-26.2.jar:26.2-118-4b38592]
	at net.minecraft.server.MinecraftServer.tickServer(MinecraftServer.java:1722) ~[leaf-26.2.jar:26.2-118-4b38592]
	at net.minecraft.server.dedicated.DedicatedServer.tickServer(DedicatedServer.java:469) ~[leaf-26.2.jar:26.2-118-4b38592]
	at net.minecraft.server.MinecraftServer.processPacketsAndTick(MinecraftServer.java:1781) ~[leaf-26.2.jar:26.2-118-4b38592]
	at net.minecraft.server.MinecraftServer.runServer(MinecraftServer.java:1449) ~[leaf-26.2.jar:26.2-118-4b38592]
	at net.minecraft.server.MinecraftServer.lambda$spin$0(MinecraftServer.java:303) ~[leaf-26.2.jar:26.2-118-4b38592]
	at java.base/java.lang.Thread.run(Thread.java:1474) ~[?:?]
[06:35:37 ERROR]: Ignoring setSeed on Entity.SHARED_RANDOM
java.lang.Throwable
	at net.minecraft.world.entity.Entity$RandomRandomSource.setSeed(Entity.java:193) ~[leaf-26.2.jar:26.2-118-4b38592]
	at benchmark.jar//dev.escos.verify.BenchPlugin.setup(BenchPlugin.java:117) ~[?:?]
	at benchmark.jar//dev.escos.verify.BenchPlugin.lambda$onEnable$0(BenchPlugin.java:63) ~[?:?]
	at org.bukkit.craftbukkit.scheduler.CraftTask.run(CraftTask.java:78) ~[leaf-26.2.jar:26.2-118-4b38592]
	at org.bukkit.craftbukkit.scheduler.CraftScheduler.mainThreadHeartbeat(CraftScheduler.java:474) ~[leaf-26.2.jar:26.2-118-4b38592]
	at net.minecraft.server.MinecraftServer.tickChildren(MinecraftServer.java:1892) ~[leaf-26.2.jar:26.2-118-4b38592]
	at net.minecraft.server.MinecraftServer.tickServer(MinecraftServer.java:1722) ~[leaf-26.2.jar:26.2-118-4b38592]
	at net.minecraft.server.dedicated.DedicatedServer.tickServer(DedicatedServer.java:469) ~[leaf-26.2.jar:26.2-118-4b38592]
	at net.minecraft.server.MinecraftServer.processPacketsAndTick(MinecraftServer.java:1781) ~[leaf-26.2.jar:26.2-118-4b38592]
	at net.minecraft.server.MinecraftServer.runServer(MinecraftServer.java:1449) ~[leaf-26.2.jar:26.2-118-4b38592]
	at net.minecraft.server.MinecraftServer.lambda$spin$0(MinecraftServer.java:303) ~[leaf-26.2.jar:26.2-118-4b38592]
	at java.base/java.lang.Thread.run(Thread.java:1474) ~[?:?]
[06:35:37 ERROR]: Ignoring setSeed on Entity.SHARED_RANDOM
java.lang.Throwable
	at net.minecraft.world.entity.Entity$RandomRandomSource.setSeed(Entity.java:193) ~[leaf-26.2.jar:26.2-118-4b38592]
	at benchmark.jar//dev.escos.verify.BenchPlugin.setup(BenchPlugin.java:117) ~[?:?]
	at benchmark.jar//dev.escos.verify.BenchPlugin.lambda$onEnable$0(BenchPlugin.java:63) ~[?:?]
	at org.bukkit.craftbukkit.scheduler.CraftTask.run(CraftTask.java:78) ~[leaf-26.2.jar:26.2-118-4b38592]
	at org.bukkit.craftbukkit.scheduler.CraftScheduler.mainThreadHeartbeat(CraftScheduler.java:474) ~[leaf-26.2.jar:26.2-118-4b38592]
	at net.minecraft.server.MinecraftServer.tickChildren(MinecraftServer.java:1892) ~[leaf-26.2.jar:26.2-118-4b38592]
	at net.minecraft.server.MinecraftServer.tickServer(MinecraftServer.java:1722) ~[leaf-26.2.jar:26.2-118-4b38592]
	at net.minecraft.server.dedicated.DedicatedServer.tickServer(DedicatedServer.java:469) ~[leaf-26.2.jar:26.2-118-4b38592]
	at net.minecraft.server.MinecraftServer.processPacketsAndTick(MinecraftServer.java:1781) ~[leaf-26.2.jar:26.2-118-4b38592]
	at net.minecraft.server.MinecraftServer.runServer(MinecraftServer.java:1449) ~[leaf-26.2.jar:26.2-118-4b38592]
	at net.minecraft.server.MinecraftServer.lambda$spin$0(MinecraftServer.java:303) ~[leaf-26.2.jar:26.2-118-4b38592]
	at java.base/java.lang.Thread.run(Thread.java:1474) ~[?:?]
[06:35:37 ERROR]: Ignoring setSeed on Entity.SHARED_RANDOM
java.lang.Throwable
	at net.minecraft.world.entity.Entity$RandomRandomSource.setSeed(Entity.java:193) ~[leaf-26.2.jar:26.2-118-4b38592]
	at benchmark.jar//dev.escos.verify.BenchPlugin.setup(BenchPlugin.java:117) ~[?:?]
	at benchmark.jar//dev.escos.verify.BenchPlugin.lambda$onEnable$0(BenchPlugin.java:63) ~[?:?]
	at org.bukkit.craftbukkit.scheduler.CraftTask.run(CraftTask.java:78) ~[leaf-26.2.jar:26.2-118-4b38592]
	at org.bukkit.craftbukkit.scheduler.CraftScheduler.mainThreadHeartbeat(CraftScheduler.java:474) ~[leaf-26.2.jar:26.2-118-4b38592]
	at net.minecraft.server.MinecraftServer.tickChildren(MinecraftServer.java:1892) ~[leaf-26.2.jar:26.2-118-4b38592]
	at net.minecraft.server.MinecraftServer.tickServer(MinecraftServer.java:1722) ~[leaf-26.2.jar:26.2-118-4b38592]
	at net.minecraft.server.dedicated.DedicatedServer.tickServer(DedicatedServer.java:469) ~[leaf-26.2.jar:26.2-118-4b38592]
	at net.minecraft.server.MinecraftServer.processPacketsAndTick(MinecraftServer.java:1781) ~[leaf-26.2.jar:26.2-118-4b38592]
	at net.minecraft.server.MinecraftServer.runServer(MinecraftServer.java:1449) ~[leaf-26.2.jar:26.2-118-4b38592]
	at net.minecraft.server.MinecraftServer.lambda$spin$0(MinecraftServer.java:303) ~[leaf-26.2.jar:26.2-118-4b38592]
	at java.base/java.lang.Thread.run(Thread.java:1474) ~[?:?]
[06:35:37 ERROR]: Ignoring setSeed on Entity.SHARED_RANDOM
java.lang.Throwable
	at net.minecraft.world.entity.Entity$RandomRandomSource.setSeed(Entity.java:193) ~[leaf-26.2.jar:26.2-118-4b38592]
	at benchmark.jar//dev.escos.verify.BenchPlugin.setup(BenchPlugin.java:117) ~[?:?]
	at benchmark.jar//dev.escos.verify.BenchPlugin.lambda$onEnable$0(BenchPlugin.java:63) ~[?:?]
	at org.bukkit.craftbukkit.scheduler.CraftTask.run(CraftTask.java:78) ~[leaf-26.2.jar:26.2-118-4b38592]
	at org.bukkit.craftbukkit.scheduler.CraftScheduler.mainThreadHeartbeat(CraftScheduler.java:474) ~[leaf-26.2.jar:26.2-118-4b38592]
	at net.minecraft.server.MinecraftServer.tickChildren(MinecraftServer.java:1892) ~[leaf-26.2.jar:26.2-118-4b38592]
	at net.minecraft.server.MinecraftServer.tickServer(MinecraftServer.java:1722) ~[leaf-26.2.jar:26.2-118-4b38592]
	at net.minecraft.server.dedicated.DedicatedServer.tickServer(DedicatedServer.java:469) ~[leaf-26.2.jar:26.2-118-4b38592]
	at net.minecraft.server.MinecraftServer.processPacketsAndTick(MinecraftServer.java:1781) ~[leaf-26.2.jar:26.2-118-4b38592]
	at net.minecraft.server.MinecraftServer.runServer(MinecraftServer.java:1449) ~[leaf-26.2.jar:26.2-118-4b38592]
	at net.minecraft.server.MinecraftServer.lambda$spin$0(MinecraftServer.java:303) ~[leaf-26.2.jar:26.2-118-4b38592]
	at java.base/java.lang.Thread.run(Thread.java:1474) ~[?:?]
[06:35:37 ERROR]: Ignoring setSeed on Entity.SHARED_RANDOM
java.lang.Throwable
	at net.minecraft.world.entity.Entity$RandomRandomSource.setSeed(Entity.java:193) ~[leaf-26.2.jar:26.2-118-4b38592]
	at benchmark.jar//dev.escos.verify.BenchPlugin.setup(BenchPlugin.java:117) ~[?:?]
	at benchmark.jar//dev.escos.verify.BenchPlugin.lambda$onEnable$0(BenchPlugin.java:63) ~[?:?]
	at org.bukkit.craftbukkit.scheduler.CraftTask.run(CraftTask.java:78) ~[leaf-26.2.jar:26.2-118-4b38592]
	at org.bukkit.craftbukkit.scheduler.CraftScheduler.mainThreadHeartbeat(CraftScheduler.java:474) ~[leaf-26.2.jar:26.2-118-4b38592]
	at net.minecraft.server.MinecraftServer.tickChildren(MinecraftServer.java:1892) ~[leaf-26.2.jar:26.2-118-4b38592]
	at net.minecraft.server.MinecraftServer.tickServer(MinecraftServer.java:1722) ~[leaf-26.2.jar:26.2-118-4b38592]
	at net.minecraft.server.dedicated.DedicatedServer.tickServer(DedicatedServer.java:469) ~[leaf-26.2.jar:26.2-118-4b38592]
	at net.minecraft.server.MinecraftServer.processPacketsAndTick(MinecraftServer.java:1781) ~[leaf-26.2.jar:26.2-118-4b38592]
	at net.minecraft.server.MinecraftServer.runServer(MinecraftServer.java:1449) ~[leaf-26.2.jar:26.2-118-4b38592]
	at net.minecraft.server.MinecraftServer.lambda$spin$0(MinecraftServer.java:303) ~[leaf-26.2.jar:26.2-118-4b38592]
	at java.base/java.lang.Thread.run(Thread.java:1474) ~[?:?]
[06:35:37 ERROR]: Ignoring setSeed on Entity.SHARED_RANDOM
java.lang.Throwable
	at net.minecraft.world.entity.Entity$RandomRandomSource.setSeed(Entity.java:193) ~[leaf-26.2.jar:26.2-118-4b38592]
	at benchmark.jar//dev.escos.verify.BenchPlugin.setup(BenchPlugin.java:117) ~[?:?]
	at benchmark.jar//dev.escos.verify.BenchPlugin.lambda$onEnable$0(BenchPlugin.java:63) ~[?:?]
	at org.bukkit.craftbukkit.scheduler.CraftTask.run(CraftTask.java:78) ~[leaf-26.2.jar:26.2-118-4b38592]
	at org.bukkit.craftbukkit.scheduler.CraftScheduler.mainThreadHeartbeat(CraftScheduler.java:474) ~[leaf-26.2.jar:26.2-118-4b38592]
	at net.minecraft.server.MinecraftServer.tickChildren(MinecraftServer.java:1892) ~[leaf-26.2.jar:26.2-118-4b38592]
	at net.minecraft.server.MinecraftServer.tickServer(MinecraftServer.java:1722) ~[leaf-26.2.jar:26.2-118-4b38592]
	at net.minecraft.server.dedicated.DedicatedServer.tickServer(DedicatedServer.java:469) ~[leaf-26.2.jar:26.2-118-4b38592]
	at net.minecraft.server.MinecraftServer.processPacketsAndTick(MinecraftServer.java:1781) ~[leaf-26.2.jar:26.2-118-4b38592]
	at net.minecraft.server.MinecraftServer.runServer(MinecraftServer.java:1449) ~[leaf-26.2.jar:26.2-118-4b38592]
	at net.minecraft.server.MinecraftServer.lambda$spin$0(MinecraftServer.java:303) ~[leaf-26.2.jar:26.2-118-4b38592]
	at java.base/java.lang.Thread.run(Thread.java:1474) ~[?:?]
[06:35:37 ERROR]: Ignoring setSeed on Entity.SHARED_RANDOM
java.lang.Throwable
	at net.minecraft.world.entity.Entity$RandomRandomSource.setSeed(Entity.java:193) ~[leaf-26.2.jar:26.2-118-4b38592]
	at benchmark.jar//dev.escos.verify.BenchPlugin.setup(BenchPlugin.java:117) ~[?:?]
	at benchmark.jar//dev.escos.verify.BenchPlugin.lambda$onEnable$0(BenchPlugin.java:63) ~[?:?]
	at org.bukkit.craftbukkit.scheduler.CraftTask.run(CraftTask.java:78) ~[leaf-26.2.jar:26.2-118-4b38592]
	at org.bukkit.craftbukkit.scheduler.CraftScheduler.mainThreadHeartbeat(CraftScheduler.java:474) ~[leaf-26.2.jar:26.2-118-4b38592]
	at net.minecraft.server.MinecraftServer.tickChildren(MinecraftServer.java:1892) ~[leaf-26.2.jar:26.2-118-4b38592]
	at net.minecraft.server.MinecraftServer.tickServer(MinecraftServer.java:1722) ~[leaf-26.2.jar:26.2-118-4b38592]
	at net.minecraft.server.dedicated.DedicatedServer.tickServer(DedicatedServer.java:469) ~[leaf-26.2.jar:26.2-118-4b38592]
	at net.minecraft.server.MinecraftServer.processPacketsAndTick(MinecraftServer.java:1781) ~[leaf-26.2.jar:26.2-118-4b38592]
	at net.minecraft.server.MinecraftServer.runServer(MinecraftServer.java:1449) ~[leaf-26.2.jar:26.2-118-4b38592]
	at net.minecraft.server.MinecraftServer.lambda$spin$0(MinecraftServer.java:303) ~[leaf-26.2.jar:26.2-118-4b38592]
	at java.base/java.lang.Thread.run(Thread.java:1474) ~[?:?]
[06:35:37 ERROR]: Ignoring setSeed on Entity.SHARED_RANDOM
java.lang.Throwable
	at net.minecraft.world.entity.Entity$RandomRandomSource.setSeed(Entity.java:193) ~[leaf-26.2.jar:26.2-118-4b38592]
	at benchmark.jar//dev.escos.verify.BenchPlugin.setup(BenchPlugin.java:117) ~[?:?]
	at benchmark.jar//dev.escos.verify.BenchPlugin.lambda$onEnable$0(BenchPlugin.java:63) ~[?:?]
	at org.bukkit.craftbukkit.scheduler.CraftTask.run(CraftTask.java:78) ~[leaf-26.2.jar:26.2-118-4b38592]
	at org.bukkit.craftbukkit.scheduler.CraftScheduler.mainThreadHeartbeat(CraftScheduler.java:474) ~[leaf-26.2.jar:26.2-118-4b38592]
	at net.minecraft.server.MinecraftServer.tickChildren(MinecraftServer.java:1892) ~[leaf-26.2.jar:26.2-118-4b38592]
	at net.minecraft.server.MinecraftServer.tickServer(MinecraftServer.java:1722) ~[leaf-26.2.jar:26.2-118-4b38592]
	at net.minecraft.server.dedicated.DedicatedServer.tickServer(DedicatedServer.java:469) ~[leaf-26.2.jar:26.2-118-4b38592]
	at net.minecraft.server.MinecraftServer.processPacketsAndTick(MinecraftServer.java:1781) ~[leaf-26.2.jar:26.2-118-4b38592]
	at net.minecraft.server.MinecraftServer.runServer(MinecraftServer.java:1449) ~[leaf-26.2.jar:26.2-118-4b38592]
	at net.minecraft.server.MinecraftServer.lambda$spin$0(MinecraftServer.java:303) ~[leaf-26.2.jar:26.2-118-4b38592]
	at java.base/java.lang.Thread.run(Thread.java:1474) ~[?:?]
[06:35:37 ERROR]: Ignoring setSeed on Entity.SHARED_RANDOM
java.lang.Throwable
	at net.minecraft.world.entity.Entity$RandomRandomSource.setSeed(Entity.java:193) ~[leaf-26.2.jar:26.2-118-4b38592]
	at benchmark.jar//dev.escos.verify.BenchPlugin.setup(BenchPlugin.java:117) ~[?:?]
	at benchmark.jar//dev.escos.verify.BenchPlugin.lambda$onEnable$0(BenchPlugin.java:63) ~[?:?]
	at org.bukkit.craftbukkit.scheduler.CraftTask.run(CraftTask.java:78) ~[leaf-26.2.jar:26.2-118-4b38592]
	at org.bukkit.craftbukkit.scheduler.CraftScheduler.mainThreadHeartbeat(CraftScheduler.java:474) ~[leaf-26.2.jar:26.2-118-4b38592]
	at net.minecraft.server.MinecraftServer.tickChildren(MinecraftServer.java:1892) ~[leaf-26.2.jar:26.2-118-4b38592]
	at net.minecraft.server.MinecraftServer.tickServer(MinecraftServer.java:1722) ~[leaf-26.2.jar:26.2-118-4b38592]
	at net.minecraft.server.dedicated.DedicatedServer.tickServer(DedicatedServer.java:469) ~[leaf-26.2.jar:26.2-118-4b38592]
	at net.minecraft.server.MinecraftServer.processPacketsAndTick(MinecraftServer.java:1781) ~[leaf-26.2.jar:26.2-118-4b38592]
	at net.minecraft.server.MinecraftServer.runServer(MinecraftServer.java:1449) ~[leaf-26.2.jar:26.2-118-4b38592]
	at net.minecraft.server.MinecraftServer.lambda$spin$0(MinecraftServer.java:303) ~[leaf-26.2.jar:26.2-118-4b38592]
	at java.base/java.lang.Thread.run(Thread.java:1474) ~[?:?]
[06:35:37 ERROR]: Ignoring setSeed on Entity.SHARED_RANDOM
java.lang.Throwable
	at net.minecraft.world.entity.Entity$RandomRandomSource.setSeed(Entity.java:193) ~[leaf-26.2.jar:26.2-118-4b38592]
	at benchmark.jar//dev.escos.verify.BenchPlugin.setup(BenchPlugin.java:117) ~[?:?]
	at benchmark.jar//dev.escos.verify.BenchPlugin.lambda$onEnable$0(BenchPlugin.java:63) ~[?:?]
	at org.bukkit.craftbukkit.scheduler.CraftTask.run(CraftTask.java:78) ~[leaf-26.2.jar:26.2-118-4b38592]
	at org.bukkit.craftbukkit.scheduler.CraftScheduler.mainThreadHeartbeat(CraftScheduler.java:474) ~[leaf-26.2.jar:26.2-118-4b38592]
	at net.minecraft.server.MinecraftServer.tickChildren(MinecraftServer.java:1892) ~[leaf-26.2.jar:26.2-118-4b38592]
	at net.minecraft.server.MinecraftServer.tickServer(MinecraftServer.java:1722) ~[leaf-26.2.jar:26.2-118-4b38592]
	at net.minecraft.server.dedicated.DedicatedServer.tickServer(DedicatedServer.java:469) ~[leaf-26.2.jar:26.2-118-4b38592]
	at net.minecraft.server.MinecraftServer.processPacketsAndTick(MinecraftServer.java:1781) ~[leaf-26.2.jar:26.2-118-4b38592]
	at net.minecraft.server.MinecraftServer.runServer(MinecraftServer.java:1449) ~[leaf-26.2.jar:26.2-118-4b38592]
	at net.minecraft.server.MinecraftServer.lambda$spin$0(MinecraftServer.java:303) ~[leaf-26.2.jar:26.2-118-4b38592]
	at java.base/java.lang.Thread.run(Thread.java:1474) ~[?:?]
[06:35:37 ERROR]: Ignoring setSeed on Entity.SHARED_RANDOM
java.lang.Throwable
	at net.minecraft.world.entity.Entity$RandomRandomSource.setSeed(Entity.java:193) ~[leaf-26.2.jar:26.2-118-4b38592]
	at benchmark.jar//dev.escos.verify.BenchPlugin.setup(BenchPlugin.java:117) ~[?:?]
	at benchmark.jar//dev.escos.verify.BenchPlugin.lambda$onEnable$0(BenchPlugin.java:63) ~[?:?]
	at org.bukkit.craftbukkit.scheduler.CraftTask.run(CraftTask.java:78) ~[leaf-26.2.jar:26.2-118-4b38592]
	at org.bukkit.craftbukkit.scheduler.CraftScheduler.mainThreadHeartbeat(CraftScheduler.java:474) ~[leaf-26.2.jar:26.2-118-4b38592]
	at net.minecraft.server.MinecraftServer.tickChildren(MinecraftServer.java:1892) ~[leaf-26.2.jar:26.2-118-4b38592]
	at net.minecraft.server.MinecraftServer.tickServer(MinecraftServer.java:1722) ~[leaf-26.2.jar:26.2-118-4b38592]
	at net.minecraft.server.dedicated.DedicatedServer.tickServer(DedicatedServer.java:469) ~[leaf-26.2.jar:26.2-118-4b38592]
	at net.minecraft.server.MinecraftServer.processPacketsAndTick(MinecraftServer.java:1781) ~[leaf-26.2.jar:26.2-118-4b38592]
	at net.minecraft.server.MinecraftServer.runServer(MinecraftServer.java:1449) ~[leaf-26.2.jar:26.2-118-4b38592]
	at net.minecraft.server.MinecraftServer.lambda$spin$0(MinecraftServer.java:303) ~[leaf-26.2.jar:26.2-118-4b38592]
	at java.base/java.lang.Thread.run(Thread.java:1474) ~[?:?]
[06:35:37 ERROR]: Ignoring setSeed on Entity.SHARED_RANDOM
java.lang.Throwable
	at net.minecraft.world.entity.Entity$RandomRandomSource.setSeed(Entity.java:193) ~[leaf-26.2.jar:26.2-118-4b38592]
	at benchmark.jar//dev.escos.verify.BenchPlugin.setup(BenchPlugin.java:117) ~[?:?]
	at benchmark.jar//dev.escos.verify.BenchPlugin.lambda$onEnable$0(BenchPlugin.java:63) ~[?:?]
	at org.bukkit.craftbukkit.scheduler.CraftTask.run(CraftTask.java:78) ~[leaf-26.2.jar:26.2-118-4b38592]
	at org.bukkit.craftbukkit.scheduler.CraftScheduler.mainThreadHeartbeat(CraftScheduler.java:474) ~[leaf-26.2.jar:26.2-118-4b38592]
	at net.minecraft.server.MinecraftServer.tickChildren(MinecraftServer.java:1892) ~[leaf-26.2.jar:26.2-118-4b38592]
	at net.minecraft.server.MinecraftServer.tickServer(MinecraftServer.java:1722) ~[leaf-26.2.jar:26.2-118-4b38592]
	at net.minecraft.server.dedicated.DedicatedServer.tickServer(DedicatedServer.java:469) ~[leaf-26.2.jar:26.2-118-4b38592]
	at net.minecraft.server.MinecraftServer.processPacketsAndTick(MinecraftServer.java:1781) ~[leaf-26.2.jar:26.2-118-4b38592]
	at net.minecraft.server.MinecraftServer.runServer(MinecraftServer.java:1449) ~[leaf-26.2.jar:26.2-118-4b38592]
	at net.minecraft.server.MinecraftServer.lambda$spin$0(MinecraftServer.java:303) ~[leaf-26.2.jar:26.2-118-4b38592]
	at java.base/java.lang.Thread.run(Thread.java:1474) ~[?:?]
[06:35:37 ERROR]: Ignoring setSeed on Entity.SHARED_RANDOM
java.lang.Throwable
	at net.minecraft.world.entity.Entity$RandomRandomSource.setSeed(Entity.java:193) ~[leaf-26.2.jar:26.2-118-4b38592]
	at benchmark.jar//dev.escos.verify.BenchPlugin.setup(BenchPlugin.java:117) ~[?:?]
	at benchmark.jar//dev.escos.verify.BenchPlugin.lambda$onEnable$0(BenchPlugin.java:63) ~[?:?]
	at org.bukkit.craftbukkit.scheduler.CraftTask.run(CraftTask.java:78) ~[leaf-26.2.jar:26.2-118-4b38592]
	at org.bukkit.craftbukkit.scheduler.CraftScheduler.mainThreadHeartbeat(CraftScheduler.java:474) ~[leaf-26.2.jar:26.2-118-4b38592]
	at net.minecraft.server.MinecraftServer.tickChildren(MinecraftServer.java:1892) ~[leaf-26.2.jar:26.2-118-4b38592]
	at net.minecraft.server.MinecraftServer.tickServer(MinecraftServer.java:1722) ~[leaf-26.2.jar:26.2-118-4b38592]
	at net.minecraft.server.dedicated.DedicatedServer.tickServer(DedicatedServer.java:469) ~[leaf-26.2.jar:26.2-118-4b38592]
	at net.minecraft.server.MinecraftServer.processPacketsAndTick(MinecraftServer.java:1781) ~[leaf-26.2.jar:26.2-118-4b38592]
	at net.minecraft.server.MinecraftServer.runServer(MinecraftServer.java:1449) ~[leaf-26.2.jar:26.2-118-4b38592]
	at net.minecraft.server.MinecraftServer.lambda$spin$0(MinecraftServer.java:303) ~[leaf-26.2.jar:26.2-118-4b38592]
	at java.base/java.lang.Thread.run(Thread.java:1474) ~[?:?]
[06:35:37 ERROR]: Ignoring setSeed on Entity.SHARED_RANDOM
java.lang.Throwable
	at net.minecraft.world.entity.Entity$RandomRandomSource.setSeed(Entity.java:193) ~[leaf-26.2.jar:26.2-118-4b38592]
	at benchmark.jar//dev.escos.verify.BenchPlugin.setup(BenchPlugin.java:117) ~[?:?]
	at benchmark.jar//dev.escos.verify.BenchPlugin.lambda$onEnable$0(BenchPlugin.java:63) ~[?:?]
	at org.bukkit.craftbukkit.scheduler.CraftTask.run(CraftTask.java:78) ~[leaf-26.2.jar:26.2-118-4b38592]
	at org.bukkit.craftbukkit.scheduler.CraftScheduler.mainThreadHeartbeat(CraftScheduler.java:474) ~[leaf-26.2.jar:26.2-118-4b38592]
	at net.minecraft.server.MinecraftServer.tickChildren(MinecraftServer.java:1892) ~[leaf-26.2.jar:26.2-118-4b38592]
	at net.minecraft.server.MinecraftServer.tickServer(MinecraftServer.java:1722) ~[leaf-26.2.jar:26.2-118-4b38592]
	at net.minecraft.server.dedicated.DedicatedServer.tickServer(DedicatedServer.java:469) ~[leaf-26.2.jar:26.2-118-4b38592]
	at net.minecraft.server.MinecraftServer.processPacketsAndTick(MinecraftServer.java:1781) ~[leaf-26.2.jar:26.2-118-4b38592]
	at net.minecraft.server.MinecraftServer.runServer(MinecraftServer.java:1449) ~[leaf-26.2.jar:26.2-118-4b38592]
	at net.minecraft.server.MinecraftServer.lambda$spin$0(MinecraftServer.java:303) ~[leaf-26.2.jar:26.2-118-4b38592]
	at java.base/java.lang.Thread.run(Thread.java:1474) ~[?:?]
[06:35:37 ERROR]: Ignoring setSeed on Entity.SHARED_RANDOM
java.lang.Throwable
	at net.minecraft.world.entity.Entity$RandomRandomSource.setSeed(Entity.java:193) ~[leaf-26.2.jar:26.2-118-4b38592]
	at benchmark.jar//dev.escos.verify.BenchPlugin.setup(BenchPlugin.java:117) ~[?:?]
	at benchmark.jar//dev.escos.verify.BenchPlugin.lambda$onEnable$0(BenchPlugin.java:63) ~[?:?]
	at org.bukkit.craftbukkit.scheduler.CraftTask.run(CraftTask.java:78) ~[leaf-26.2.jar:26.2-118-4b38592]
	at org.bukkit.craftbukkit.scheduler.CraftScheduler.mainThreadHeartbeat(CraftScheduler.java:474) ~[leaf-26.2.jar:26.2-118-4b38592]
	at net.minecraft.server.MinecraftServer.tickChildren(MinecraftServer.java:1892) ~[leaf-26.2.jar:26.2-118-4b38592]
	at net.minecraft.server.MinecraftServer.tickServer(MinecraftServer.java:1722) ~[leaf-26.2.jar:26.2-118-4b38592]
	at net.minecraft.server.dedicated.DedicatedServer.tickServer(DedicatedServer.java:469) ~[leaf-26.2.jar:26.2-118-4b38592]
	at net.minecraft.server.MinecraftServer.processPacketsAndTick(MinecraftServer.java:1781) ~[leaf-26.2.jar:26.2-118-4b38592]
	at net.minecraft.server.MinecraftServer.runServer(MinecraftServer.java:1449) ~[leaf-26.2.jar:26.2-118-4b38592]
	at net.minecraft.server.MinecraftServer.lambda$spin$0(MinecraftServer.java:303) ~[leaf-26.2.jar:26.2-118-4b38592]
	at java.base/java.lang.Thread.run(Thread.java:1474) ~[?:?]
[06:35:37 ERROR]: Ignoring setSeed on Entity.SHARED_RANDOM
java.lang.Throwable
	at net.minecraft.world.entity.Entity$RandomRandomSource.setSeed(Entity.java:193) ~[leaf-26.2.jar:26.2-118-4b38592]
	at benchmark.jar//dev.escos.verify.BenchPlugin.setup(BenchPlugin.java:117) ~[?:?]
	at benchmark.jar//dev.escos.verify.BenchPlugin.lambda$onEnable$0(BenchPlugin.java:63) ~[?:?]
	at org.bukkit.craftbukkit.scheduler.CraftTask.run(CraftTask.java:78) ~[leaf-26.2.jar:26.2-118-4b38592]
	at org.bukkit.craftbukkit.scheduler.CraftScheduler.mainThreadHeartbeat(CraftScheduler.java:474) ~[leaf-26.2.jar:26.2-118-4b38592]
	at net.minecraft.server.MinecraftServer.tickChildren(MinecraftServer.java:1892) ~[leaf-26.2.jar:26.2-118-4b38592]
	at net.minecraft.server.MinecraftServer.tickServer(MinecraftServer.java:1722) ~[leaf-26.2.jar:26.2-118-4b38592]
	at net.minecraft.server.dedicated.DedicatedServer.tickServer(DedicatedServer.java:469) ~[leaf-26.2.jar:26.2-118-4b38592]
	at net.minecraft.server.MinecraftServer.processPacketsAndTick(MinecraftServer.java:1781) ~[leaf-26.2.jar:26.2-118-4b38592]
	at net.minecraft.server.MinecraftServer.runServer(MinecraftServer.java:1449) ~[leaf-26.2.jar:26.2-118-4b38592]
	at net.minecraft.server.MinecraftServer.lambda$spin$0(MinecraftServer.java:303) ~[leaf-26.2.jar:26.2-118-4b38592]
	at java.base/java.lang.Thread.run(Thread.java:1474) ~[?:?]
[06:35:37 ERROR]: Ignoring setSeed on Entity.SHARED_RANDOM
java.lang.Throwable
	at net.minecraft.world.entity.Entity$RandomRandomSource.setSeed(Entity.java:193) ~[leaf-26.2.jar:26.2-118-4b38592]
	at benchmark.jar//dev.escos.verify.BenchPlugin.setup(BenchPlugin.java:117) ~[?:?]
	at benchmark.jar//dev.escos.verify.BenchPlugin.lambda$onEnable$0(BenchPlugin.java:63) ~[?:?]
	at org.bukkit.craftbukkit.scheduler.CraftTask.run(CraftTask.java:78) ~[leaf-26.2.jar:26.2-118-4b38592]
	at org.bukkit.craftbukkit.scheduler.CraftScheduler.mainThreadHeartbeat(CraftScheduler.java:474) ~[leaf-26.2.jar:26.2-118-4b38592]
	at net.minecraft.server.MinecraftServer.tickChildren(MinecraftServer.java:1892) ~[leaf-26.2.jar:26.2-118-4b38592]
	at net.minecraft.server.MinecraftServer.tickServer(MinecraftServer.java:1722) ~[leaf-26.2.jar:26.2-118-4b38592]
	at net.minecraft.server.dedicated.DedicatedServer.tickServer(DedicatedServer.java:469) ~[leaf-26.2.jar:26.2-118-4b38592]
	at net.minecraft.server.MinecraftServer.processPacketsAndTick(MinecraftServer.java:1781) ~[leaf-26.2.jar:26.2-118-4b38592]
	at net.minecraft.server.MinecraftServer.runServer(MinecraftServer.java:1449) ~[leaf-26.2.jar:26.2-118-4b38592]
	at net.minecraft.server.MinecraftServer.lambda$spin$0(MinecraftServer.java:303) ~[leaf-26.2.jar:26.2-118-4b38592]
	at java.base/java.lang.Thread.run(Thread.java:1474) ~[?:?]
[06:35:37 ERROR]: Ignoring setSeed on Entity.SHARED_RANDOM
java.lang.Throwable
	at net.minecraft.world.entity.Entity$RandomRandomSource.setSeed(Entity.java:193) ~[leaf-26.2.jar:26.2-118-4b38592]
	at benchmark.jar//dev.escos.verify.BenchPlugin.setup(BenchPlugin.java:117) ~[?:?]
	at benchmark.jar//dev.escos.verify.BenchPlugin.lambda$onEnable$0(BenchPlugin.java:63) ~[?:?]
	at org.bukkit.craftbukkit.scheduler.CraftTask.run(CraftTask.java:78) ~[leaf-26.2.jar:26.2-118-4b38592]
	at org.bukkit.craftbukkit.scheduler.CraftScheduler.mainThreadHeartbeat(CraftScheduler.java:474) ~[leaf-26.2.jar:26.2-118-4b38592]
	at net.minecraft.server.MinecraftServer.tickChildren(MinecraftServer.java:1892) ~[leaf-26.2.jar:26.2-118-4b38592]
	at net.minecraft.server.MinecraftServer.tickServer(MinecraftServer.java:1722) ~[leaf-26.2.jar:26.2-118-4b38592]
	at net.minecraft.server.dedicated.DedicatedServer.tickServer(DedicatedServer.java:469) ~[leaf-26.2.jar:26.2-118-4b38592]
	at net.minecraft.server.MinecraftServer.processPacketsAndTick(MinecraftServer.java:1781) ~[leaf-26.2.jar:26.2-118-4b38592]
	at net.minecraft.server.MinecraftServer.runServer(MinecraftServer.java:1449) ~[leaf-26.2.jar:26.2-118-4b38592]
	at net.minecraft.server.MinecraftServer.lambda$spin$0(MinecraftServer.java:303) ~[leaf-26.2.jar:26.2-118-4b38592]
	at java.base/java.lang.Thread.run(Thread.java:1474) ~[?:?]
[06:35:37 ERROR]: Ignoring setSeed on Entity.SHARED_RANDOM
java.lang.Throwable
	at net.minecraft.world.entity.Entity$RandomRandomSource.setSeed(Entity.java:193) ~[leaf-26.2.jar:26.2-118-4b38592]
	at benchmark.jar//dev.escos.verify.BenchPlugin.setup(BenchPlugin.java:117) ~[?:?]
	at benchmark.jar//dev.escos.verify.BenchPlugin.lambda$onEnable$0(BenchPlugin.java:63) ~[?:?]
	at org.bukkit.craftbukkit.scheduler.CraftTask.run(CraftTask.java:78) ~[leaf-26.2.jar:26.2-118-4b38592]
	at org.bukkit.craftbukkit.scheduler.CraftScheduler.mainThreadHeartbeat(CraftScheduler.java:474) ~[leaf-26.2.jar:26.2-118-4b38592]
	at net.minecraft.server.MinecraftServer.tickChildren(MinecraftServer.java:1892) ~[leaf-26.2.jar:26.2-118-4b38592]
	at net.minecraft.server.MinecraftServer.tickServer(MinecraftServer.java:1722) ~[leaf-26.2.jar:26.2-118-4b38592]
	at net.minecraft.server.dedicated.DedicatedServer.tickServer(DedicatedServer.java:469) ~[leaf-26.2.jar:26.2-118-4b38592]
	at net.minecraft.server.MinecraftServer.processPacketsAndTick(MinecraftServer.java:1781) ~[leaf-26.2.jar:26.2-118-4b38592]
	at net.minecraft.server.MinecraftServer.runServer(MinecraftServer.java:1449) ~[leaf-26.2.jar:26.2-118-4b38592]
	at net.minecraft.server.MinecraftServer.lambda$spin$0(MinecraftServer.java:303) ~[leaf-26.2.jar:26.2-118-4b38592]
	at java.base/java.lang.Thread.run(Thread.java:1474) ~[?:?]
[06:35:37 ERROR]: Ignoring setSeed on Entity.SHARED_RANDOM
java.lang.Throwable
	at net.minecraft.world.entity.Entity$RandomRandomSource.setSeed(Entity.java:193) ~[leaf-26.2.jar:26.2-118-4b38592]
	at benchmark.jar//dev.escos.verify.BenchPlugin.setup(BenchPlugin.java:117) ~[?:?]
	at benchmark.jar//dev.escos.verify.BenchPlugin.lambda$onEnable$0(BenchPlugin.java:63) ~[?:?]
	at org.bukkit.craftbukkit.scheduler.CraftTask.run(CraftTask.java:78) ~[leaf-26.2.jar:26.2-118-4b38592]
	at org.bukkit.craftbukkit.scheduler.CraftScheduler.mainThreadHeartbeat(CraftScheduler.java:474) ~[leaf-26.2.jar:26.2-118-4b38592]
	at net.minecraft.server.MinecraftServer.tickChildren(MinecraftServer.java:1892) ~[leaf-26.2.jar:26.2-118-4b38592]
	at net.minecraft.server.MinecraftServer.tickServer(MinecraftServer.java:1722) ~[leaf-26.2.jar:26.2-118-4b38592]
	at net.minecraft.server.dedicated.DedicatedServer.tickServer(DedicatedServer.java:469) ~[leaf-26.2.jar:26.2-118-4b38592]
	at net.minecraft.server.MinecraftServer.processPacketsAndTick(MinecraftServer.java:1781) ~[leaf-26.2.jar:26.2-118-4b38592]
	at net.minecraft.server.MinecraftServer.runServer(MinecraftServer.java:1449) ~[leaf-26.2.jar:26.2-118-4b38592]
	at net.minecraft.server.MinecraftServer.lambda$spin$0(MinecraftServer.java:303) ~[leaf-26.2.jar:26.2-118-4b38592]
	at java.base/java.lang.Thread.run(Thread.java:1474) ~[?:?]
[06:35:37 ERROR]: Ignoring setSeed on Entity.SHARED_RANDOM
java.lang.Throwable
	at net.minecraft.world.entity.Entity$RandomRandomSource.setSeed(Entity.java:193) ~[leaf-26.2.jar:26.2-118-4b38592]
	at benchmark.jar//dev.escos.verify.BenchPlugin.setup(BenchPlugin.java:117) ~[?:?]
	at benchmark.jar//dev.escos.verify.BenchPlugin.lambda$onEnable$0(BenchPlugin.java:63) ~[?:?]
	at org.bukkit.craftbukkit.scheduler.CraftTask.run(CraftTask.java:78) ~[leaf-26.2.jar:26.2-118-4b38592]
	at org.bukkit.craftbukkit.scheduler.CraftScheduler.mainThreadHeartbeat(CraftScheduler.java:474) ~[leaf-26.2.jar:26.2-118-4b38592]
	at net.minecraft.server.MinecraftServer.tickChildren(MinecraftServer.java:1892) ~[leaf-26.2.jar:26.2-118-4b38592]
	at net.minecraft.server.MinecraftServer.tickServer(MinecraftServer.java:1722) ~[leaf-26.2.jar:26.2-118-4b38592]
	at net.minecraft.server.dedicated.DedicatedServer.tickServer(DedicatedServer.java:469) ~[leaf-26.2.jar:26.2-118-4b38592]
	at net.minecraft.server.MinecraftServer.processPacketsAndTick(MinecraftServer.java:1781) ~[leaf-26.2.jar:26.2-118-4b38592]
	at net.minecraft.server.MinecraftServer.runServer(MinecraftServer.java:1449) ~[leaf-26.2.jar:26.2-118-4b38592]
	at net.minecraft.server.MinecraftServer.lambda$spin$0(MinecraftServer.java:303) ~[leaf-26.2.jar:26.2-118-4b38592]
	at java.base/java.lang.Thread.run(Thread.java:1474) ~[?:?]
[06:35:37 ERROR]: Ignoring setSeed on Entity.SHARED_RANDOM
java.lang.Throwable
	at net.minecraft.world.entity.Entity$RandomRandomSource.setSeed(Entity.java:193) ~[leaf-26.2.jar:26.2-118-4b38592]
	at benchmark.jar//dev.escos.verify.BenchPlugin.setup(BenchPlugin.java:117) ~[?:?]
	at benchmark.jar//dev.escos.verify.BenchPlugin.lambda$onEnable$0(BenchPlugin.java:63) ~[?:?]
	at org.bukkit.craftbukkit.scheduler.CraftTask.run(CraftTask.java:78) ~[leaf-26.2.jar:26.2-118-4b38592]
	at org.bukkit.craftbukkit.scheduler.CraftScheduler.mainThreadHeartbeat(CraftScheduler.java:474) ~[leaf-26.2.jar:26.2-118-4b38592]
	at net.minecraft.server.MinecraftServer.tickChildren(MinecraftServer.java:1892) ~[leaf-26.2.jar:26.2-118-4b38592]
	at net.minecraft.server.MinecraftServer.tickServer(MinecraftServer.java:1722) ~[leaf-26.2.jar:26.2-118-4b38592]
	at net.minecraft.server.dedicated.DedicatedServer.tickServer(DedicatedServer.java:469) ~[leaf-26.2.jar:26.2-118-4b38592]
	at net.minecraft.server.MinecraftServer.processPacketsAndTick(MinecraftServer.java:1781) ~[leaf-26.2.jar:26.2-118-4b38592]
	at net.minecraft.server.MinecraftServer.runServer(MinecraftServer.java:1449) ~[leaf-26.2.jar:26.2-118-4b38592]
	at net.minecraft.server.MinecraftServer.lambda$spin$0(MinecraftServer.java:303) ~[leaf-26.2.jar:26.2-118-4b38592]
	at java.base/java.lang.Thread.run(Thread.java:1474) ~[?:?]
[06:35:37 ERROR]: Ignoring setSeed on Entity.SHARED_RANDOM
java.lang.Throwable
	at net.minecraft.world.entity.Entity$RandomRandomSource.setSeed(Entity.java:193) ~[leaf-26.2.jar:26.2-118-4b38592]
	at benchmark.jar//dev.escos.verify.BenchPlugin.setup(BenchPlugin.java:117) ~[?:?]
	at benchmark.jar//dev.escos.verify.BenchPlugin.lambda$onEnable$0(BenchPlugin.java:63) ~[?:?]
	at org.bukkit.craftbukkit.scheduler.CraftTask.run(CraftTask.java:78) ~[leaf-26.2.jar:26.2-118-4b38592]
	at org.bukkit.craftbukkit.scheduler.CraftScheduler.mainThreadHeartbeat(CraftScheduler.java:474) ~[leaf-26.2.jar:26.2-118-4b38592]
	at net.minecraft.server.MinecraftServer.tickChildren(MinecraftServer.java:1892) ~[leaf-26.2.jar:26.2-118-4b38592]
	at net.minecraft.server.MinecraftServer.tickServer(MinecraftServer.java:1722) ~[leaf-26.2.jar:26.2-118-4b38592]
	at net.minecraft.server.dedicated.DedicatedServer.tickServer(DedicatedServer.java:469) ~[leaf-26.2.jar:26.2-118-4b38592]
	at net.minecraft.server.MinecraftServer.processPacketsAndTick(MinecraftServer.java:1781) ~[leaf-26.2.jar:26.2-118-4b38592]
	at net.minecraft.server.MinecraftServer.runServer(MinecraftServer.java:1449) ~[leaf-26.2.jar:26.2-118-4b38592]
	at net.minecraft.server.MinecraftServer.lambda$spin$0(MinecraftServer.java:303) ~[leaf-26.2.jar:26.2-118-4b38592]
	at java.base/java.lang.Thread.run(Thread.java:1474) ~[?:?]
[06:35:37 ERROR]: Ignoring setSeed on Entity.SHARED_RANDOM
java.lang.Throwable
	at net.minecraft.world.entity.Entity$RandomRandomSource.setSeed(Entity.java:193) ~[leaf-26.2.jar:26.2-118-4b38592]
	at benchmark.jar//dev.escos.verify.BenchPlugin.setup(BenchPlugin.java:117) ~[?:?]
	at benchmark.jar//dev.escos.verify.BenchPlugin.lambda$onEnable$0(BenchPlugin.java:63) ~[?:?]
	at org.bukkit.craftbukkit.scheduler.CraftTask.run(CraftTask.java:78) ~[leaf-26.2.jar:26.2-118-4b38592]
	at org.bukkit.craftbukkit.scheduler.CraftScheduler.mainThreadHeartbeat(CraftScheduler.java:474) ~[leaf-26.2.jar:26.2-118-4b38592]
	at net.minecraft.server.MinecraftServer.tickChildren(MinecraftServer.java:1892) ~[leaf-26.2.jar:26.2-118-4b38592]
	at net.minecraft.server.MinecraftServer.tickServer(MinecraftServer.java:1722) ~[leaf-26.2.jar:26.2-118-4b38592]
	at net.minecraft.server.dedicated.DedicatedServer.tickServer(DedicatedServer.java:469) ~[leaf-26.2.jar:26.2-118-4b38592]
	at net.minecraft.server.MinecraftServer.processPacketsAndTick(MinecraftServer.java:1781) ~[leaf-26.2.jar:26.2-118-4b38592]
	at net.minecraft.server.MinecraftServer.runServer(MinecraftServer.java:1449) ~[leaf-26.2.jar:26.2-118-4b38592]
	at net.minecraft.server.MinecraftServer.lambda$spin$0(MinecraftServer.java:303) ~[leaf-26.2.jar:26.2-118-4b38592]
	at java.base/java.lang.Thread.run(Thread.java:1474) ~[?:?]
[06:35:37 ERROR]: Ignoring setSeed on Entity.SHARED_RANDOM
java.lang.Throwable
	at net.minecraft.world.entity.Entity$RandomRandomSource.setSeed(Entity.java:193) ~[leaf-26.2.jar:26.2-118-4b38592]
	at benchmark.jar//dev.escos.verify.BenchPlugin.setup(BenchPlugin.java:117) ~[?:?]
	at benchmark.jar//dev.escos.verify.BenchPlugin.lambda$onEnable$0(BenchPlugin.java:63) ~[?:?]
	at org.bukkit.craftbukkit.scheduler.CraftTask.run(CraftTask.java:78) ~[leaf-26.2.jar:26.2-118-4b38592]
	at org.bukkit.craftbukkit.scheduler.CraftScheduler.mainThreadHeartbeat(CraftScheduler.java:474) ~[leaf-26.2.jar:26.2-118-4b38592]
	at net.minecraft.server.MinecraftServer.tickChildren(MinecraftServer.java:1892) ~[leaf-26.2.jar:26.2-118-4b38592]
	at net.minecraft.server.MinecraftServer.tickServer(MinecraftServer.java:1722) ~[leaf-26.2.jar:26.2-118-4b38592]
	at net.minecraft.server.dedicated.DedicatedServer.tickServer(DedicatedServer.java:469) ~[leaf-26.2.jar:26.2-118-4b38592]
	at net.minecraft.server.MinecraftServer.processPacketsAndTick(MinecraftServer.java:1781) ~[leaf-26.2.jar:26.2-118-4b38592]
	at net.minecraft.server.MinecraftServer.runServer(MinecraftServer.java:1449) ~[leaf-26.2.jar:26.2-118-4b38592]
	at net.minecraft.server.MinecraftServer.lambda$spin$0(MinecraftServer.java:303) ~[leaf-26.2.jar:26.2-118-4b38592]
	at java.base/java.lang.Thread.run(Thread.java:1474) ~[?:?]
[06:35:37 ERROR]: Ignoring setSeed on Entity.SHARED_RANDOM
java.lang.Throwable
	at net.minecraft.world.entity.Entity$RandomRandomSource.setSeed(Entity.java:193) ~[leaf-26.2.jar:26.2-118-4b38592]
	at benchmark.jar//dev.escos.verify.BenchPlugin.setup(BenchPlugin.java:117) ~[?:?]
	at benchmark.jar//dev.escos.verify.BenchPlugin.lambda$onEnable$0(BenchPlugin.java:63) ~[?:?]
	at org.bukkit.craftbukkit.scheduler.CraftTask.run(CraftTask.java:78) ~[leaf-26.2.jar:26.2-118-4b38592]
	at org.bukkit.craftbukkit.scheduler.CraftScheduler.mainThreadHeartbeat(CraftScheduler.java:474) ~[leaf-26.2.jar:26.2-118-4b38592]
	at net.minecraft.server.MinecraftServer.tickChildren(MinecraftServer.java:1892) ~[leaf-26.2.jar:26.2-118-4b38592]
	at net.minecraft.server.MinecraftServer.tickServer(MinecraftServer.java:1722) ~[leaf-26.2.jar:26.2-118-4b38592]
	at net.minecraft.server.dedicated.DedicatedServer.tickServer(DedicatedServer.java:469) ~[leaf-26.2.jar:26.2-118-4b38592]
	at net.minecraft.server.MinecraftServer.processPacketsAndTick(MinecraftServer.java:1781) ~[leaf-26.2.jar:26.2-118-4b38592]
	at net.minecraft.server.MinecraftServer.runServer(MinecraftServer.java:1449) ~[leaf-26.2.jar:26.2-118-4b38592]
	at net.minecraft.server.MinecraftServer.lambda$spin$0(MinecraftServer.java:303) ~[leaf-26.2.jar:26.2-118-4b38592]
	at java.base/java.lang.Thread.run(Thread.java:1474) ~[?:?]
[06:35:37 ERROR]: Ignoring setSeed on Entity.SHARED_RANDOM
java.lang.Throwable
	at net.minecraft.world.entity.Entity$RandomRandomSource.setSeed(Entity.java:193) ~[leaf-26.2.jar:26.2-118-4b38592]
	at benchmark.jar//dev.escos.verify.BenchPlugin.setup(BenchPlugin.java:117) ~[?:?]
	at benchmark.jar//dev.escos.verify.BenchPlugin.lambda$onEnable$0(BenchPlugin.java:63) ~[?:?]
	at org.bukkit.craftbukkit.scheduler.CraftTask.run(CraftTask.java:78) ~[leaf-26.2.jar:26.2-118-4b38592]
	at org.bukkit.craftbukkit.scheduler.CraftScheduler.mainThreadHeartbeat(CraftScheduler.java:474) ~[leaf-26.2.jar:26.2-118-4b38592]
	at net.minecraft.server.MinecraftServer.tickChildren(MinecraftServer.java:1892) ~[leaf-26.2.jar:26.2-118-4b38592]
	at net.minecraft.server.MinecraftServer.tickServer(MinecraftServer.java:1722) ~[leaf-26.2.jar:26.2-118-4b38592]
	at net.minecraft.server.dedicated.DedicatedServer.tickServer(DedicatedServer.java:469) ~[leaf-26.2.jar:26.2-118-4b38592]
	at net.minecraft.server.MinecraftServer.processPacketsAndTick(MinecraftServer.java:1781) ~[leaf-26.2.jar:26.2-118-4b38592]
	at net.minecraft.server.MinecraftServer.runServer(MinecraftServer.java:1449) ~[leaf-26.2.jar:26.2-118-4b38592]
	at net.minecraft.server.MinecraftServer.lambda$spin$0(MinecraftServer.java:303) ~[leaf-26.2.jar:26.2-118-4b38592]
	at java.base/java.lang.Thread.run(Thread.java:1474) ~[?:?]
[06:35:37 ERROR]: Ignoring setSeed on Entity.SHARED_RANDOM
java.lang.Throwable
	at net.minecraft.world.entity.Entity$RandomRandomSource.setSeed(Entity.java:193) ~[leaf-26.2.jar:26.2-118-4b38592]
	at benchmark.jar//dev.escos.verify.BenchPlugin.setup(BenchPlugin.java:117) ~[?:?]
	at benchmark.jar//dev.escos.verify.BenchPlugin.lambda$onEnable$0(BenchPlugin.java:63) ~[?:?]
	at org.bukkit.craftbukkit.scheduler.CraftTask.run(CraftTask.java:78) ~[leaf-26.2.jar:26.2-118-4b38592]
	at org.bukkit.craftbukkit.scheduler.CraftScheduler.mainThreadHeartbeat(CraftScheduler.java:474) ~[leaf-26.2.jar:26.2-118-4b38592]
	at net.minecraft.server.MinecraftServer.tickChildren(MinecraftServer.java:1892) ~[leaf-26.2.jar:26.2-118-4b38592]
	at net.minecraft.server.MinecraftServer.tickServer(MinecraftServer.java:1722) ~[leaf-26.2.jar:26.2-118-4b38592]
	at net.minecraft.server.dedicated.DedicatedServer.tickServer(DedicatedServer.java:469) ~[leaf-26.2.jar:26.2-118-4b38592]
	at net.minecraft.server.MinecraftServer.processPacketsAndTick(MinecraftServer.java:1781) ~[leaf-26.2.jar:26.2-118-4b38592]
	at net.minecraft.server.MinecraftServer.runServer(MinecraftServer.java:1449) ~[leaf-26.2.jar:26.2-118-4b38592]
	at net.minecraft.server.MinecraftServer.lambda$spin$0(MinecraftServer.java:303) ~[leaf-26.2.jar:26.2-118-4b38592]
	at java.base/java.lang.Thread.run(Thread.java:1474) ~[?:?]
[06:35:37 ERROR]: Ignoring setSeed on Entity.SHARED_RANDOM
java.lang.Throwable
	at net.minecraft.world.entity.Entity$RandomRandomSource.setSeed(Entity.java:193) ~[leaf-26.2.jar:26.2-118-4b38592]
	at benchmark.jar//dev.escos.verify.BenchPlugin.setup(BenchPlugin.java:117) ~[?:?]
	at benchmark.jar//dev.escos.verify.BenchPlugin.lambda$onEnable$0(BenchPlugin.java:63) ~[?:?]
	at org.bukkit.craftbukkit.scheduler.CraftTask.run(CraftTask.java:78) ~[leaf-26.2.jar:26.2-118-4b38592]
	at org.bukkit.craftbukkit.scheduler.CraftScheduler.mainThreadHeartbeat(CraftScheduler.java:474) ~[leaf-26.2.jar:26.2-118-4b38592]
	at net.minecraft.server.MinecraftServer.tickChildren(MinecraftServer.java:1892) ~[leaf-26.2.jar:26.2-118-4b38592]
	at net.minecraft.server.MinecraftServer.tickServer(MinecraftServer.java:1722) ~[leaf-26.2.jar:26.2-118-4b38592]
	at net.minecraft.server.dedicated.DedicatedServer.tickServer(DedicatedServer.java:469) ~[leaf-26.2.jar:26.2-118-4b38592]
	at net.minecraft.server.MinecraftServer.processPacketsAndTick(MinecraftServer.java:1781) ~[leaf-26.2.jar:26.2-118-4b38592]
	at net.minecraft.server.MinecraftServer.runServer(MinecraftServer.java:1449) ~[leaf-26.2.jar:26.2-118-4b38592]
	at net.minecraft.server.MinecraftServer.lambda$spin$0(MinecraftServer.java:303) ~[leaf-26.2.jar:26.2-118-4b38592]
	at java.base/java.lang.Thread.run(Thread.java:1474) ~[?:?]
[06:35:37 ERROR]: Ignoring setSeed on Entity.SHARED_RANDOM
java.lang.Throwable
	at net.minecraft.world.entity.Entity$RandomRandomSource.setSeed(Entity.java:193) ~[leaf-26.2.jar:26.2-118-4b38592]
	at benchmark.jar//dev.escos.verify.BenchPlugin.setup(BenchPlugin.java:117) ~[?:?]
	at benchmark.jar//dev.escos.verify.BenchPlugin.lambda$onEnable$0(BenchPlugin.java:63) ~[?:?]
	at org.bukkit.craftbukkit.scheduler.CraftTask.run(CraftTask.java:78) ~[leaf-26.2.jar:26.2-118-4b38592]
	at org.bukkit.craftbukkit.scheduler.CraftScheduler.mainThreadHeartbeat(CraftScheduler.java:474) ~[leaf-26.2.jar:26.2-118-4b38592]
	at net.minecraft.server.MinecraftServer.tickChildren(MinecraftServer.java:1892) ~[leaf-26.2.jar:26.2-118-4b38592]
	at net.minecraft.server.MinecraftServer.tickServer(MinecraftServer.java:1722) ~[leaf-26.2.jar:26.2-118-4b38592]
	at net.minecraft.server.dedicated.DedicatedServer.tickServer(DedicatedServer.java:469) ~[leaf-26.2.jar:26.2-118-4b38592]
	at net.minecraft.server.MinecraftServer.processPacketsAndTick(MinecraftServer.java:1781) ~[leaf-26.2.jar:26.2-118-4b38592]
	at net.minecraft.server.MinecraftServer.runServer(MinecraftServer.java:1449) ~[leaf-26.2.jar:26.2-118-4b38592]
	at net.minecraft.server.MinecraftServer.lambda$spin$0(MinecraftServer.java:303) ~[leaf-26.2.jar:26.2-118-4b38592]
	at java.base/java.lang.Thread.run(Thread.java:1474) ~[?:?]
[06:35:37 ERROR]: Ignoring setSeed on Entity.SHARED_RANDOM
java.lang.Throwable
	at net.minecraft.world.entity.Entity$RandomRandomSource.setSeed(Entity.java:193) ~[leaf-26.2.jar:26.2-118-4b38592]
	at benchmark.jar//dev.escos.verify.BenchPlugin.setup(BenchPlugin.java:117) ~[?:?]
	at benchmark.jar//dev.escos.verify.BenchPlugin.lambda$onEnable$0(BenchPlugin.java:63) ~[?:?]
	at org.bukkit.craftbukkit.scheduler.CraftTask.run(CraftTask.java:78) ~[leaf-26.2.jar:26.2-118-4b38592]
	at org.bukkit.craftbukkit.scheduler.CraftScheduler.mainThreadHeartbeat(CraftScheduler.java:474) ~[leaf-26.2.jar:26.2-118-4b38592]
	at net.minecraft.server.MinecraftServer.tickChildren(MinecraftServer.java:1892) ~[leaf-26.2.jar:26.2-118-4b38592]
	at net.minecraft.server.MinecraftServer.tickServer(MinecraftServer.java:1722) ~[leaf-26.2.jar:26.2-118-4b38592]
	at net.minecraft.server.dedicated.DedicatedServer.tickServer(DedicatedServer.java:469) ~[leaf-26.2.jar:26.2-118-4b38592]
	at net.minecraft.server.MinecraftServer.processPacketsAndTick(MinecraftServer.java:1781) ~[leaf-26.2.jar:26.2-118-4b38592]
	at net.minecraft.server.MinecraftServer.runServer(MinecraftServer.java:1449) ~[leaf-26.2.jar:26.2-118-4b38592]
	at net.minecraft.server.MinecraftServer.lambda$spin$0(MinecraftServer.java:303) ~[leaf-26.2.jar:26.2-118-4b38592]
	at java.base/java.lang.Thread.run(Thread.java:1474) ~[?:?]
[06:35:37 ERROR]: Ignoring setSeed on Entity.SHARED_RANDOM
java.lang.Throwable
	at net.minecraft.world.entity.Entity$RandomRandomSource.setSeed(Entity.java:193) ~[leaf-26.2.jar:26.2-118-4b38592]
	at benchmark.jar//dev.escos.verify.BenchPlugin.setup(BenchPlugin.java:117) ~[?:?]
	at benchmark.jar//dev.escos.verify.BenchPlugin.lambda$onEnable$0(BenchPlugin.java:63) ~[?:?]
	at org.bukkit.craftbukkit.scheduler.CraftTask.run(CraftTask.java:78) ~[leaf-26.2.jar:26.2-118-4b38592]
	at org.bukkit.craftbukkit.scheduler.CraftScheduler.mainThreadHeartbeat(CraftScheduler.java:474) ~[leaf-26.2.jar:26.2-118-4b38592]
	at net.minecraft.server.MinecraftServer.tickChildren(MinecraftServer.java:1892) ~[leaf-26.2.jar:26.2-118-4b38592]
	at net.minecraft.server.MinecraftServer.tickServer(MinecraftServer.java:1722) ~[leaf-26.2.jar:26.2-118-4b38592]
	at net.minecraft.server.dedicated.DedicatedServer.tickServer(DedicatedServer.java:469) ~[leaf-26.2.jar:26.2-118-4b38592]
	at net.minecraft.server.MinecraftServer.processPacketsAndTick(MinecraftServer.java:1781) ~[leaf-26.2.jar:26.2-118-4b38592]
	at net.minecraft.server.MinecraftServer.runServer(MinecraftServer.java:1449) ~[leaf-26.2.jar:26.2-118-4b38592]
	at net.minecraft.server.MinecraftServer.lambda$spin$0(MinecraftServer.java:303) ~[leaf-26.2.jar:26.2-118-4b38592]
	at java.base/java.lang.Thread.run(Thread.java:1474) ~[?:?]
[06:35:37 ERROR]: Ignoring setSeed on Entity.SHARED_RANDOM
java.lang.Throwable
	at net.minecraft.world.entity.Entity$RandomRandomSource.setSeed(Entity.java:193) ~[leaf-26.2.jar:26.2-118-4b38592]
	at benchmark.jar//dev.escos.verify.BenchPlugin.setup(BenchPlugin.java:117) ~[?:?]
	at benchmark.jar//dev.escos.verify.BenchPlugin.lambda$onEnable$0(BenchPlugin.java:63) ~[?:?]
	at org.bukkit.craftbukkit.scheduler.CraftTask.run(CraftTask.java:78) ~[leaf-26.2.jar:26.2-118-4b38592]
	at org.bukkit.craftbukkit.scheduler.CraftScheduler.mainThreadHeartbeat(CraftScheduler.java:474) ~[leaf-26.2.jar:26.2-118-4b38592]
	at net.minecraft.server.MinecraftServer.tickChildren(MinecraftServer.java:1892) ~[leaf-26.2.jar:26.2-118-4b38592]
	at net.minecraft.server.MinecraftServer.tickServer(MinecraftServer.java:1722) ~[leaf-26.2.jar:26.2-118-4b38592]
	at net.minecraft.server.dedicated.DedicatedServer.tickServer(DedicatedServer.java:469) ~[leaf-26.2.jar:26.2-118-4b38592]
	at net.minecraft.server.MinecraftServer.processPacketsAndTick(MinecraftServer.java:1781) ~[leaf-26.2.jar:26.2-118-4b38592]
	at net.minecraft.server.MinecraftServer.runServer(MinecraftServer.java:1449) ~[leaf-26.2.jar:26.2-118-4b38592]
	at net.minecraft.server.MinecraftServer.lambda$spin$0(MinecraftServer.java:303) ~[leaf-26.2.jar:26.2-118-4b38592]
	at java.base/java.lang.Thread.run(Thread.java:1474) ~[?:?]
[06:35:37 ERROR]: Ignoring setSeed on Entity.SHARED_RANDOM
java.lang.Throwable
	at net.minecraft.world.entity.Entity$RandomRandomSource.setSeed(Entity.java:193) ~[leaf-26.2.jar:26.2-118-4b38592]
	at benchmark.jar//dev.escos.verify.BenchPlugin.setup(BenchPlugin.java:117) ~[?:?]
	at benchmark.jar//dev.escos.verify.BenchPlugin.lambda$onEnable$0(BenchPlugin.java:63) ~[?:?]
	at org.bukkit.craftbukkit.scheduler.CraftTask.run(CraftTask.java:78) ~[leaf-26.2.jar:26.2-118-4b38592]
	at org.bukkit.craftbukkit.scheduler.CraftScheduler.mainThreadHeartbeat(CraftScheduler.java:474) ~[leaf-26.2.jar:26.2-118-4b38592]
	at net.minecraft.server.MinecraftServer.tickChildren(MinecraftServer.java:1892) ~[leaf-26.2.jar:26.2-118-4b38592]
	at net.minecraft.server.MinecraftServer.tickServer(MinecraftServer.java:1722) ~[leaf-26.2.jar:26.2-118-4b38592]
	at net.minecraft.server.dedicated.DedicatedServer.tickServer(DedicatedServer.java:469) ~[leaf-26.2.jar:26.2-118-4b38592]
	at net.minecraft.server.MinecraftServer.processPacketsAndTick(MinecraftServer.java:1781) ~[leaf-26.2.jar:26.2-118-4b38592]
	at net.minecraft.server.MinecraftServer.runServer(MinecraftServer.java:1449) ~[leaf-26.2.jar:26.2-118-4b38592]
	at net.minecraft.server.MinecraftServer.lambda$spin$0(MinecraftServer.java:303) ~[leaf-26.2.jar:26.2-118-4b38592]
	at java.base/java.lang.Thread.run(Thread.java:1474) ~[?:?]
[06:35:37 ERROR]: Ignoring setSeed on Entity.SHARED_RANDOM
java.lang.Throwable
	at net.minecraft.world.entity.Entity$RandomRandomSource.setSeed(Entity.java:193) ~[leaf-26.2.jar:26.2-118-4b38592]
	at benchmark.jar//dev.escos.verify.BenchPlugin.setup(BenchPlugin.java:117) ~[?:?]
	at benchmark.jar//dev.escos.verify.BenchPlugin.lambda$onEnable$0(BenchPlugin.java:63) ~[?:?]
	at org.bukkit.craftbukkit.scheduler.CraftTask.run(CraftTask.java:78) ~[leaf-26.2.jar:26.2-118-4b38592]
	at org.bukkit.craftbukkit.scheduler.CraftScheduler.mainThreadHeartbeat(CraftScheduler.java:474) ~[leaf-26.2.jar:26.2-118-4b38592]
	at net.minecraft.server.MinecraftServer.tickChildren(MinecraftServer.java:1892) ~[leaf-26.2.jar:26.2-118-4b38592]
	at net.minecraft.server.MinecraftServer.tickServer(MinecraftServer.java:1722) ~[leaf-26.2.jar:26.2-118-4b38592]
	at net.minecraft.server.dedicated.DedicatedServer.tickServer(DedicatedServer.java:469) ~[leaf-26.2.jar:26.2-118-4b38592]
	at net.minecraft.server.MinecraftServer.processPacketsAndTick(MinecraftServer.java:1781) ~[leaf-26.2.jar:26.2-118-4b38592]
	at net.minecraft.server.MinecraftServer.runServer(MinecraftServer.java:1449) ~[leaf-26.2.jar:26.2-118-4b38592]
	at net.minecraft.server.MinecraftServer.lambda$spin$0(MinecraftServer.java:303) ~[leaf-26.2.jar:26.2-118-4b38592]
	at java.base/java.lang.Thread.run(Thread.java:1474) ~[?:?]
[06:35:37 ERROR]: Ignoring setSeed on Entity.SHARED_RANDOM
java.lang.Throwable
	at net.minecraft.world.entity.Entity$RandomRandomSource.setSeed(Entity.java:193) ~[leaf-26.2.jar:26.2-118-4b38592]
	at benchmark.jar//dev.escos.verify.BenchPlugin.setup(BenchPlugin.java:117) ~[?:?]
	at benchmark.jar//dev.escos.verify.BenchPlugin.lambda$onEnable$0(BenchPlugin.java:63) ~[?:?]
	at org.bukkit.craftbukkit.scheduler.CraftTask.run(CraftTask.java:78) ~[leaf-26.2.jar:26.2-118-4b38592]
	at org.bukkit.craftbukkit.scheduler.CraftScheduler.mainThreadHeartbeat(CraftScheduler.java:474) ~[leaf-26.2.jar:26.2-118-4b38592]
	at net.minecraft.server.MinecraftServer.tickChildren(MinecraftServer.java:1892) ~[leaf-26.2.jar:26.2-118-4b38592]
	at net.minecraft.server.MinecraftServer.tickServer(MinecraftServer.java:1722) ~[leaf-26.2.jar:26.2-118-4b38592]
	at net.minecraft.server.dedicated.DedicatedServer.tickServer(DedicatedServer.java:469) ~[leaf-26.2.jar:26.2-118-4b38592]
	at net.minecraft.server.MinecraftServer.processPacketsAndTick(MinecraftServer.java:1781) ~[leaf-26.2.jar:26.2-118-4b38592]
	at net.minecraft.server.MinecraftServer.runServer(MinecraftServer.java:1449) ~[leaf-26.2.jar:26.2-118-4b38592]
	at net.minecraft.server.MinecraftServer.lambda$spin$0(MinecraftServer.java:303) ~[leaf-26.2.jar:26.2-118-4b38592]
	at java.base/java.lang.Thread.run(Thread.java:1474) ~[?:?]
[06:35:37 ERROR]: Ignoring setSeed on Entity.SHARED_RANDOM
java.lang.Throwable
	at net.minecraft.world.entity.Entity$RandomRandomSource.setSeed(Entity.java:193) ~[leaf-26.2.jar:26.2-118-4b38592]
	at benchmark.jar//dev.escos.verify.BenchPlugin.setup(BenchPlugin.java:117) ~[?:?]
	at benchmark.jar//dev.escos.verify.BenchPlugin.lambda$onEnable$0(BenchPlugin.java:63) ~[?:?]
	at org.bukkit.craftbukkit.scheduler.CraftTask.run(CraftTask.java:78) ~[leaf-26.2.jar:26.2-118-4b38592]
	at org.bukkit.craftbukkit.scheduler.CraftScheduler.mainThreadHeartbeat(CraftScheduler.java:474) ~[leaf-26.2.jar:26.2-118-4b38592]
	at net.minecraft.server.MinecraftServer.tickChildren(MinecraftServer.java:1892) ~[leaf-26.2.jar:26.2-118-4b38592]
	at net.minecraft.server.MinecraftServer.tickServer(MinecraftServer.java:1722) ~[leaf-26.2.jar:26.2-118-4b38592]
	at net.minecraft.server.dedicated.DedicatedServer.tickServer(DedicatedServer.java:469) ~[leaf-26.2.jar:26.2-118-4b38592]
	at net.minecraft.server.MinecraftServer.processPacketsAndTick(MinecraftServer.java:1781) ~[leaf-26.2.jar:26.2-118-4b38592]
	at net.minecraft.server.MinecraftServer.runServer(MinecraftServer.java:1449) ~[leaf-26.2.jar:26.2-118-4b38592]
	at net.minecraft.server.MinecraftServer.lambda$spin$0(MinecraftServer.java:303) ~[leaf-26.2.jar:26.2-118-4b38592]
	at java.base/java.lang.Thread.run(Thread.java:1474) ~[?:?]
[06:35:37 ERROR]: Ignoring setSeed on Entity.SHARED_RANDOM
java.lang.Throwable
	at net.minecraft.world.entity.Entity$RandomRandomSource.setSeed(Entity.java:193) ~[leaf-26.2.jar:26.2-118-4b38592]
	at benchmark.jar//dev.escos.verify.BenchPlugin.setup(BenchPlugin.java:117) ~[?:?]
	at benchmark.jar//dev.escos.verify.BenchPlugin.lambda$onEnable$0(BenchPlugin.java:63) ~[?:?]
	at org.bukkit.craftbukkit.scheduler.CraftTask.run(CraftTask.java:78) ~[leaf-26.2.jar:26.2-118-4b38592]
	at org.bukkit.craftbukkit.scheduler.CraftScheduler.mainThreadHeartbeat(CraftScheduler.java:474) ~[leaf-26.2.jar:26.2-118-4b38592]
	at net.minecraft.server.MinecraftServer.tickChildren(MinecraftServer.java:1892) ~[leaf-26.2.jar:26.2-118-4b38592]
	at net.minecraft.server.MinecraftServer.tickServer(MinecraftServer.java:1722) ~[leaf-26.2.jar:26.2-118-4b38592]
	at net.minecraft.server.dedicated.DedicatedServer.tickServer(DedicatedServer.java:469) ~[leaf-26.2.jar:26.2-118-4b38592]
	at net.minecraft.server.MinecraftServer.processPacketsAndTick(MinecraftServer.java:1781) ~[leaf-26.2.jar:26.2-118-4b38592]
	at net.minecraft.server.MinecraftServer.runServer(MinecraftServer.java:1449) ~[leaf-26.2.jar:26.2-118-4b38592]
	at net.minecraft.server.MinecraftServer.lambda$spin$0(MinecraftServer.java:303) ~[leaf-26.2.jar:26.2-118-4b38592]
	at java.base/java.lang.Thread.run(Thread.java:1474) ~[?:?]
[06:35:37 ERROR]: Ignoring setSeed on Entity.SHARED_RANDOM
java.lang.Throwable
	at net.minecraft.world.entity.Entity$RandomRandomSource.setSeed(Entity.java:193) ~[leaf-26.2.jar:26.2-118-4b38592]
	at benchmark.jar//dev.escos.verify.BenchPlugin.setup(BenchPlugin.java:117) ~[?:?]
	at benchmark.jar//dev.escos.verify.BenchPlugin.lambda$onEnable$0(BenchPlugin.java:63) ~[?:?]
	at org.bukkit.craftbukkit.scheduler.CraftTask.run(CraftTask.java:78) ~[leaf-26.2.jar:26.2-118-4b38592]
	at org.bukkit.craftbukkit.scheduler.CraftScheduler.mainThreadHeartbeat(CraftScheduler.java:474) ~[leaf-26.2.jar:26.2-118-4b38592]
	at net.minecraft.server.MinecraftServer.tickChildren(MinecraftServer.java:1892) ~[leaf-26.2.jar:26.2-118-4b38592]
	at net.minecraft.server.MinecraftServer.tickServer(MinecraftServer.java:1722) ~[leaf-26.2.jar:26.2-118-4b38592]
	at net.minecraft.server.dedicated.DedicatedServer.tickServer(DedicatedServer.java:469) ~[leaf-26.2.jar:26.2-118-4b38592]
	at net.minecraft.server.MinecraftServer.processPacketsAndTick(MinecraftServer.java:1781) ~[leaf-26.2.jar:26.2-118-4b38592]
	at net.minecraft.server.MinecraftServer.runServer(MinecraftServer.java:1449) ~[leaf-26.2.jar:26.2-118-4b38592]
	at net.minecraft.server.MinecraftServer.lambda$spin$0(MinecraftServer.java:303) ~[leaf-26.2.jar:26.2-118-4b38592]
	at java.base/java.lang.Thread.run(Thread.java:1474) ~[?:?]
[06:35:37 ERROR]: Ignoring setSeed on Entity.SHARED_RANDOM
java.lang.Throwable
	at net.minecraft.world.entity.Entity$RandomRandomSource.setSeed(Entity.java:193) ~[leaf-26.2.jar:26.2-118-4b38592]
	at benchmark.jar//dev.escos.verify.BenchPlugin.setup(BenchPlugin.java:117) ~[?:?]
	at benchmark.jar//dev.escos.verify.BenchPlugin.lambda$onEnable$0(BenchPlugin.java:63) ~[?:?]
	at org.bukkit.craftbukkit.scheduler.CraftTask.run(CraftTask.java:78) ~[leaf-26.2.jar:26.2-118-4b38592]
	at org.bukkit.craftbukkit.scheduler.CraftScheduler.mainThreadHeartbeat(CraftScheduler.java:474) ~[leaf-26.2.jar:26.2-118-4b38592]
	at net.minecraft.server.MinecraftServer.tickChildren(MinecraftServer.java:1892) ~[leaf-26.2.jar:26.2-118-4b38592]
	at net.minecraft.server.MinecraftServer.tickServer(MinecraftServer.java:1722) ~[leaf-26.2.jar:26.2-118-4b38592]
	at net.minecraft.server.dedicated.DedicatedServer.tickServer(DedicatedServer.java:469) ~[leaf-26.2.jar:26.2-118-4b38592]
	at net.minecraft.server.MinecraftServer.processPacketsAndTick(MinecraftServer.java:1781) ~[leaf-26.2.jar:26.2-118-4b38592]
	at net.minecraft.server.MinecraftServer.runServer(MinecraftServer.java:1449) ~[leaf-26.2.jar:26.2-118-4b38592]
	at net.minecraft.server.MinecraftServer.lambda$spin$0(MinecraftServer.java:303) ~[leaf-26.2.jar:26.2-118-4b38592]
	at java.base/java.lang.Thread.run(Thread.java:1474) ~[?:?]
[06:35:37 ERROR]: Ignoring setSeed on Entity.SHARED_RANDOM
java.lang.Throwable
	at net.minecraft.world.entity.Entity$RandomRandomSource.setSeed(Entity.java:193) ~[leaf-26.2.jar:26.2-118-4b38592]
	at benchmark.jar//dev.escos.verify.BenchPlugin.setup(BenchPlugin.java:117) ~[?:?]
	at benchmark.jar//dev.escos.verify.BenchPlugin.lambda$onEnable$0(BenchPlugin.java:63) ~[?:?]
	at org.bukkit.craftbukkit.scheduler.CraftTask.run(CraftTask.java:78) ~[leaf-26.2.jar:26.2-118-4b38592]
	at org.bukkit.craftbukkit.scheduler.CraftScheduler.mainThreadHeartbeat(CraftScheduler.java:474) ~[leaf-26.2.jar:26.2-118-4b38592]
	at net.minecraft.server.MinecraftServer.tickChildren(MinecraftServer.java:1892) ~[leaf-26.2.jar:26.2-118-4b38592]
	at net.minecraft.server.MinecraftServer.tickServer(MinecraftServer.java:1722) ~[leaf-26.2.jar:26.2-118-4b38592]
	at net.minecraft.server.dedicated.DedicatedServer.tickServer(DedicatedServer.java:469) ~[leaf-26.2.jar:26.2-118-4b38592]
	at net.minecraft.server.MinecraftServer.processPacketsAndTick(MinecraftServer.java:1781) ~[leaf-26.2.jar:26.2-118-4b38592]
	at net.minecraft.server.MinecraftServer.runServer(MinecraftServer.java:1449) ~[leaf-26.2.jar:26.2-118-4b38592]
	at net.minecraft.server.MinecraftServer.lambda$spin$0(MinecraftServer.java:303) ~[leaf-26.2.jar:26.2-118-4b38592]
	at java.base/java.lang.Thread.run(Thread.java:1474) ~[?:?]
[06:35:37 ERROR]: Ignoring setSeed on Entity.SHARED_RANDOM
java.lang.Throwable
	at net.minecraft.world.entity.Entity$RandomRandomSource.setSeed(Entity.java:193) ~[leaf-26.2.jar:26.2-118-4b38592]
	at benchmark.jar//dev.escos.verify.BenchPlugin.setup(BenchPlugin.java:117) ~[?:?]
	at benchmark.jar//dev.escos.verify.BenchPlugin.lambda$onEnable$0(BenchPlugin.java:63) ~[?:?]
	at org.bukkit.craftbukkit.scheduler.CraftTask.run(CraftTask.java:78) ~[leaf-26.2.jar:26.2-118-4b38592]
	at org.bukkit.craftbukkit.scheduler.CraftScheduler.mainThreadHeartbeat(CraftScheduler.java:474) ~[leaf-26.2.jar:26.2-118-4b38592]
	at net.minecraft.server.MinecraftServer.tickChildren(MinecraftServer.java:1892) ~[leaf-26.2.jar:26.2-118-4b38592]
	at net.minecraft.server.MinecraftServer.tickServer(MinecraftServer.java:1722) ~[leaf-26.2.jar:26.2-118-4b38592]
	at net.minecraft.server.dedicated.DedicatedServer.tickServer(DedicatedServer.java:469) ~[leaf-26.2.jar:26.2-118-4b38592]
	at net.minecraft.server.MinecraftServer.processPacketsAndTick(MinecraftServer.java:1781) ~[leaf-26.2.jar:26.2-118-4b38592]
	at net.minecraft.server.MinecraftServer.runServer(MinecraftServer.java:1449) ~[leaf-26.2.jar:26.2-118-4b38592]
	at net.minecraft.server.MinecraftServer.lambda$spin$0(MinecraftServer.java:303) ~[leaf-26.2.jar:26.2-118-4b38592]
	at java.base/java.lang.Thread.run(Thread.java:1474) ~[?:?]
[06:35:37 ERROR]: Ignoring setSeed on Entity.SHARED_RANDOM
java.lang.Throwable
	at net.minecraft.world.entity.Entity$RandomRandomSource.setSeed(Entity.java:193) ~[leaf-26.2.jar:26.2-118-4b38592]
	at benchmark.jar//dev.escos.verify.BenchPlugin.setup(BenchPlugin.java:117) ~[?:?]
	at benchmark.jar//dev.escos.verify.BenchPlugin.lambda$onEnable$0(BenchPlugin.java:63) ~[?:?]
	at org.bukkit.craftbukkit.scheduler.CraftTask.run(CraftTask.java:78) ~[leaf-26.2.jar:26.2-118-4b38592]
	at org.bukkit.craftbukkit.scheduler.CraftScheduler.mainThreadHeartbeat(CraftScheduler.java:474) ~[leaf-26.2.jar:26.2-118-4b38592]
	at net.minecraft.server.MinecraftServer.tickChildren(MinecraftServer.java:1892) ~[leaf-26.2.jar:26.2-118-4b38592]
	at net.minecraft.server.MinecraftServer.tickServer(MinecraftServer.java:1722) ~[leaf-26.2.jar:26.2-118-4b38592]
	at net.minecraft.server.dedicated.DedicatedServer.tickServer(DedicatedServer.java:469) ~[leaf-26.2.jar:26.2-118-4b38592]
	at net.minecraft.server.MinecraftServer.processPacketsAndTick(MinecraftServer.java:1781) ~[leaf-26.2.jar:26.2-118-4b38592]
	at net.minecraft.server.MinecraftServer.runServer(MinecraftServer.java:1449) ~[leaf-26.2.jar:26.2-118-4b38592]
	at net.minecraft.server.MinecraftServer.lambda$spin$0(MinecraftServer.java:303) ~[leaf-26.2.jar:26.2-118-4b38592]
	at java.base/java.lang.Thread.run(Thread.java:1474) ~[?:?]
[06:35:37 ERROR]: Ignoring setSeed on Entity.SHARED_RANDOM
java.lang.Throwable
	at net.minecraft.world.entity.Entity$RandomRandomSource.setSeed(Entity.java:193) ~[leaf-26.2.jar:26.2-118-4b38592]
	at benchmark.jar//dev.escos.verify.BenchPlugin.setup(BenchPlugin.java:117) ~[?:?]
	at benchmark.jar//dev.escos.verify.BenchPlugin.lambda$onEnable$0(BenchPlugin.java:63) ~[?:?]
	at org.bukkit.craftbukkit.scheduler.CraftTask.run(CraftTask.java:78) ~[leaf-26.2.jar:26.2-118-4b38592]
	at org.bukkit.craftbukkit.scheduler.CraftScheduler.mainThreadHeartbeat(CraftScheduler.java:474) ~[leaf-26.2.jar:26.2-118-4b38592]
	at net.minecraft.server.MinecraftServer.tickChildren(MinecraftServer.java:1892) ~[leaf-26.2.jar:26.2-118-4b38592]
	at net.minecraft.server.MinecraftServer.tickServer(MinecraftServer.java:1722) ~[leaf-26.2.jar:26.2-118-4b38592]
	at net.minecraft.server.dedicated.DedicatedServer.tickServer(DedicatedServer.java:469) ~[leaf-26.2.jar:26.2-118-4b38592]
	at net.minecraft.server.MinecraftServer.processPacketsAndTick(MinecraftServer.java:1781) ~[leaf-26.2.jar:26.2-118-4b38592]
	at net.minecraft.server.MinecraftServer.runServer(MinecraftServer.java:1449) ~[leaf-26.2.jar:26.2-118-4b38592]
	at net.minecraft.server.MinecraftServer.lambda$spin$0(MinecraftServer.java:303) ~[leaf-26.2.jar:26.2-118-4b38592]
	at java.base/java.lang.Thread.run(Thread.java:1474) ~[?:?]
[06:35:37 ERROR]: Ignoring setSeed on Entity.SHARED_RANDOM
java.lang.Throwable
	at net.minecraft.world.entity.Entity$RandomRandomSource.setSeed(Entity.java:193) ~[leaf-26.2.jar:26.2-118-4b38592]
	at benchmark.jar//dev.escos.verify.BenchPlugin.setup(BenchPlugin.java:117) ~[?:?]
	at benchmark.jar//dev.escos.verify.BenchPlugin.lambda$onEnable$0(BenchPlugin.java:63) ~[?:?]
	at org.bukkit.craftbukkit.scheduler.CraftTask.run(CraftTask.java:78) ~[leaf-26.2.jar:26.2-118-4b38592]
	at org.bukkit.craftbukkit.scheduler.CraftScheduler.mainThreadHeartbeat(CraftScheduler.java:474) ~[leaf-26.2.jar:26.2-118-4b38592]
	at net.minecraft.server.MinecraftServer.tickChildren(MinecraftServer.java:1892) ~[leaf-26.2.jar:26.2-118-4b38592]
	at net.minecraft.server.MinecraftServer.tickServer(MinecraftServer.java:1722) ~[leaf-26.2.jar:26.2-118-4b38592]
	at net.minecraft.server.dedicated.DedicatedServer.tickServer(DedicatedServer.java:469) ~[leaf-26.2.jar:26.2-118-4b38592]
	at net.minecraft.server.MinecraftServer.processPacketsAndTick(MinecraftServer.java:1781) ~[leaf-26.2.jar:26.2-118-4b38592]
	at net.minecraft.server.MinecraftServer.runServer(MinecraftServer.java:1449) ~[leaf-26.2.jar:26.2-118-4b38592]
	at net.minecraft.server.MinecraftServer.lambda$spin$0(MinecraftServer.java:303) ~[leaf-26.2.jar:26.2-118-4b38592]
	at java.base/java.lang.Thread.run(Thread.java:1474) ~[?:?]
[06:35:37 ERROR]: Ignoring setSeed on Entity.SHARED_RANDOM
java.lang.Throwable
	at net.minecraft.world.entity.Entity$RandomRandomSource.setSeed(Entity.java:193) ~[leaf-26.2.jar:26.2-118-4b38592]
	at benchmark.jar//dev.escos.verify.BenchPlugin.setup(BenchPlugin.java:117) ~[?:?]
	at benchmark.jar//dev.escos.verify.BenchPlugin.lambda$onEnable$0(BenchPlugin.java:63) ~[?:?]
	at org.bukkit.craftbukkit.scheduler.CraftTask.run(CraftTask.java:78) ~[leaf-26.2.jar:26.2-118-4b38592]
	at org.bukkit.craftbukkit.scheduler.CraftScheduler.mainThreadHeartbeat(CraftScheduler.java:474) ~[leaf-26.2.jar:26.2-118-4b38592]
	at net.minecraft.server.MinecraftServer.tickChildren(MinecraftServer.java:1892) ~[leaf-26.2.jar:26.2-118-4b38592]
	at net.minecraft.server.MinecraftServer.tickServer(MinecraftServer.java:1722) ~[leaf-26.2.jar:26.2-118-4b38592]
	at net.minecraft.server.dedicated.DedicatedServer.tickServer(DedicatedServer.java:469) ~[leaf-26.2.jar:26.2-118-4b38592]
	at net.minecraft.server.MinecraftServer.processPacketsAndTick(MinecraftServer.java:1781) ~[leaf-26.2.jar:26.2-118-4b38592]
	at net.minecraft.server.MinecraftServer.runServer(MinecraftServer.java:1449) ~[leaf-26.2.jar:26.2-118-4b38592]
	at net.minecraft.server.MinecraftServer.lambda$spin$0(MinecraftServer.java:303) ~[leaf-26.2.jar:26.2-118-4b38592]
	at java.base/java.lang.Thread.run(Thread.java:1474) ~[?:?]
[06:35:37 ERROR]: Ignoring setSeed on Entity.SHARED_RANDOM
java.lang.Throwable
	at net.minecraft.world.entity.Entity$RandomRandomSource.setSeed(Entity.java:193) ~[leaf-26.2.jar:26.2-118-4b38592]
	at benchmark.jar//dev.escos.verify.BenchPlugin.setup(BenchPlugin.java:117) ~[?:?]
	at benchmark.jar//dev.escos.verify.BenchPlugin.lambda$onEnable$0(BenchPlugin.java:63) ~[?:?]
	at org.bukkit.craftbukkit.scheduler.CraftTask.run(CraftTask.java:78) ~[leaf-26.2.jar:26.2-118-4b38592]
	at org.bukkit.craftbukkit.scheduler.CraftScheduler.mainThreadHeartbeat(CraftScheduler.java:474) ~[leaf-26.2.jar:26.2-118-4b38592]
	at net.minecraft.server.MinecraftServer.tickChildren(MinecraftServer.java:1892) ~[leaf-26.2.jar:26.2-118-4b38592]
	at net.minecraft.server.MinecraftServer.tickServer(MinecraftServer.java:1722) ~[leaf-26.2.jar:26.2-118-4b38592]
	at net.minecraft.server.dedicated.DedicatedServer.tickServer(DedicatedServer.java:469) ~[leaf-26.2.jar:26.2-118-4b38592]
	at net.minecraft.server.MinecraftServer.processPacketsAndTick(MinecraftServer.java:1781) ~[leaf-26.2.jar:26.2-118-4b38592]
	at net.minecraft.server.MinecraftServer.runServer(MinecraftServer.java:1449) ~[leaf-26.2.jar:26.2-118-4b38592]
	at net.minecraft.server.MinecraftServer.lambda$spin$0(MinecraftServer.java:303) ~[leaf-26.2.jar:26.2-118-4b38592]
	at java.base/java.lang.Thread.run(Thread.java:1474) ~[?:?]
[06:35:37 ERROR]: Ignoring setSeed on Entity.SHARED_RANDOM
java.lang.Throwable
	at net.minecraft.world.entity.Entity$RandomRandomSource.setSeed(Entity.java:193) ~[leaf-26.2.jar:26.2-118-4b38592]
	at benchmark.jar//dev.escos.verify.BenchPlugin.setup(BenchPlugin.java:117) ~[?:?]
	at benchmark.jar//dev.escos.verify.BenchPlugin.lambda$onEnable$0(BenchPlugin.java:63) ~[?:?]
	at org.bukkit.craftbukkit.scheduler.CraftTask.run(CraftTask.java:78) ~[leaf-26.2.jar:26.2-118-4b38592]
	at org.bukkit.craftbukkit.scheduler.CraftScheduler.mainThreadHeartbeat(CraftScheduler.java:474) ~[leaf-26.2.jar:26.2-118-4b38592]
	at net.minecraft.server.MinecraftServer.tickChildren(MinecraftServer.java:1892) ~[leaf-26.2.jar:26.2-118-4b38592]
	at net.minecraft.server.MinecraftServer.tickServer(MinecraftServer.java:1722) ~[leaf-26.2.jar:26.2-118-4b38592]
	at net.minecraft.server.dedicated.DedicatedServer.tickServer(DedicatedServer.java:469) ~[leaf-26.2.jar:26.2-118-4b38592]
	at net.minecraft.server.MinecraftServer.processPacketsAndTick(MinecraftServer.java:1781) ~[leaf-26.2.jar:26.2-118-4b38592]
	at net.minecraft.server.MinecraftServer.runServer(MinecraftServer.java:1449) ~[leaf-26.2.jar:26.2-118-4b38592]
	at net.minecraft.server.MinecraftServer.lambda$spin$0(MinecraftServer.java:303) ~[leaf-26.2.jar:26.2-118-4b38592]
	at java.base/java.lang.Thread.run(Thread.java:1474) ~[?:?]
[06:35:37 ERROR]: Ignoring setSeed on Entity.SHARED_RANDOM
java.lang.Throwable
	at net.minecraft.world.entity.Entity$RandomRandomSource.setSeed(Entity.java:193) ~[leaf-26.2.jar:26.2-118-4b38592]
	at benchmark.jar//dev.escos.verify.BenchPlugin.setup(BenchPlugin.java:117) ~[?:?]
	at benchmark.jar//dev.escos.verify.BenchPlugin.lambda$onEnable$0(BenchPlugin.java:63) ~[?:?]
	at org.bukkit.craftbukkit.scheduler.CraftTask.run(CraftTask.java:78) ~[leaf-26.2.jar:26.2-118-4b38592]
	at org.bukkit.craftbukkit.scheduler.CraftScheduler.mainThreadHeartbeat(CraftScheduler.java:474) ~[leaf-26.2.jar:26.2-118-4b38592]
	at net.minecraft.server.MinecraftServer.tickChildren(MinecraftServer.java:1892) ~[leaf-26.2.jar:26.2-118-4b38592]
	at net.minecraft.server.MinecraftServer.tickServer(MinecraftServer.java:1722) ~[leaf-26.2.jar:26.2-118-4b38592]
	at net.minecraft.server.dedicated.DedicatedServer.tickServer(DedicatedServer.java:469) ~[leaf-26.2.jar:26.2-118-4b38592]
	at net.minecraft.server.MinecraftServer.processPacketsAndTick(MinecraftServer.java:1781) ~[leaf-26.2.jar:26.2-118-4b38592]
	at net.minecraft.server.MinecraftServer.runServer(MinecraftServer.java:1449) ~[leaf-26.2.jar:26.2-118-4b38592]
	at net.minecraft.server.MinecraftServer.lambda$spin$0(MinecraftServer.java:303) ~[leaf-26.2.jar:26.2-118-4b38592]
	at java.base/java.lang.Thread.run(Thread.java:1474) ~[?:?]
[06:35:37 ERROR]: Ignoring setSeed on Entity.SHARED_RANDOM
java.lang.Throwable
	at net.minecraft.world.entity.Entity$RandomRandomSource.setSeed(Entity.java:193) ~[leaf-26.2.jar:26.2-118-4b38592]
	at benchmark.jar//dev.escos.verify.BenchPlugin.setup(BenchPlugin.java:117) ~[?:?]
	at benchmark.jar//dev.escos.verify.BenchPlugin.lambda$onEnable$0(BenchPlugin.java:63) ~[?:?]
	at org.bukkit.craftbukkit.scheduler.CraftTask.run(CraftTask.java:78) ~[leaf-26.2.jar:26.2-118-4b38592]
	at org.bukkit.craftbukkit.scheduler.CraftScheduler.mainThreadHeartbeat(CraftScheduler.java:474) ~[leaf-26.2.jar:26.2-118-4b38592]
	at net.minecraft.server.MinecraftServer.tickChildren(MinecraftServer.java:1892) ~[leaf-26.2.jar:26.2-118-4b38592]
	at net.minecraft.server.MinecraftServer.tickServer(MinecraftServer.java:1722) ~[leaf-26.2.jar:26.2-118-4b38592]
	at net.minecraft.server.dedicated.DedicatedServer.tickServer(DedicatedServer.java:469) ~[leaf-26.2.jar:26.2-118-4b38592]
	at net.minecraft.server.MinecraftServer.processPacketsAndTick(MinecraftServer.java:1781) ~[leaf-26.2.jar:26.2-118-4b38592]
	at net.minecraft.server.MinecraftServer.runServer(MinecraftServer.java:1449) ~[leaf-26.2.jar:26.2-118-4b38592]
	at net.minecraft.server.MinecraftServer.lambda$spin$0(MinecraftServer.java:303) ~[leaf-26.2.jar:26.2-118-4b38592]
	at java.base/java.lang.Thread.run(Thread.java:1474) ~[?:?]
[06:35:37 ERROR]: Ignoring setSeed on Entity.SHARED_RANDOM
java.lang.Throwable
	at net.minecraft.world.entity.Entity$RandomRandomSource.setSeed(Entity.java:193) ~[leaf-26.2.jar:26.2-118-4b38592]
	at benchmark.jar//dev.escos.verify.BenchPlugin.setup(BenchPlugin.java:117) ~[?:?]
	at benchmark.jar//dev.escos.verify.BenchPlugin.lambda$onEnable$0(BenchPlugin.java:63) ~[?:?]
	at org.bukkit.craftbukkit.scheduler.CraftTask.run(CraftTask.java:78) ~[leaf-26.2.jar:26.2-118-4b38592]
	at org.bukkit.craftbukkit.scheduler.CraftScheduler.mainThreadHeartbeat(CraftScheduler.java:474) ~[leaf-26.2.jar:26.2-118-4b38592]
	at net.minecraft.server.MinecraftServer.tickChildren(MinecraftServer.java:1892) ~[leaf-26.2.jar:26.2-118-4b38592]
	at net.minecraft.server.MinecraftServer.tickServer(MinecraftServer.java:1722) ~[leaf-26.2.jar:26.2-118-4b38592]
	at net.minecraft.server.dedicated.DedicatedServer.tickServer(DedicatedServer.java:469) ~[leaf-26.2.jar:26.2-118-4b38592]
	at net.minecraft.server.MinecraftServer.processPacketsAndTick(MinecraftServer.java:1781) ~[leaf-26.2.jar:26.2-118-4b38592]
	at net.minecraft.server.MinecraftServer.runServer(MinecraftServer.java:1449) ~[leaf-26.2.jar:26.2-118-4b38592]
	at net.minecraft.server.MinecraftServer.lambda$spin$0(MinecraftServer.java:303) ~[leaf-26.2.jar:26.2-118-4b38592]
	at java.base/java.lang.Thread.run(Thread.java:1474) ~[?:?]
[06:35:37 ERROR]: Ignoring setSeed on Entity.SHARED_RANDOM
java.lang.Throwable
	at net.minecraft.world.entity.Entity$RandomRandomSource.setSeed(Entity.java:193) ~[leaf-26.2.jar:26.2-118-4b38592]
	at benchmark.jar//dev.escos.verify.BenchPlugin.setup(BenchPlugin.java:117) ~[?:?]
	at benchmark.jar//dev.escos.verify.BenchPlugin.lambda$onEnable$0(BenchPlugin.java:63) ~[?:?]
	at org.bukkit.craftbukkit.scheduler.CraftTask.run(CraftTask.java:78) ~[leaf-26.2.jar:26.2-118-4b38592]
	at org.bukkit.craftbukkit.scheduler.CraftScheduler.mainThreadHeartbeat(CraftScheduler.java:474) ~[leaf-26.2.jar:26.2-118-4b38592]
	at net.minecraft.server.MinecraftServer.tickChildren(MinecraftServer.java:1892) ~[leaf-26.2.jar:26.2-118-4b38592]
	at net.minecraft.server.MinecraftServer.tickServer(MinecraftServer.java:1722) ~[leaf-26.2.jar:26.2-118-4b38592]
	at net.minecraft.server.dedicated.DedicatedServer.tickServer(DedicatedServer.java:469) ~[leaf-26.2.jar:26.2-118-4b38592]
	at net.minecraft.server.MinecraftServer.processPacketsAndTick(MinecraftServer.java:1781) ~[leaf-26.2.jar:26.2-118-4b38592]
	at net.minecraft.server.MinecraftServer.runServer(MinecraftServer.java:1449) ~[leaf-26.2.jar:26.2-118-4b38592]
	at net.minecraft.server.MinecraftServer.lambda$spin$0(MinecraftServer.java:303) ~[leaf-26.2.jar:26.2-118-4b38592]
	at java.base/java.lang.Thread.run(Thread.java:1474) ~[?:?]
[06:35:37 ERROR]: Ignoring setSeed on Entity.SHARED_RANDOM
java.lang.Throwable
	at net.minecraft.world.entity.Entity$RandomRandomSource.setSeed(Entity.java:193) ~[leaf-26.2.jar:26.2-118-4b38592]
	at benchmark.jar//dev.escos.verify.BenchPlugin.setup(BenchPlugin.java:117) ~[?:?]
	at benchmark.jar//dev.escos.verify.BenchPlugin.lambda$onEnable$0(BenchPlugin.java:63) ~[?:?]
	at org.bukkit.craftbukkit.scheduler.CraftTask.run(CraftTask.java:78) ~[leaf-26.2.jar:26.2-118-4b38592]
	at org.bukkit.craftbukkit.scheduler.CraftScheduler.mainThreadHeartbeat(CraftScheduler.java:474) ~[leaf-26.2.jar:26.2-118-4b38592]
	at net.minecraft.server.MinecraftServer.tickChildren(MinecraftServer.java:1892) ~[leaf-26.2.jar:26.2-118-4b38592]
	at net.minecraft.server.MinecraftServer.tickServer(MinecraftServer.java:1722) ~[leaf-26.2.jar:26.2-118-4b38592]
	at net.minecraft.server.dedicated.DedicatedServer.tickServer(DedicatedServer.java:469) ~[leaf-26.2.jar:26.2-118-4b38592]
	at net.minecraft.server.MinecraftServer.processPacketsAndTick(MinecraftServer.java:1781) ~[leaf-26.2.jar:26.2-118-4b38592]
	at net.minecraft.server.MinecraftServer.runServer(MinecraftServer.java:1449) ~[leaf-26.2.jar:26.2-118-4b38592]
	at net.minecraft.server.MinecraftServer.lambda$spin$0(MinecraftServer.java:303) ~[leaf-26.2.jar:26.2-118-4b38592]
	at java.base/java.lang.Thread.run(Thread.java:1474) ~[?:?]
[06:35:37 ERROR]: Ignoring setSeed on Entity.SHARED_RANDOM
java.lang.Throwable
	at net.minecraft.world.entity.Entity$RandomRandomSource.setSeed(Entity.java:193) ~[leaf-26.2.jar:26.2-118-4b38592]
	at benchmark.jar//dev.escos.verify.BenchPlugin.setup(BenchPlugin.java:117) ~[?:?]
	at benchmark.jar//dev.escos.verify.BenchPlugin.lambda$onEnable$0(BenchPlugin.java:63) ~[?:?]
	at org.bukkit.craftbukkit.scheduler.CraftTask.run(CraftTask.java:78) ~[leaf-26.2.jar:26.2-118-4b38592]
	at org.bukkit.craftbukkit.scheduler.CraftScheduler.mainThreadHeartbeat(CraftScheduler.java:474) ~[leaf-26.2.jar:26.2-118-4b38592]
	at net.minecraft.server.MinecraftServer.tickChildren(MinecraftServer.java:1892) ~[leaf-26.2.jar:26.2-118-4b38592]
	at net.minecraft.server.MinecraftServer.tickServer(MinecraftServer.java:1722) ~[leaf-26.2.jar:26.2-118-4b38592]
	at net.minecraft.server.dedicated.DedicatedServer.tickServer(DedicatedServer.java:469) ~[leaf-26.2.jar:26.2-118-4b38592]
	at net.minecraft.server.MinecraftServer.processPacketsAndTick(MinecraftServer.java:1781) ~[leaf-26.2.jar:26.2-118-4b38592]
	at net.minecraft.server.MinecraftServer.runServer(MinecraftServer.java:1449) ~[leaf-26.2.jar:26.2-118-4b38592]
	at net.minecraft.server.MinecraftServer.lambda$spin$0(MinecraftServer.java:303) ~[leaf-26.2.jar:26.2-118-4b38592]
	at java.base/java.lang.Thread.run(Thread.java:1474) ~[?:?]
[06:35:37 ERROR]: Ignoring setSeed on Entity.SHARED_RANDOM
java.lang.Throwable
	at net.minecraft.world.entity.Entity$RandomRandomSource.setSeed(Entity.java:193) ~[leaf-26.2.jar:26.2-118-4b38592]
	at benchmark.jar//dev.escos.verify.BenchPlugin.setup(BenchPlugin.java:117) ~[?:?]
	at benchmark.jar//dev.escos.verify.BenchPlugin.lambda$onEnable$0(BenchPlugin.java:63) ~[?:?]
	at org.bukkit.craftbukkit.scheduler.CraftTask.run(CraftTask.java:78) ~[leaf-26.2.jar:26.2-118-4b38592]
	at org.bukkit.craftbukkit.scheduler.CraftScheduler.mainThreadHeartbeat(CraftScheduler.java:474) ~[leaf-26.2.jar:26.2-118-4b38592]
	at net.minecraft.server.MinecraftServer.tickChildren(MinecraftServer.java:1892) ~[leaf-26.2.jar:26.2-118-4b38592]
	at net.minecraft.server.MinecraftServer.tickServer(MinecraftServer.java:1722) ~[leaf-26.2.jar:26.2-118-4b38592]
	at net.minecraft.server.dedicated.DedicatedServer.tickServer(DedicatedServer.java:469) ~[leaf-26.2.jar:26.2-118-4b38592]
	at net.minecraft.server.MinecraftServer.processPacketsAndTick(MinecraftServer.java:1781) ~[leaf-26.2.jar:26.2-118-4b38592]
	at net.minecraft.server.MinecraftServer.runServer(MinecraftServer.java:1449) ~[leaf-26.2.jar:26.2-118-4b38592]
	at net.minecraft.server.MinecraftServer.lambda$spin$0(MinecraftServer.java:303) ~[leaf-26.2.jar:26.2-118-4b38592]
	at java.base/java.lang.Thread.run(Thread.java:1474) ~[?:?]
[06:35:37 ERROR]: Ignoring setSeed on Entity.SHARED_RANDOM
java.lang.Throwable
	at net.minecraft.world.entity.Entity$RandomRandomSource.setSeed(Entity.java:193) ~[leaf-26.2.jar:26.2-118-4b38592]
	at benchmark.jar//dev.escos.verify.BenchPlugin.setup(BenchPlugin.java:117) ~[?:?]
	at benchmark.jar//dev.escos.verify.BenchPlugin.lambda$onEnable$0(BenchPlugin.java:63) ~[?:?]
	at org.bukkit.craftbukkit.scheduler.CraftTask.run(CraftTask.java:78) ~[leaf-26.2.jar:26.2-118-4b38592]
	at org.bukkit.craftbukkit.scheduler.CraftScheduler.mainThreadHeartbeat(CraftScheduler.java:474) ~[leaf-26.2.jar:26.2-118-4b38592]
	at net.minecraft.server.MinecraftServer.tickChildren(MinecraftServer.java:1892) ~[leaf-26.2.jar:26.2-118-4b38592]
	at net.minecraft.server.MinecraftServer.tickServer(MinecraftServer.java:1722) ~[leaf-26.2.jar:26.2-118-4b38592]
	at net.minecraft.server.dedicated.DedicatedServer.tickServer(DedicatedServer.java:469) ~[leaf-26.2.jar:26.2-118-4b38592]
	at net.minecraft.server.MinecraftServer.processPacketsAndTick(MinecraftServer.java:1781) ~[leaf-26.2.jar:26.2-118-4b38592]
	at net.minecraft.server.MinecraftServer.runServer(MinecraftServer.java:1449) ~[leaf-26.2.jar:26.2-118-4b38592]
	at net.minecraft.server.MinecraftServer.lambda$spin$0(MinecraftServer.java:303) ~[leaf-26.2.jar:26.2-118-4b38592]
	at java.base/java.lang.Thread.run(Thread.java:1474) ~[?:?]
[06:35:37 ERROR]: Ignoring setSeed on Entity.SHARED_RANDOM
java.lang.Throwable
	at net.minecraft.world.entity.Entity$RandomRandomSource.setSeed(Entity.java:193) ~[leaf-26.2.jar:26.2-118-4b38592]
	at benchmark.jar//dev.escos.verify.BenchPlugin.setup(BenchPlugin.java:117) ~[?:?]
	at benchmark.jar//dev.escos.verify.BenchPlugin.lambda$onEnable$0(BenchPlugin.java:63) ~[?:?]
	at org.bukkit.craftbukkit.scheduler.CraftTask.run(CraftTask.java:78) ~[leaf-26.2.jar:26.2-118-4b38592]
	at org.bukkit.craftbukkit.scheduler.CraftScheduler.mainThreadHeartbeat(CraftScheduler.java:474) ~[leaf-26.2.jar:26.2-118-4b38592]
	at net.minecraft.server.MinecraftServer.tickChildren(MinecraftServer.java:1892) ~[leaf-26.2.jar:26.2-118-4b38592]
	at net.minecraft.server.MinecraftServer.tickServer(MinecraftServer.java:1722) ~[leaf-26.2.jar:26.2-118-4b38592]
	at net.minecraft.server.dedicated.DedicatedServer.tickServer(DedicatedServer.java:469) ~[leaf-26.2.jar:26.2-118-4b38592]
	at net.minecraft.server.MinecraftServer.processPacketsAndTick(MinecraftServer.java:1781) ~[leaf-26.2.jar:26.2-118-4b38592]
	at net.minecraft.server.MinecraftServer.runServer(MinecraftServer.java:1449) ~[leaf-26.2.jar:26.2-118-4b38592]
	at net.minecraft.server.MinecraftServer.lambda$spin$0(MinecraftServer.java:303) ~[leaf-26.2.jar:26.2-118-4b38592]
	at java.base/java.lang.Thread.run(Thread.java:1474) ~[?:?]
[06:35:37 ERROR]: Ignoring setSeed on Entity.SHARED_RANDOM
java.lang.Throwable
	at net.minecraft.world.entity.Entity$RandomRandomSource.setSeed(Entity.java:193) ~[leaf-26.2.jar:26.2-118-4b38592]
	at benchmark.jar//dev.escos.verify.BenchPlugin.setup(BenchPlugin.java:117) ~[?:?]
	at benchmark.jar//dev.escos.verify.BenchPlugin.lambda$onEnable$0(BenchPlugin.java:63) ~[?:?]
	at org.bukkit.craftbukkit.scheduler.CraftTask.run(CraftTask.java:78) ~[leaf-26.2.jar:26.2-118-4b38592]
	at org.bukkit.craftbukkit.scheduler.CraftScheduler.mainThreadHeartbeat(CraftScheduler.java:474) ~[leaf-26.2.jar:26.2-118-4b38592]
	at net.minecraft.server.MinecraftServer.tickChildren(MinecraftServer.java:1892) ~[leaf-26.2.jar:26.2-118-4b38592]
	at net.minecraft.server.MinecraftServer.tickServer(MinecraftServer.java:1722) ~[leaf-26.2.jar:26.2-118-4b38592]
	at net.minecraft.server.dedicated.DedicatedServer.tickServer(DedicatedServer.java:469) ~[leaf-26.2.jar:26.2-118-4b38592]
	at net.minecraft.server.MinecraftServer.processPacketsAndTick(MinecraftServer.java:1781) ~[leaf-26.2.jar:26.2-118-4b38592]
	at net.minecraft.server.MinecraftServer.runServer(MinecraftServer.java:1449) ~[leaf-26.2.jar:26.2-118-4b38592]
	at net.minecraft.server.MinecraftServer.lambda$spin$0(MinecraftServer.java:303) ~[leaf-26.2.jar:26.2-118-4b38592]
	at java.base/java.lang.Thread.run(Thread.java:1474) ~[?:?]
[06:35:37 ERROR]: Ignoring setSeed on Entity.SHARED_RANDOM
java.lang.Throwable
	at net.minecraft.world.entity.Entity$RandomRandomSource.setSeed(Entity.java:193) ~[leaf-26.2.jar:26.2-118-4b38592]
	at benchmark.jar//dev.escos.verify.BenchPlugin.setup(BenchPlugin.java:117) ~[?:?]
	at benchmark.jar//dev.escos.verify.BenchPlugin.lambda$onEnable$0(BenchPlugin.java:63) ~[?:?]
	at org.bukkit.craftbukkit.scheduler.CraftTask.run(CraftTask.java:78) ~[leaf-26.2.jar:26.2-118-4b38592]
	at org.bukkit.craftbukkit.scheduler.CraftScheduler.mainThreadHeartbeat(CraftScheduler.java:474) ~[leaf-26.2.jar:26.2-118-4b38592]
	at net.minecraft.server.MinecraftServer.tickChildren(MinecraftServer.java:1892) ~[leaf-26.2.jar:26.2-118-4b38592]
	at net.minecraft.server.MinecraftServer.tickServer(MinecraftServer.java:1722) ~[leaf-26.2.jar:26.2-118-4b38592]
	at net.minecraft.server.dedicated.DedicatedServer.tickServer(DedicatedServer.java:469) ~[leaf-26.2.jar:26.2-118-4b38592]
	at net.minecraft.server.MinecraftServer.processPacketsAndTick(MinecraftServer.java:1781) ~[leaf-26.2.jar:26.2-118-4b38592]
	at net.minecraft.server.MinecraftServer.runServer(MinecraftServer.java:1449) ~[leaf-26.2.jar:26.2-118-4b38592]
	at net.minecraft.server.MinecraftServer.lambda$spin$0(MinecraftServer.java:303) ~[leaf-26.2.jar:26.2-118-4b38592]
	at java.base/java.lang.Thread.run(Thread.java:1474) ~[?:?]
[06:35:37 ERROR]: Ignoring setSeed on Entity.SHARED_RANDOM
java.lang.Throwable
	at net.minecraft.world.entity.Entity$RandomRandomSource.setSeed(Entity.java:193) ~[leaf-26.2.jar:26.2-118-4b38592]
	at benchmark.jar//dev.escos.verify.BenchPlugin.setup(BenchPlugin.java:117) ~[?:?]
	at benchmark.jar//dev.escos.verify.BenchPlugin.lambda$onEnable$0(BenchPlugin.java:63) ~[?:?]
	at org.bukkit.craftbukkit.scheduler.CraftTask.run(CraftTask.java:78) ~[leaf-26.2.jar:26.2-118-4b38592]
	at org.bukkit.craftbukkit.scheduler.CraftScheduler.mainThreadHeartbeat(CraftScheduler.java:474) ~[leaf-26.2.jar:26.2-118-4b38592]
	at net.minecraft.server.MinecraftServer.tickChildren(MinecraftServer.java:1892) ~[leaf-26.2.jar:26.2-118-4b38592]
	at net.minecraft.server.MinecraftServer.tickServer(MinecraftServer.java:1722) ~[leaf-26.2.jar:26.2-118-4b38592]
	at net.minecraft.server.dedicated.DedicatedServer.tickServer(DedicatedServer.java:469) ~[leaf-26.2.jar:26.2-118-4b38592]
	at net.minecraft.server.MinecraftServer.processPacketsAndTick(MinecraftServer.java:1781) ~[leaf-26.2.jar:26.2-118-4b38592]
	at net.minecraft.server.MinecraftServer.runServer(MinecraftServer.java:1449) ~[leaf-26.2.jar:26.2-118-4b38592]
	at net.minecraft.server.MinecraftServer.lambda$spin$0(MinecraftServer.java:303) ~[leaf-26.2.jar:26.2-118-4b38592]
	at java.base/java.lang.Thread.run(Thread.java:1474) ~[?:?]
[06:35:37 ERROR]: Ignoring setSeed on Entity.SHARED_RANDOM
java.lang.Throwable
	at net.minecraft.world.entity.Entity$RandomRandomSource.setSeed(Entity.java:193) ~[leaf-26.2.jar:26.2-118-4b38592]
	at benchmark.jar//dev.escos.verify.BenchPlugin.setup(BenchPlugin.java:117) ~[?:?]
	at benchmark.jar//dev.escos.verify.BenchPlugin.lambda$onEnable$0(BenchPlugin.java:63) ~[?:?]
	at org.bukkit.craftbukkit.scheduler.CraftTask.run(CraftTask.java:78) ~[leaf-26.2.jar:26.2-118-4b38592]
	at org.bukkit.craftbukkit.scheduler.CraftScheduler.mainThreadHeartbeat(CraftScheduler.java:474) ~[leaf-26.2.jar:26.2-118-4b38592]
	at net.minecraft.server.MinecraftServer.tickChildren(MinecraftServer.java:1892) ~[leaf-26.2.jar:26.2-118-4b38592]
	at net.minecraft.server.MinecraftServer.tickServer(MinecraftServer.java:1722) ~[leaf-26.2.jar:26.2-118-4b38592]
	at net.minecraft.server.dedicated.DedicatedServer.tickServer(DedicatedServer.java:469) ~[leaf-26.2.jar:26.2-118-4b38592]
	at net.minecraft.server.MinecraftServer.processPacketsAndTick(MinecraftServer.java:1781) ~[leaf-26.2.jar:26.2-118-4b38592]
	at net.minecraft.server.MinecraftServer.runServer(MinecraftServer.java:1449) ~[leaf-26.2.jar:26.2-118-4b38592]
	at net.minecraft.server.MinecraftServer.lambda$spin$0(MinecraftServer.java:303) ~[leaf-26.2.jar:26.2-118-4b38592]
	at java.base/java.lang.Thread.run(Thread.java:1474) ~[?:?]
[06:35:37 ERROR]: Ignoring setSeed on Entity.SHARED_RANDOM
java.lang.Throwable
	at net.minecraft.world.entity.Entity$RandomRandomSource.setSeed(Entity.java:193) ~[leaf-26.2.jar:26.2-118-4b38592]
	at benchmark.jar//dev.escos.verify.BenchPlugin.setup(BenchPlugin.java:117) ~[?:?]
	at benchmark.jar//dev.escos.verify.BenchPlugin.lambda$onEnable$0(BenchPlugin.java:63) ~[?:?]
	at org.bukkit.craftbukkit.scheduler.CraftTask.run(CraftTask.java:78) ~[leaf-26.2.jar:26.2-118-4b38592]
	at org.bukkit.craftbukkit.scheduler.CraftScheduler.mainThreadHeartbeat(CraftScheduler.java:474) ~[leaf-26.2.jar:26.2-118-4b38592]
	at net.minecraft.server.MinecraftServer.tickChildren(MinecraftServer.java:1892) ~[leaf-26.2.jar:26.2-118-4b38592]
	at net.minecraft.server.MinecraftServer.tickServer(MinecraftServer.java:1722) ~[leaf-26.2.jar:26.2-118-4b38592]
	at net.minecraft.server.dedicated.DedicatedServer.tickServer(DedicatedServer.java:469) ~[leaf-26.2.jar:26.2-118-4b38592]
	at net.minecraft.server.MinecraftServer.processPacketsAndTick(MinecraftServer.java:1781) ~[leaf-26.2.jar:26.2-118-4b38592]
	at net.minecraft.server.MinecraftServer.runServer(MinecraftServer.java:1449) ~[leaf-26.2.jar:26.2-118-4b38592]
	at net.minecraft.server.MinecraftServer.lambda$spin$0(MinecraftServer.java:303) ~[leaf-26.2.jar:26.2-118-4b38592]
	at java.base/java.lang.Thread.run(Thread.java:1474) ~[?:?]
[06:35:37 ERROR]: Ignoring setSeed on Entity.SHARED_RANDOM
java.lang.Throwable
	at net.minecraft.world.entity.Entity$RandomRandomSource.setSeed(Entity.java:193) ~[leaf-26.2.jar:26.2-118-4b38592]
	at benchmark.jar//dev.escos.verify.BenchPlugin.setup(BenchPlugin.java:117) ~[?:?]
	at benchmark.jar//dev.escos.verify.BenchPlugin.lambda$onEnable$0(BenchPlugin.java:63) ~[?:?]
	at org.bukkit.craftbukkit.scheduler.CraftTask.run(CraftTask.java:78) ~[leaf-26.2.jar:26.2-118-4b38592]
	at org.bukkit.craftbukkit.scheduler.CraftScheduler.mainThreadHeartbeat(CraftScheduler.java:474) ~[leaf-26.2.jar:26.2-118-4b38592]
	at net.minecraft.server.MinecraftServer.tickChildren(MinecraftServer.java:1892) ~[leaf-26.2.jar:26.2-118-4b38592]
	at net.minecraft.server.MinecraftServer.tickServer(MinecraftServer.java:1722) ~[leaf-26.2.jar:26.2-118-4b38592]
	at net.minecraft.server.dedicated.DedicatedServer.tickServer(DedicatedServer.java:469) ~[leaf-26.2.jar:26.2-118-4b38592]
	at net.minecraft.server.MinecraftServer.processPacketsAndTick(MinecraftServer.java:1781) ~[leaf-26.2.jar:26.2-118-4b38592]
	at net.minecraft.server.MinecraftServer.runServer(MinecraftServer.java:1449) ~[leaf-26.2.jar:26.2-118-4b38592]
	at net.minecraft.server.MinecraftServer.lambda$spin$0(MinecraftServer.java:303) ~[leaf-26.2.jar:26.2-118-4b38592]
	at java.base/java.lang.Thread.run(Thread.java:1474) ~[?:?]
[06:35:37 ERROR]: Ignoring setSeed on Entity.SHARED_RANDOM
java.lang.Throwable
	at net.minecraft.world.entity.Entity$RandomRandomSource.setSeed(Entity.java:193) ~[leaf-26.2.jar:26.2-118-4b38592]
	at benchmark.jar//dev.escos.verify.BenchPlugin.setup(BenchPlugin.java:117) ~[?:?]
	at benchmark.jar//dev.escos.verify.BenchPlugin.lambda$onEnable$0(BenchPlugin.java:63) ~[?:?]
	at org.bukkit.craftbukkit.scheduler.CraftTask.run(CraftTask.java:78) ~[leaf-26.2.jar:26.2-118-4b38592]
	at org.bukkit.craftbukkit.scheduler.CraftScheduler.mainThreadHeartbeat(CraftScheduler.java:474) ~[leaf-26.2.jar:26.2-118-4b38592]
	at net.minecraft.server.MinecraftServer.tickChildren(MinecraftServer.java:1892) ~[leaf-26.2.jar:26.2-118-4b38592]
	at net.minecraft.server.MinecraftServer.tickServer(MinecraftServer.java:1722) ~[leaf-26.2.jar:26.2-118-4b38592]
	at net.minecraft.server.dedicated.DedicatedServer.tickServer(DedicatedServer.java:469) ~[leaf-26.2.jar:26.2-118-4b38592]
	at net.minecraft.server.MinecraftServer.processPacketsAndTick(MinecraftServer.java:1781) ~[leaf-26.2.jar:26.2-118-4b38592]
	at net.minecraft.server.MinecraftServer.runServer(MinecraftServer.java:1449) ~[leaf-26.2.jar:26.2-118-4b38592]
	at net.minecraft.server.MinecraftServer.lambda$spin$0(MinecraftServer.java:303) ~[leaf-26.2.jar:26.2-118-4b38592]
	at java.base/java.lang.Thread.run(Thread.java:1474) ~[?:?]
[06:35:37 ERROR]: Ignoring setSeed on Entity.SHARED_RANDOM
java.lang.Throwable
	at net.minecraft.world.entity.Entity$RandomRandomSource.setSeed(Entity.java:193) ~[leaf-26.2.jar:26.2-118-4b38592]
	at benchmark.jar//dev.escos.verify.BenchPlugin.setup(BenchPlugin.java:117) ~[?:?]
	at benchmark.jar//dev.escos.verify.BenchPlugin.lambda$onEnable$0(BenchPlugin.java:63) ~[?:?]
	at org.bukkit.craftbukkit.scheduler.CraftTask.run(CraftTask.java:78) ~[leaf-26.2.jar:26.2-118-4b38592]
	at org.bukkit.craftbukkit.scheduler.CraftScheduler.mainThreadHeartbeat(CraftScheduler.java:474) ~[leaf-26.2.jar:26.2-118-4b38592]
	at net.minecraft.server.MinecraftServer.tickChildren(MinecraftServer.java:1892) ~[leaf-26.2.jar:26.2-118-4b38592]
	at net.minecraft.server.MinecraftServer.tickServer(MinecraftServer.java:1722) ~[leaf-26.2.jar:26.2-118-4b38592]
	at net.minecraft.server.dedicated.DedicatedServer.tickServer(DedicatedServer.java:469) ~[leaf-26.2.jar:26.2-118-4b38592]
	at net.minecraft.server.MinecraftServer.processPacketsAndTick(MinecraftServer.java:1781) ~[leaf-26.2.jar:26.2-118-4b38592]
	at net.minecraft.server.MinecraftServer.runServer(MinecraftServer.java:1449) ~[leaf-26.2.jar:26.2-118-4b38592]
	at net.minecraft.server.MinecraftServer.lambda$spin$0(MinecraftServer.java:303) ~[leaf-26.2.jar:26.2-118-4b38592]
	at java.base/java.lang.Thread.run(Thread.java:1474) ~[?:?]
[06:35:37 ERROR]: Ignoring setSeed on Entity.SHARED_RANDOM
java.lang.Throwable
	at net.minecraft.world.entity.Entity$RandomRandomSource.setSeed(Entity.java:193) ~[leaf-26.2.jar:26.2-118-4b38592]
	at benchmark.jar//dev.escos.verify.BenchPlugin.setup(BenchPlugin.java:117) ~[?:?]
	at benchmark.jar//dev.escos.verify.BenchPlugin.lambda$onEnable$0(BenchPlugin.java:63) ~[?:?]
	at org.bukkit.craftbukkit.scheduler.CraftTask.run(CraftTask.java:78) ~[leaf-26.2.jar:26.2-118-4b38592]
	at org.bukkit.craftbukkit.scheduler.CraftScheduler.mainThreadHeartbeat(CraftScheduler.java:474) ~[leaf-26.2.jar:26.2-118-4b38592]
	at net.minecraft.server.MinecraftServer.tickChildren(MinecraftServer.java:1892) ~[leaf-26.2.jar:26.2-118-4b38592]
	at net.minecraft.server.MinecraftServer.tickServer(MinecraftServer.java:1722) ~[leaf-26.2.jar:26.2-118-4b38592]
	at net.minecraft.server.dedicated.DedicatedServer.tickServer(DedicatedServer.java:469) ~[leaf-26.2.jar:26.2-118-4b38592]
	at net.minecraft.server.MinecraftServer.processPacketsAndTick(MinecraftServer.java:1781) ~[leaf-26.2.jar:26.2-118-4b38592]
	at net.minecraft.server.MinecraftServer.runServer(MinecraftServer.java:1449) ~[leaf-26.2.jar:26.2-118-4b38592]
	at net.minecraft.server.MinecraftServer.lambda$spin$0(MinecraftServer.java:303) ~[leaf-26.2.jar:26.2-118-4b38592]
	at java.base/java.lang.Thread.run(Thread.java:1474) ~[?:?]
[06:35:37 ERROR]: Ignoring setSeed on Entity.SHARED_RANDOM
java.lang.Throwable
	at net.minecraft.world.entity.Entity$RandomRandomSource.setSeed(Entity.java:193) ~[leaf-26.2.jar:26.2-118-4b38592]
	at benchmark.jar//dev.escos.verify.BenchPlugin.setup(BenchPlugin.java:117) ~[?:?]
	at benchmark.jar//dev.escos.verify.BenchPlugin.lambda$onEnable$0(BenchPlugin.java:63) ~[?:?]
	at org.bukkit.craftbukkit.scheduler.CraftTask.run(CraftTask.java:78) ~[leaf-26.2.jar:26.2-118-4b38592]
	at org.bukkit.craftbukkit.scheduler.CraftScheduler.mainThreadHeartbeat(CraftScheduler.java:474) ~[leaf-26.2.jar:26.2-118-4b38592]
	at net.minecraft.server.MinecraftServer.tickChildren(MinecraftServer.java:1892) ~[leaf-26.2.jar:26.2-118-4b38592]
	at net.minecraft.server.MinecraftServer.tickServer(MinecraftServer.java:1722) ~[leaf-26.2.jar:26.2-118-4b38592]
	at net.minecraft.server.dedicated.DedicatedServer.tickServer(DedicatedServer.java:469) ~[leaf-26.2.jar:26.2-118-4b38592]
	at net.minecraft.server.MinecraftServer.processPacketsAndTick(MinecraftServer.java:1781) ~[leaf-26.2.jar:26.2-118-4b38592]
	at net.minecraft.server.MinecraftServer.runServer(MinecraftServer.java:1449) ~[leaf-26.2.jar:26.2-118-4b38592]
	at net.minecraft.server.MinecraftServer.lambda$spin$0(MinecraftServer.java:303) ~[leaf-26.2.jar:26.2-118-4b38592]
	at java.base/java.lang.Thread.run(Thread.java:1474) ~[?:?]
[06:35:37 ERROR]: Ignoring setSeed on Entity.SHARED_RANDOM
java.lang.Throwable
	at net.minecraft.world.entity.Entity$RandomRandomSource.setSeed(Entity.java:193) ~[leaf-26.2.jar:26.2-118-4b38592]
	at benchmark.jar//dev.escos.verify.BenchPlugin.setup(BenchPlugin.java:117) ~[?:?]
	at benchmark.jar//dev.escos.verify.BenchPlugin.lambda$onEnable$0(BenchPlugin.java:63) ~[?:?]
	at org.bukkit.craftbukkit.scheduler.CraftTask.run(CraftTask.java:78) ~[leaf-26.2.jar:26.2-118-4b38592]
	at org.bukkit.craftbukkit.scheduler.CraftScheduler.mainThreadHeartbeat(CraftScheduler.java:474) ~[leaf-26.2.jar:26.2-118-4b38592]
	at net.minecraft.server.MinecraftServer.tickChildren(MinecraftServer.java:1892) ~[leaf-26.2.jar:26.2-118-4b38592]
	at net.minecraft.server.MinecraftServer.tickServer(MinecraftServer.java:1722) ~[leaf-26.2.jar:26.2-118-4b38592]
	at net.minecraft.server.dedicated.DedicatedServer.tickServer(DedicatedServer.java:469) ~[leaf-26.2.jar:26.2-118-4b38592]
	at net.minecraft.server.MinecraftServer.processPacketsAndTick(MinecraftServer.java:1781) ~[leaf-26.2.jar:26.2-118-4b38592]
	at net.minecraft.server.MinecraftServer.runServer(MinecraftServer.java:1449) ~[leaf-26.2.jar:26.2-118-4b38592]
	at net.minecraft.server.MinecraftServer.lambda$spin$0(MinecraftServer.java:303) ~[leaf-26.2.jar:26.2-118-4b38592]
	at java.base/java.lang.Thread.run(Thread.java:1474) ~[?:?]
[06:35:37 ERROR]: Ignoring setSeed on Entity.SHARED_RANDOM
java.lang.Throwable
	at net.minecraft.world.entity.Entity$RandomRandomSource.setSeed(Entity.java:193) ~[leaf-26.2.jar:26.2-118-4b38592]
	at benchmark.jar//dev.escos.verify.BenchPlugin.setup(BenchPlugin.java:117) ~[?:?]
	at benchmark.jar//dev.escos.verify.BenchPlugin.lambda$onEnable$0(BenchPlugin.java:63) ~[?:?]
	at org.bukkit.craftbukkit.scheduler.CraftTask.run(CraftTask.java:78) ~[leaf-26.2.jar:26.2-118-4b38592]
	at org.bukkit.craftbukkit.scheduler.CraftScheduler.mainThreadHeartbeat(CraftScheduler.java:474) ~[leaf-26.2.jar:26.2-118-4b38592]
	at net.minecraft.server.MinecraftServer.tickChildren(MinecraftServer.java:1892) ~[leaf-26.2.jar:26.2-118-4b38592]
	at net.minecraft.server.MinecraftServer.tickServer(MinecraftServer.java:1722) ~[leaf-26.2.jar:26.2-118-4b38592]
	at net.minecraft.server.dedicated.DedicatedServer.tickServer(DedicatedServer.java:469) ~[leaf-26.2.jar:26.2-118-4b38592]
	at net.minecraft.server.MinecraftServer.processPacketsAndTick(MinecraftServer.java:1781) ~[leaf-26.2.jar:26.2-118-4b38592]
	at net.minecraft.server.MinecraftServer.runServer(MinecraftServer.java:1449) ~[leaf-26.2.jar:26.2-118-4b38592]
	at net.minecraft.server.MinecraftServer.lambda$spin$0(MinecraftServer.java:303) ~[leaf-26.2.jar:26.2-118-4b38592]
	at java.base/java.lang.Thread.run(Thread.java:1474) ~[?:?]
[06:35:37 ERROR]: Ignoring setSeed on Entity.SHARED_RANDOM
java.lang.Throwable
	at net.minecraft.world.entity.Entity$RandomRandomSource.setSeed(Entity.java:193) ~[leaf-26.2.jar:26.2-118-4b38592]
	at benchmark.jar//dev.escos.verify.BenchPlugin.setup(BenchPlugin.java:117) ~[?:?]
	at benchmark.jar//dev.escos.verify.BenchPlugin.lambda$onEnable$0(BenchPlugin.java:63) ~[?:?]
	at org.bukkit.craftbukkit.scheduler.CraftTask.run(CraftTask.java:78) ~[leaf-26.2.jar:26.2-118-4b38592]
	at org.bukkit.craftbukkit.scheduler.CraftScheduler.mainThreadHeartbeat(CraftScheduler.java:474) ~[leaf-26.2.jar:26.2-118-4b38592]
	at net.minecraft.server.MinecraftServer.tickChildren(MinecraftServer.java:1892) ~[leaf-26.2.jar:26.2-118-4b38592]
	at net.minecraft.server.MinecraftServer.tickServer(MinecraftServer.java:1722) ~[leaf-26.2.jar:26.2-118-4b38592]
	at net.minecraft.server.dedicated.DedicatedServer.tickServer(DedicatedServer.java:469) ~[leaf-26.2.jar:26.2-118-4b38592]
	at net.minecraft.server.MinecraftServer.processPacketsAndTick(MinecraftServer.java:1781) ~[leaf-26.2.jar:26.2-118-4b38592]
	at net.minecraft.server.MinecraftServer.runServer(MinecraftServer.java:1449) ~[leaf-26.2.jar:26.2-118-4b38592]
	at net.minecraft.server.MinecraftServer.lambda$spin$0(MinecraftServer.java:303) ~[leaf-26.2.jar:26.2-118-4b38592]
	at java.base/java.lang.Thread.run(Thread.java:1474) ~[?:?]
[06:35:37 ERROR]: Ignoring setSeed on Entity.SHARED_RANDOM
java.lang.Throwable
	at net.minecraft.world.entity.Entity$RandomRandomSource.setSeed(Entity.java:193) ~[leaf-26.2.jar:26.2-118-4b38592]
	at benchmark.jar//dev.escos.verify.BenchPlugin.setup(BenchPlugin.java:117) ~[?:?]
	at benchmark.jar//dev.escos.verify.BenchPlugin.lambda$onEnable$0(BenchPlugin.java:63) ~[?:?]
	at org.bukkit.craftbukkit.scheduler.CraftTask.run(CraftTask.java:78) ~[leaf-26.2.jar:26.2-118-4b38592]
	at org.bukkit.craftbukkit.scheduler.CraftScheduler.mainThreadHeartbeat(CraftScheduler.java:474) ~[leaf-26.2.jar:26.2-118-4b38592]
	at net.minecraft.server.MinecraftServer.tickChildren(MinecraftServer.java:1892) ~[leaf-26.2.jar:26.2-118-4b38592]
	at net.minecraft.server.MinecraftServer.tickServer(MinecraftServer.java:1722) ~[leaf-26.2.jar:26.2-118-4b38592]
	at net.minecraft.server.dedicated.DedicatedServer.tickServer(DedicatedServer.java:469) ~[leaf-26.2.jar:26.2-118-4b38592]
	at net.minecraft.server.MinecraftServer.processPacketsAndTick(MinecraftServer.java:1781) ~[leaf-26.2.jar:26.2-118-4b38592]
	at net.minecraft.server.MinecraftServer.runServer(MinecraftServer.java:1449) ~[leaf-26.2.jar:26.2-118-4b38592]
	at net.minecraft.server.MinecraftServer.lambda$spin$0(MinecraftServer.java:303) ~[leaf-26.2.jar:26.2-118-4b38592]
	at java.base/java.lang.Thread.run(Thread.java:1474) ~[?:?]
[06:35:37 ERROR]: Ignoring setSeed on Entity.SHARED_RANDOM
java.lang.Throwable
	at net.minecraft.world.entity.Entity$RandomRandomSource.setSeed(Entity.java:193) ~[leaf-26.2.jar:26.2-118-4b38592]
	at benchmark.jar//dev.escos.verify.BenchPlugin.setup(BenchPlugin.java:117) ~[?:?]
	at benchmark.jar//dev.escos.verify.BenchPlugin.lambda$onEnable$0(BenchPlugin.java:63) ~[?:?]
	at org.bukkit.craftbukkit.scheduler.CraftTask.run(CraftTask.java:78) ~[leaf-26.2.jar:26.2-118-4b38592]
	at org.bukkit.craftbukkit.scheduler.CraftScheduler.mainThreadHeartbeat(CraftScheduler.java:474) ~[leaf-26.2.jar:26.2-118-4b38592]
	at net.minecraft.server.MinecraftServer.tickChildren(MinecraftServer.java:1892) ~[leaf-26.2.jar:26.2-118-4b38592]
	at net.minecraft.server.MinecraftServer.tickServer(MinecraftServer.java:1722) ~[leaf-26.2.jar:26.2-118-4b38592]
	at net.minecraft.server.dedicated.DedicatedServer.tickServer(DedicatedServer.java:469) ~[leaf-26.2.jar:26.2-118-4b38592]
	at net.minecraft.server.MinecraftServer.processPacketsAndTick(MinecraftServer.java:1781) ~[leaf-26.2.jar:26.2-118-4b38592]
	at net.minecraft.server.MinecraftServer.runServer(MinecraftServer.java:1449) ~[leaf-26.2.jar:26.2-118-4b38592]
	at net.minecraft.server.MinecraftServer.lambda$spin$0(MinecraftServer.java:303) ~[leaf-26.2.jar:26.2-118-4b38592]
	at java.base/java.lang.Thread.run(Thread.java:1474) ~[?:?]
[06:35:37 ERROR]: Ignoring setSeed on Entity.SHARED_RANDOM
java.lang.Throwable
	at net.minecraft.world.entity.Entity$RandomRandomSource.setSeed(Entity.java:193) ~[leaf-26.2.jar:26.2-118-4b38592]
	at benchmark.jar//dev.escos.verify.BenchPlugin.setup(BenchPlugin.java:117) ~[?:?]
	at benchmark.jar//dev.escos.verify.BenchPlugin.lambda$onEnable$0(BenchPlugin.java:63) ~[?:?]
	at org.bukkit.craftbukkit.scheduler.CraftTask.run(CraftTask.java:78) ~[leaf-26.2.jar:26.2-118-4b38592]
	at org.bukkit.craftbukkit.scheduler.CraftScheduler.mainThreadHeartbeat(CraftScheduler.java:474) ~[leaf-26.2.jar:26.2-118-4b38592]
	at net.minecraft.server.MinecraftServer.tickChildren(MinecraftServer.java:1892) ~[leaf-26.2.jar:26.2-118-4b38592]
	at net.minecraft.server.MinecraftServer.tickServer(MinecraftServer.java:1722) ~[leaf-26.2.jar:26.2-118-4b38592]
	at net.minecraft.server.dedicated.DedicatedServer.tickServer(DedicatedServer.java:469) ~[leaf-26.2.jar:26.2-118-4b38592]
	at net.minecraft.server.MinecraftServer.processPacketsAndTick(MinecraftServer.java:1781) ~[leaf-26.2.jar:26.2-118-4b38592]
	at net.minecraft.server.MinecraftServer.runServer(MinecraftServer.java:1449) ~[leaf-26.2.jar:26.2-118-4b38592]
	at net.minecraft.server.MinecraftServer.lambda$spin$0(MinecraftServer.java:303) ~[leaf-26.2.jar:26.2-118-4b38592]
	at java.base/java.lang.Thread.run(Thread.java:1474) ~[?:?]
[06:35:37 ERROR]: Ignoring setSeed on Entity.SHARED_RANDOM
java.lang.Throwable
	at net.minecraft.world.entity.Entity$RandomRandomSource.setSeed(Entity.java:193) ~[leaf-26.2.jar:26.2-118-4b38592]
	at benchmark.jar//dev.escos.verify.BenchPlugin.setup(BenchPlugin.java:117) ~[?:?]
	at benchmark.jar//dev.escos.verify.BenchPlugin.lambda$onEnable$0(BenchPlugin.java:63) ~[?:?]
	at org.bukkit.craftbukkit.scheduler.CraftTask.run(CraftTask.java:78) ~[leaf-26.2.jar:26.2-118-4b38592]
	at org.bukkit.craftbukkit.scheduler.CraftScheduler.mainThreadHeartbeat(CraftScheduler.java:474) ~[leaf-26.2.jar:26.2-118-4b38592]
	at net.minecraft.server.MinecraftServer.tickChildren(MinecraftServer.java:1892) ~[leaf-26.2.jar:26.2-118-4b38592]
	at net.minecraft.server.MinecraftServer.tickServer(MinecraftServer.java:1722) ~[leaf-26.2.jar:26.2-118-4b38592]
	at net.minecraft.server.dedicated.DedicatedServer.tickServer(DedicatedServer.java:469) ~[leaf-26.2.jar:26.2-118-4b38592]
	at net.minecraft.server.MinecraftServer.processPacketsAndTick(MinecraftServer.java:1781) ~[leaf-26.2.jar:26.2-118-4b38592]
	at net.minecraft.server.MinecraftServer.runServer(MinecraftServer.java:1449) ~[leaf-26.2.jar:26.2-118-4b38592]
	at net.minecraft.server.MinecraftServer.lambda$spin$0(MinecraftServer.java:303) ~[leaf-26.2.jar:26.2-118-4b38592]
	at java.base/java.lang.Thread.run(Thread.java:1474) ~[?:?]
[06:35:37 ERROR]: Ignoring setSeed on Entity.SHARED_RANDOM
java.lang.Throwable
	at net.minecraft.world.entity.Entity$RandomRandomSource.setSeed(Entity.java:193) ~[leaf-26.2.jar:26.2-118-4b38592]
	at benchmark.jar//dev.escos.verify.BenchPlugin.setup(BenchPlugin.java:117) ~[?:?]
	at benchmark.jar//dev.escos.verify.BenchPlugin.lambda$onEnable$0(BenchPlugin.java:63) ~[?:?]
	at org.bukkit.craftbukkit.scheduler.CraftTask.run(CraftTask.java:78) ~[leaf-26.2.jar:26.2-118-4b38592]
	at org.bukkit.craftbukkit.scheduler.CraftScheduler.mainThreadHeartbeat(CraftScheduler.java:474) ~[leaf-26.2.jar:26.2-118-4b38592]
	at net.minecraft.server.MinecraftServer.tickChildren(MinecraftServer.java:1892) ~[leaf-26.2.jar:26.2-118-4b38592]
	at net.minecraft.server.MinecraftServer.tickServer(MinecraftServer.java:1722) ~[leaf-26.2.jar:26.2-118-4b38592]
	at net.minecraft.server.dedicated.DedicatedServer.tickServer(DedicatedServer.java:469) ~[leaf-26.2.jar:26.2-118-4b38592]
	at net.minecraft.server.MinecraftServer.processPacketsAndTick(MinecraftServer.java:1781) ~[leaf-26.2.jar:26.2-118-4b38592]
	at net.minecraft.server.MinecraftServer.runServer(MinecraftServer.java:1449) ~[leaf-26.2.jar:26.2-118-4b38592]
	at net.minecraft.server.MinecraftServer.lambda$spin$0(MinecraftServer.java:303) ~[leaf-26.2.jar:26.2-118-4b38592]
	at java.base/java.lang.Thread.run(Thread.java:1474) ~[?:?]
[06:35:37 ERROR]: Ignoring setSeed on Entity.SHARED_RANDOM
java.lang.Throwable
	at net.minecraft.world.entity.Entity$RandomRandomSource.setSeed(Entity.java:193) ~[leaf-26.2.jar:26.2-118-4b38592]
	at benchmark.jar//dev.escos.verify.BenchPlugin.setup(BenchPlugin.java:117) ~[?:?]
	at benchmark.jar//dev.escos.verify.BenchPlugin.lambda$onEnable$0(BenchPlugin.java:63) ~[?:?]
	at org.bukkit.craftbukkit.scheduler.CraftTask.run(CraftTask.java:78) ~[leaf-26.2.jar:26.2-118-4b38592]
	at org.bukkit.craftbukkit.scheduler.CraftScheduler.mainThreadHeartbeat(CraftScheduler.java:474) ~[leaf-26.2.jar:26.2-118-4b38592]
	at net.minecraft.server.MinecraftServer.tickChildren(MinecraftServer.java:1892) ~[leaf-26.2.jar:26.2-118-4b38592]
	at net.minecraft.server.MinecraftServer.tickServer(MinecraftServer.java:1722) ~[leaf-26.2.jar:26.2-118-4b38592]
	at net.minecraft.server.dedicated.DedicatedServer.tickServer(DedicatedServer.java:469) ~[leaf-26.2.jar:26.2-118-4b38592]
	at net.minecraft.server.MinecraftServer.processPacketsAndTick(MinecraftServer.java:1781) ~[leaf-26.2.jar:26.2-118-4b38592]
	at net.minecraft.server.MinecraftServer.runServer(MinecraftServer.java:1449) ~[leaf-26.2.jar:26.2-118-4b38592]
	at net.minecraft.server.MinecraftServer.lambda$spin$0(MinecraftServer.java:303) ~[leaf-26.2.jar:26.2-118-4b38592]
	at java.base/java.lang.Thread.run(Thread.java:1474) ~[?:?]
[06:35:37 ERROR]: Ignoring setSeed on Entity.SHARED_RANDOM
java.lang.Throwable
	at net.minecraft.world.entity.Entity$RandomRandomSource.setSeed(Entity.java:193) ~[leaf-26.2.jar:26.2-118-4b38592]
	at benchmark.jar//dev.escos.verify.BenchPlugin.setup(BenchPlugin.java:117) ~[?:?]
	at benchmark.jar//dev.escos.verify.BenchPlugin.lambda$onEnable$0(BenchPlugin.java:63) ~[?:?]
	at org.bukkit.craftbukkit.scheduler.CraftTask.run(CraftTask.java:78) ~[leaf-26.2.jar:26.2-118-4b38592]
	at org.bukkit.craftbukkit.scheduler.CraftScheduler.mainThreadHeartbeat(CraftScheduler.java:474) ~[leaf-26.2.jar:26.2-118-4b38592]
	at net.minecraft.server.MinecraftServer.tickChildren(MinecraftServer.java:1892) ~[leaf-26.2.jar:26.2-118-4b38592]
	at net.minecraft.server.MinecraftServer.tickServer(MinecraftServer.java:1722) ~[leaf-26.2.jar:26.2-118-4b38592]
	at net.minecraft.server.dedicated.DedicatedServer.tickServer(DedicatedServer.java:469) ~[leaf-26.2.jar:26.2-118-4b38592]
	at net.minecraft.server.MinecraftServer.processPacketsAndTick(MinecraftServer.java:1781) ~[leaf-26.2.jar:26.2-118-4b38592]
	at net.minecraft.server.MinecraftServer.runServer(MinecraftServer.java:1449) ~[leaf-26.2.jar:26.2-118-4b38592]
	at net.minecraft.server.MinecraftServer.lambda$spin$0(MinecraftServer.java:303) ~[leaf-26.2.jar:26.2-118-4b38592]
	at java.base/java.lang.Thread.run(Thread.java:1474) ~[?:?]
[06:35:37 ERROR]: Ignoring setSeed on Entity.SHARED_RANDOM
java.lang.Throwable
	at net.minecraft.world.entity.Entity$RandomRandomSource.setSeed(Entity.java:193) ~[leaf-26.2.jar:26.2-118-4b38592]
	at benchmark.jar//dev.escos.verify.BenchPlugin.setup(BenchPlugin.java:117) ~[?:?]
	at benchmark.jar//dev.escos.verify.BenchPlugin.lambda$onEnable$0(BenchPlugin.java:63) ~[?:?]
	at org.bukkit.craftbukkit.scheduler.CraftTask.run(CraftTask.java:78) ~[leaf-26.2.jar:26.2-118-4b38592]
	at org.bukkit.craftbukkit.scheduler.CraftScheduler.mainThreadHeartbeat(CraftScheduler.java:474) ~[leaf-26.2.jar:26.2-118-4b38592]
	at net.minecraft.server.MinecraftServer.tickChildren(MinecraftServer.java:1892) ~[leaf-26.2.jar:26.2-118-4b38592]
	at net.minecraft.server.MinecraftServer.tickServer(MinecraftServer.java:1722) ~[leaf-26.2.jar:26.2-118-4b38592]
	at net.minecraft.server.dedicated.DedicatedServer.tickServer(DedicatedServer.java:469) ~[leaf-26.2.jar:26.2-118-4b38592]
	at net.minecraft.server.MinecraftServer.processPacketsAndTick(MinecraftServer.java:1781) ~[leaf-26.2.jar:26.2-118-4b38592]
	at net.minecraft.server.MinecraftServer.runServer(MinecraftServer.java:1449) ~[leaf-26.2.jar:26.2-118-4b38592]
	at net.minecraft.server.MinecraftServer.lambda$spin$0(MinecraftServer.java:303) ~[leaf-26.2.jar:26.2-118-4b38592]
	at java.base/java.lang.Thread.run(Thread.java:1474) ~[?:?]
[06:35:37 ERROR]: Ignoring setSeed on Entity.SHARED_RANDOM
java.lang.Throwable
	at net.minecraft.world.entity.Entity$RandomRandomSource.setSeed(Entity.java:193) ~[leaf-26.2.jar:26.2-118-4b38592]
	at benchmark.jar//dev.escos.verify.BenchPlugin.setup(BenchPlugin.java:117) ~[?:?]
	at benchmark.jar//dev.escos.verify.BenchPlugin.lambda$onEnable$0(BenchPlugin.java:63) ~[?:?]
	at org.bukkit.craftbukkit.scheduler.CraftTask.run(CraftTask.java:78) ~[leaf-26.2.jar:26.2-118-4b38592]
	at org.bukkit.craftbukkit.scheduler.CraftScheduler.mainThreadHeartbeat(CraftScheduler.java:474) ~[leaf-26.2.jar:26.2-118-4b38592]
	at net.minecraft.server.MinecraftServer.tickChildren(MinecraftServer.java:1892) ~[leaf-26.2.jar:26.2-118-4b38592]
	at net.minecraft.server.MinecraftServer.tickServer(MinecraftServer.java:1722) ~[leaf-26.2.jar:26.2-118-4b38592]
	at net.minecraft.server.dedicated.DedicatedServer.tickServer(DedicatedServer.java:469) ~[leaf-26.2.jar:26.2-118-4b38592]
	at net.minecraft.server.MinecraftServer.processPacketsAndTick(MinecraftServer.java:1781) ~[leaf-26.2.jar:26.2-118-4b38592]
	at net.minecraft.server.MinecraftServer.runServer(MinecraftServer.java:1449) ~[leaf-26.2.jar:26.2-118-4b38592]
	at net.minecraft.server.MinecraftServer.lambda$spin$0(MinecraftServer.java:303) ~[leaf-26.2.jar:26.2-118-4b38592]
	at java.base/java.lang.Thread.run(Thread.java:1474) ~[?:?]
[06:35:37 ERROR]: Ignoring setSeed on Entity.SHARED_RANDOM
java.lang.Throwable
	at net.minecraft.world.entity.Entity$RandomRandomSource.setSeed(Entity.java:193) ~[leaf-26.2.jar:26.2-118-4b38592]
	at benchmark.jar//dev.escos.verify.BenchPlugin.setup(BenchPlugin.java:117) ~[?:?]
	at benchmark.jar//dev.escos.verify.BenchPlugin.lambda$onEnable$0(BenchPlugin.java:63) ~[?:?]
	at org.bukkit.craftbukkit.scheduler.CraftTask.run(CraftTask.java:78) ~[leaf-26.2.jar:26.2-118-4b38592]
	at org.bukkit.craftbukkit.scheduler.CraftScheduler.mainThreadHeartbeat(CraftScheduler.java:474) ~[leaf-26.2.jar:26.2-118-4b38592]
	at net.minecraft.server.MinecraftServer.tickChildren(MinecraftServer.java:1892) ~[leaf-26.2.jar:26.2-118-4b38592]
	at net.minecraft.server.MinecraftServer.tickServer(MinecraftServer.java:1722) ~[leaf-26.2.jar:26.2-118-4b38592]
	at net.minecraft.server.dedicated.DedicatedServer.tickServer(DedicatedServer.java:469) ~[leaf-26.2.jar:26.2-118-4b38592]
	at net.minecraft.server.MinecraftServer.processPacketsAndTick(MinecraftServer.java:1781) ~[leaf-26.2.jar:26.2-118-4b38592]
	at net.minecraft.server.MinecraftServer.runServer(MinecraftServer.java:1449) ~[leaf-26.2.jar:26.2-118-4b38592]
	at net.minecraft.server.MinecraftServer.lambda$spin$0(MinecraftServer.java:303) ~[leaf-26.2.jar:26.2-118-4b38592]
	at java.base/java.lang.Thread.run(Thread.java:1474) ~[?:?]
[06:35:37 ERROR]: Ignoring setSeed on Entity.SHARED_RANDOM
java.lang.Throwable
	at net.minecraft.world.entity.Entity$RandomRandomSource.setSeed(Entity.java:193) ~[leaf-26.2.jar:26.2-118-4b38592]
	at benchmark.jar//dev.escos.verify.BenchPlugin.setup(BenchPlugin.java:117) ~[?:?]
	at benchmark.jar//dev.escos.verify.BenchPlugin.lambda$onEnable$0(BenchPlugin.java:63) ~[?:?]
	at org.bukkit.craftbukkit.scheduler.CraftTask.run(CraftTask.java:78) ~[leaf-26.2.jar:26.2-118-4b38592]
	at org.bukkit.craftbukkit.scheduler.CraftScheduler.mainThreadHeartbeat(CraftScheduler.java:474) ~[leaf-26.2.jar:26.2-118-4b38592]
	at net.minecraft.server.MinecraftServer.tickChildren(MinecraftServer.java:1892) ~[leaf-26.2.jar:26.2-118-4b38592]
	at net.minecraft.server.MinecraftServer.tickServer(MinecraftServer.java:1722) ~[leaf-26.2.jar:26.2-118-4b38592]
	at net.minecraft.server.dedicated.DedicatedServer.tickServer(DedicatedServer.java:469) ~[leaf-26.2.jar:26.2-118-4b38592]
	at net.minecraft.server.MinecraftServer.processPacketsAndTick(MinecraftServer.java:1781) ~[leaf-26.2.jar:26.2-118-4b38592]
	at net.minecraft.server.MinecraftServer.runServer(MinecraftServer.java:1449) ~[leaf-26.2.jar:26.2-118-4b38592]
	at net.minecraft.server.MinecraftServer.lambda$spin$0(MinecraftServer.java:303) ~[leaf-26.2.jar:26.2-118-4b38592]
	at java.base/java.lang.Thread.run(Thread.java:1474) ~[?:?]
[06:35:37 ERROR]: Ignoring setSeed on Entity.SHARED_RANDOM
java.lang.Throwable
	at net.minecraft.world.entity.Entity$RandomRandomSource.setSeed(Entity.java:193) ~[leaf-26.2.jar:26.2-118-4b38592]
	at benchmark.jar//dev.escos.verify.BenchPlugin.setup(BenchPlugin.java:117) ~[?:?]
	at benchmark.jar//dev.escos.verify.BenchPlugin.lambda$onEnable$0(BenchPlugin.java:63) ~[?:?]
	at org.bukkit.craftbukkit.scheduler.CraftTask.run(CraftTask.java:78) ~[leaf-26.2.jar:26.2-118-4b38592]
	at org.bukkit.craftbukkit.scheduler.CraftScheduler.mainThreadHeartbeat(CraftScheduler.java:474) ~[leaf-26.2.jar:26.2-118-4b38592]
	at net.minecraft.server.MinecraftServer.tickChildren(MinecraftServer.java:1892) ~[leaf-26.2.jar:26.2-118-4b38592]
	at net.minecraft.server.MinecraftServer.tickServer(MinecraftServer.java:1722) ~[leaf-26.2.jar:26.2-118-4b38592]
	at net.minecraft.server.dedicated.DedicatedServer.tickServer(DedicatedServer.java:469) ~[leaf-26.2.jar:26.2-118-4b38592]
	at net.minecraft.server.MinecraftServer.processPacketsAndTick(MinecraftServer.java:1781) ~[leaf-26.2.jar:26.2-118-4b38592]
	at net.minecraft.server.MinecraftServer.runServer(MinecraftServer.java:1449) ~[leaf-26.2.jar:26.2-118-4b38592]
	at net.minecraft.server.MinecraftServer.lambda$spin$0(MinecraftServer.java:303) ~[leaf-26.2.jar:26.2-118-4b38592]
	at java.base/java.lang.Thread.run(Thread.java:1474) ~[?:?]
[06:35:37 ERROR]: Ignoring setSeed on Entity.SHARED_RANDOM
java.lang.Throwable
	at net.minecraft.world.entity.Entity$RandomRandomSource.setSeed(Entity.java:193) ~[leaf-26.2.jar:26.2-118-4b38592]
	at benchmark.jar//dev.escos.verify.BenchPlugin.setup(BenchPlugin.java:117) ~[?:?]
	at benchmark.jar//dev.escos.verify.BenchPlugin.lambda$onEnable$0(BenchPlugin.java:63) ~[?:?]
	at org.bukkit.craftbukkit.scheduler.CraftTask.run(CraftTask.java:78) ~[leaf-26.2.jar:26.2-118-4b38592]
	at org.bukkit.craftbukkit.scheduler.CraftScheduler.mainThreadHeartbeat(CraftScheduler.java:474) ~[leaf-26.2.jar:26.2-118-4b38592]
	at net.minecraft.server.MinecraftServer.tickChildren(MinecraftServer.java:1892) ~[leaf-26.2.jar:26.2-118-4b38592]
	at net.minecraft.server.MinecraftServer.tickServer(MinecraftServer.java:1722) ~[leaf-26.2.jar:26.2-118-4b38592]
	at net.minecraft.server.dedicated.DedicatedServer.tickServer(DedicatedServer.java:469) ~[leaf-26.2.jar:26.2-118-4b38592]
	at net.minecraft.server.MinecraftServer.processPacketsAndTick(MinecraftServer.java:1781) ~[leaf-26.2.jar:26.2-118-4b38592]
	at net.minecraft.server.MinecraftServer.runServer(MinecraftServer.java:1449) ~[leaf-26.2.jar:26.2-118-4b38592]
	at net.minecraft.server.MinecraftServer.lambda$spin$0(MinecraftServer.java:303) ~[leaf-26.2.jar:26.2-118-4b38592]
	at java.base/java.lang.Thread.run(Thread.java:1474) ~[?:?]
[06:35:37 ERROR]: Ignoring setSeed on Entity.SHARED_RANDOM
java.lang.Throwable
	at net.minecraft.world.entity.Entity$RandomRandomSource.setSeed(Entity.java:193) ~[leaf-26.2.jar:26.2-118-4b38592]
	at benchmark.jar//dev.escos.verify.BenchPlugin.setup(BenchPlugin.java:117) ~[?:?]
	at benchmark.jar//dev.escos.verify.BenchPlugin.lambda$onEnable$0(BenchPlugin.java:63) ~[?:?]
	at org.bukkit.craftbukkit.scheduler.CraftTask.run(CraftTask.java:78) ~[leaf-26.2.jar:26.2-118-4b38592]
	at org.bukkit.craftbukkit.scheduler.CraftScheduler.mainThreadHeartbeat(CraftScheduler.java:474) ~[leaf-26.2.jar:26.2-118-4b38592]
	at net.minecraft.server.MinecraftServer.tickChildren(MinecraftServer.java:1892) ~[leaf-26.2.jar:26.2-118-4b38592]
	at net.minecraft.server.MinecraftServer.tickServer(MinecraftServer.java:1722) ~[leaf-26.2.jar:26.2-118-4b38592]
	at net.minecraft.server.dedicated.DedicatedServer.tickServer(DedicatedServer.java:469) ~[leaf-26.2.jar:26.2-118-4b38592]
	at net.minecraft.server.MinecraftServer.processPacketsAndTick(MinecraftServer.java:1781) ~[leaf-26.2.jar:26.2-118-4b38592]
	at net.minecraft.server.MinecraftServer.runServer(MinecraftServer.java:1449) ~[leaf-26.2.jar:26.2-118-4b38592]
	at net.minecraft.server.MinecraftServer.lambda$spin$0(MinecraftServer.java:303) ~[leaf-26.2.jar:26.2-118-4b38592]
	at java.base/java.lang.Thread.run(Thread.java:1474) ~[?:?]
[06:35:37 ERROR]: Ignoring setSeed on Entity.SHARED_RANDOM
java.lang.Throwable
	at net.minecraft.world.entity.Entity$RandomRandomSource.setSeed(Entity.java:193) ~[leaf-26.2.jar:26.2-118-4b38592]
	at benchmark.jar//dev.escos.verify.BenchPlugin.setup(BenchPlugin.java:117) ~[?:?]
	at benchmark.jar//dev.escos.verify.BenchPlugin.lambda$onEnable$0(BenchPlugin.java:63) ~[?:?]
	at org.bukkit.craftbukkit.scheduler.CraftTask.run(CraftTask.java:78) ~[leaf-26.2.jar:26.2-118-4b38592]
	at org.bukkit.craftbukkit.scheduler.CraftScheduler.mainThreadHeartbeat(CraftScheduler.java:474) ~[leaf-26.2.jar:26.2-118-4b38592]
	at net.minecraft.server.MinecraftServer.tickChildren(MinecraftServer.java:1892) ~[leaf-26.2.jar:26.2-118-4b38592]
	at net.minecraft.server.MinecraftServer.tickServer(MinecraftServer.java:1722) ~[leaf-26.2.jar:26.2-118-4b38592]
	at net.minecraft.server.dedicated.DedicatedServer.tickServer(DedicatedServer.java:469) ~[leaf-26.2.jar:26.2-118-4b38592]
	at net.minecraft.server.MinecraftServer.processPacketsAndTick(MinecraftServer.java:1781) ~[leaf-26.2.jar:26.2-118-4b38592]
	at net.minecraft.server.MinecraftServer.runServer(MinecraftServer.java:1449) ~[leaf-26.2.jar:26.2-118-4b38592]
	at net.minecraft.server.MinecraftServer.lambda$spin$0(MinecraftServer.java:303) ~[leaf-26.2.jar:26.2-118-4b38592]
	at java.base/java.lang.Thread.run(Thread.java:1474) ~[?:?]
[06:35:37 ERROR]: Ignoring setSeed on Entity.SHARED_RANDOM
java.lang.Throwable
	at net.minecraft.world.entity.Entity$RandomRandomSource.setSeed(Entity.java:193) ~[leaf-26.2.jar:26.2-118-4b38592]
	at benchmark.jar//dev.escos.verify.BenchPlugin.setup(BenchPlugin.java:117) ~[?:?]
	at benchmark.jar//dev.escos.verify.BenchPlugin.lambda$onEnable$0(BenchPlugin.java:63) ~[?:?]
	at org.bukkit.craftbukkit.scheduler.CraftTask.run(CraftTask.java:78) ~[leaf-26.2.jar:26.2-118-4b38592]
	at org.bukkit.craftbukkit.scheduler.CraftScheduler.mainThreadHeartbeat(CraftScheduler.java:474) ~[leaf-26.2.jar:26.2-118-4b38592]
	at net.minecraft.server.MinecraftServer.tickChildren(MinecraftServer.java:1892) ~[leaf-26.2.jar:26.2-118-4b38592]
	at net.minecraft.server.MinecraftServer.tickServer(MinecraftServer.java:1722) ~[leaf-26.2.jar:26.2-118-4b38592]
	at net.minecraft.server.dedicated.DedicatedServer.tickServer(DedicatedServer.java:469) ~[leaf-26.2.jar:26.2-118-4b38592]
	at net.minecraft.server.MinecraftServer.processPacketsAndTick(MinecraftServer.java:1781) ~[leaf-26.2.jar:26.2-118-4b38592]
	at net.minecraft.server.MinecraftServer.runServer(MinecraftServer.java:1449) ~[leaf-26.2.jar:26.2-118-4b38592]
	at net.minecraft.server.MinecraftServer.lambda$spin$0(MinecraftServer.java:303) ~[leaf-26.2.jar:26.2-118-4b38592]
	at java.base/java.lang.Thread.run(Thread.java:1474) ~[?:?]
[06:35:37 ERROR]: Ignoring setSeed on Entity.SHARED_RANDOM
java.lang.Throwable
	at net.minecraft.world.entity.Entity$RandomRandomSource.setSeed(Entity.java:193) ~[leaf-26.2.jar:26.2-118-4b38592]
	at benchmark.jar//dev.escos.verify.BenchPlugin.setup(BenchPlugin.java:117) ~[?:?]
	at benchmark.jar//dev.escos.verify.BenchPlugin.lambda$onEnable$0(BenchPlugin.java:63) ~[?:?]
	at org.bukkit.craftbukkit.scheduler.CraftTask.run(CraftTask.java:78) ~[leaf-26.2.jar:26.2-118-4b38592]
	at org.bukkit.craftbukkit.scheduler.CraftScheduler.mainThreadHeartbeat(CraftScheduler.java:474) ~[leaf-26.2.jar:26.2-118-4b38592]
	at net.minecraft.server.MinecraftServer.tickChildren(MinecraftServer.java:1892) ~[leaf-26.2.jar:26.2-118-4b38592]
	at net.minecraft.server.MinecraftServer.tickServer(MinecraftServer.java:1722) ~[leaf-26.2.jar:26.2-118-4b38592]
	at net.minecraft.server.dedicated.DedicatedServer.tickServer(DedicatedServer.java:469) ~[leaf-26.2.jar:26.2-118-4b38592]
	at net.minecraft.server.MinecraftServer.processPacketsAndTick(MinecraftServer.java:1781) ~[leaf-26.2.jar:26.2-118-4b38592]
	at net.minecraft.server.MinecraftServer.runServer(MinecraftServer.java:1449) ~[leaf-26.2.jar:26.2-118-4b38592]
	at net.minecraft.server.MinecraftServer.lambda$spin$0(MinecraftServer.java:303) ~[leaf-26.2.jar:26.2-118-4b38592]
	at java.base/java.lang.Thread.run(Thread.java:1474) ~[?:?]
[06:35:37 ERROR]: Ignoring setSeed on Entity.SHARED_RANDOM
java.lang.Throwable
	at net.minecraft.world.entity.Entity$RandomRandomSource.setSeed(Entity.java:193) ~[leaf-26.2.jar:26.2-118-4b38592]
	at benchmark.jar//dev.escos.verify.BenchPlugin.setup(BenchPlugin.java:117) ~[?:?]
	at benchmark.jar//dev.escos.verify.BenchPlugin.lambda$onEnable$0(BenchPlugin.java:63) ~[?:?]
	at org.bukkit.craftbukkit.scheduler.CraftTask.run(CraftTask.java:78) ~[leaf-26.2.jar:26.2-118-4b38592]
	at org.bukkit.craftbukkit.scheduler.CraftScheduler.mainThreadHeartbeat(CraftScheduler.java:474) ~[leaf-26.2.jar:26.2-118-4b38592]
	at net.minecraft.server.MinecraftServer.tickChildren(MinecraftServer.java:1892) ~[leaf-26.2.jar:26.2-118-4b38592]
	at net.minecraft.server.MinecraftServer.tickServer(MinecraftServer.java:1722) ~[leaf-26.2.jar:26.2-118-4b38592]
	at net.minecraft.server.dedicated.DedicatedServer.tickServer(DedicatedServer.java:469) ~[leaf-26.2.jar:26.2-118-4b38592]
	at net.minecraft.server.MinecraftServer.processPacketsAndTick(MinecraftServer.java:1781) ~[leaf-26.2.jar:26.2-118-4b38592]
	at net.minecraft.server.MinecraftServer.runServer(MinecraftServer.java:1449) ~[leaf-26.2.jar:26.2-118-4b38592]
	at net.minecraft.server.MinecraftServer.lambda$spin$0(MinecraftServer.java:303) ~[leaf-26.2.jar:26.2-118-4b38592]
	at java.base/java.lang.Thread.run(Thread.java:1474) ~[?:?]
[06:35:37 ERROR]: Ignoring setSeed on Entity.SHARED_RANDOM
java.lang.Throwable
	at net.minecraft.world.entity.Entity$RandomRandomSource.setSeed(Entity.java:193) ~[leaf-26.2.jar:26.2-118-4b38592]
	at benchmark.jar//dev.escos.verify.BenchPlugin.setup(BenchPlugin.java:117) ~[?:?]
	at benchmark.jar//dev.escos.verify.BenchPlugin.lambda$onEnable$0(BenchPlugin.java:63) ~[?:?]
	at org.bukkit.craftbukkit.scheduler.CraftTask.run(CraftTask.java:78) ~[leaf-26.2.jar:26.2-118-4b38592]
	at org.bukkit.craftbukkit.scheduler.CraftScheduler.mainThreadHeartbeat(CraftScheduler.java:474) ~[leaf-26.2.jar:26.2-118-4b38592]
	at net.minecraft.server.MinecraftServer.tickChildren(MinecraftServer.java:1892) ~[leaf-26.2.jar:26.2-118-4b38592]
	at net.minecraft.server.MinecraftServer.tickServer(MinecraftServer.java:1722) ~[leaf-26.2.jar:26.2-118-4b38592]
	at net.minecraft.server.dedicated.DedicatedServer.tickServer(DedicatedServer.java:469) ~[leaf-26.2.jar:26.2-118-4b38592]
	at net.minecraft.server.MinecraftServer.processPacketsAndTick(MinecraftServer.java:1781) ~[leaf-26.2.jar:26.2-118-4b38592]
	at net.minecraft.server.MinecraftServer.runServer(MinecraftServer.java:1449) ~[leaf-26.2.jar:26.2-118-4b38592]
	at net.minecraft.server.MinecraftServer.lambda$spin$0(MinecraftServer.java:303) ~[leaf-26.2.jar:26.2-118-4b38592]
	at java.base/java.lang.Thread.run(Thread.java:1474) ~[?:?]
[06:35:37 ERROR]: Ignoring setSeed on Entity.SHARED_RANDOM
java.lang.Throwable
	at net.minecraft.world.entity.Entity$RandomRandomSource.setSeed(Entity.java:193) ~[leaf-26.2.jar:26.2-118-4b38592]
	at benchmark.jar//dev.escos.verify.BenchPlugin.setup(BenchPlugin.java:117) ~[?:?]
	at benchmark.jar//dev.escos.verify.BenchPlugin.lambda$onEnable$0(BenchPlugin.java:63) ~[?:?]
	at org.bukkit.craftbukkit.scheduler.CraftTask.run(CraftTask.java:78) ~[leaf-26.2.jar:26.2-118-4b38592]
	at org.bukkit.craftbukkit.scheduler.CraftScheduler.mainThreadHeartbeat(CraftScheduler.java:474) ~[leaf-26.2.jar:26.2-118-4b38592]
	at net.minecraft.server.MinecraftServer.tickChildren(MinecraftServer.java:1892) ~[leaf-26.2.jar:26.2-118-4b38592]
	at net.minecraft.server.MinecraftServer.tickServer(MinecraftServer.java:1722) ~[leaf-26.2.jar:26.2-118-4b38592]
	at net.minecraft.server.dedicated.DedicatedServer.tickServer(DedicatedServer.java:469) ~[leaf-26.2.jar:26.2-118-4b38592]
	at net.minecraft.server.MinecraftServer.processPacketsAndTick(MinecraftServer.java:1781) ~[leaf-26.2.jar:26.2-118-4b38592]
	at net.minecraft.server.MinecraftServer.runServer(MinecraftServer.java:1449) ~[leaf-26.2.jar:26.2-118-4b38592]
	at net.minecraft.server.MinecraftServer.lambda$spin$0(MinecraftServer.java:303) ~[leaf-26.2.jar:26.2-118-4b38592]
	at java.base/java.lang.Thread.run(Thread.java:1474) ~[?:?]
[06:35:37 ERROR]: Ignoring setSeed on Entity.SHARED_RANDOM
java.lang.Throwable
	at net.minecraft.world.entity.Entity$RandomRandomSource.setSeed(Entity.java:193) ~[leaf-26.2.jar:26.2-118-4b38592]
	at benchmark.jar//dev.escos.verify.BenchPlugin.setup(BenchPlugin.java:117) ~[?:?]
	at benchmark.jar//dev.escos.verify.BenchPlugin.lambda$onEnable$0(BenchPlugin.java:63) ~[?:?]
	at org.bukkit.craftbukkit.scheduler.CraftTask.run(CraftTask.java:78) ~[leaf-26.2.jar:26.2-118-4b38592]
	at org.bukkit.craftbukkit.scheduler.CraftScheduler.mainThreadHeartbeat(CraftScheduler.java:474) ~[leaf-26.2.jar:26.2-118-4b38592]
	at net.minecraft.server.MinecraftServer.tickChildren(MinecraftServer.java:1892) ~[leaf-26.2.jar:26.2-118-4b38592]
	at net.minecraft.server.MinecraftServer.tickServer(MinecraftServer.java:1722) ~[leaf-26.2.jar:26.2-118-4b38592]
	at net.minecraft.server.dedicated.DedicatedServer.tickServer(DedicatedServer.java:469) ~[leaf-26.2.jar:26.2-118-4b38592]
	at net.minecraft.server.MinecraftServer.processPacketsAndTick(MinecraftServer.java:1781) ~[leaf-26.2.jar:26.2-118-4b38592]
	at net.minecraft.server.MinecraftServer.runServer(MinecraftServer.java:1449) ~[leaf-26.2.jar:26.2-118-4b38592]
	at net.minecraft.server.MinecraftServer.lambda$spin$0(MinecraftServer.java:303) ~[leaf-26.2.jar:26.2-118-4b38592]
	at java.base/java.lang.Thread.run(Thread.java:1474) ~[?:?]
[06:35:37 ERROR]: Ignoring setSeed on Entity.SHARED_RANDOM
java.lang.Throwable
	at net.minecraft.world.entity.Entity$RandomRandomSource.setSeed(Entity.java:193) ~[leaf-26.2.jar:26.2-118-4b38592]
	at benchmark.jar//dev.escos.verify.BenchPlugin.setup(BenchPlugin.java:117) ~[?:?]
	at benchmark.jar//dev.escos.verify.BenchPlugin.lambda$onEnable$0(BenchPlugin.java:63) ~[?:?]
	at org.bukkit.craftbukkit.scheduler.CraftTask.run(CraftTask.java:78) ~[leaf-26.2.jar:26.2-118-4b38592]
	at org.bukkit.craftbukkit.scheduler.CraftScheduler.mainThreadHeartbeat(CraftScheduler.java:474) ~[leaf-26.2.jar:26.2-118-4b38592]
	at net.minecraft.server.MinecraftServer.tickChildren(MinecraftServer.java:1892) ~[leaf-26.2.jar:26.2-118-4b38592]
	at net.minecraft.server.MinecraftServer.tickServer(MinecraftServer.java:1722) ~[leaf-26.2.jar:26.2-118-4b38592]
	at net.minecraft.server.dedicated.DedicatedServer.tickServer(DedicatedServer.java:469) ~[leaf-26.2.jar:26.2-118-4b38592]
	at net.minecraft.server.MinecraftServer.processPacketsAndTick(MinecraftServer.java:1781) ~[leaf-26.2.jar:26.2-118-4b38592]
	at net.minecraft.server.MinecraftServer.runServer(MinecraftServer.java:1449) ~[leaf-26.2.jar:26.2-118-4b38592]
	at net.minecraft.server.MinecraftServer.lambda$spin$0(MinecraftServer.java:303) ~[leaf-26.2.jar:26.2-118-4b38592]
	at java.base/java.lang.Thread.run(Thread.java:1474) ~[?:?]
[06:35:37 ERROR]: Ignoring setSeed on Entity.SHARED_RANDOM
java.lang.Throwable
	at net.minecraft.world.entity.Entity$RandomRandomSource.setSeed(Entity.java:193) ~[leaf-26.2.jar:26.2-118-4b38592]
	at benchmark.jar//dev.escos.verify.BenchPlugin.setup(BenchPlugin.java:117) ~[?:?]
	at benchmark.jar//dev.escos.verify.BenchPlugin.lambda$onEnable$0(BenchPlugin.java:63) ~[?:?]
	at org.bukkit.craftbukkit.scheduler.CraftTask.run(CraftTask.java:78) ~[leaf-26.2.jar:26.2-118-4b38592]
	at org.bukkit.craftbukkit.scheduler.CraftScheduler.mainThreadHeartbeat(CraftScheduler.java:474) ~[leaf-26.2.jar:26.2-118-4b38592]
	at net.minecraft.server.MinecraftServer.tickChildren(MinecraftServer.java:1892) ~[leaf-26.2.jar:26.2-118-4b38592]
	at net.minecraft.server.MinecraftServer.tickServer(MinecraftServer.java:1722) ~[leaf-26.2.jar:26.2-118-4b38592]
	at net.minecraft.server.dedicated.DedicatedServer.tickServer(DedicatedServer.java:469) ~[leaf-26.2.jar:26.2-118-4b38592]
	at net.minecraft.server.MinecraftServer.processPacketsAndTick(MinecraftServer.java:1781) ~[leaf-26.2.jar:26.2-118-4b38592]
	at net.minecraft.server.MinecraftServer.runServer(MinecraftServer.java:1449) ~[leaf-26.2.jar:26.2-118-4b38592]
	at net.minecraft.server.MinecraftServer.lambda$spin$0(MinecraftServer.java:303) ~[leaf-26.2.jar:26.2-118-4b38592]
	at java.base/java.lang.Thread.run(Thread.java:1474) ~[?:?]
[06:35:37 ERROR]: Ignoring setSeed on Entity.SHARED_RANDOM
java.lang.Throwable
	at net.minecraft.world.entity.Entity$RandomRandomSource.setSeed(Entity.java:193) ~[leaf-26.2.jar:26.2-118-4b38592]
	at benchmark.jar//dev.escos.verify.BenchPlugin.setup(BenchPlugin.java:117) ~[?:?]
	at benchmark.jar//dev.escos.verify.BenchPlugin.lambda$onEnable$0(BenchPlugin.java:63) ~[?:?]
	at org.bukkit.craftbukkit.scheduler.CraftTask.run(CraftTask.java:78) ~[leaf-26.2.jar:26.2-118-4b38592]
	at org.bukkit.craftbukkit.scheduler.CraftScheduler.mainThreadHeartbeat(CraftScheduler.java:474) ~[leaf-26.2.jar:26.2-118-4b38592]
	at net.minecraft.server.MinecraftServer.tickChildren(MinecraftServer.java:1892) ~[leaf-26.2.jar:26.2-118-4b38592]
	at net.minecraft.server.MinecraftServer.tickServer(MinecraftServer.java:1722) ~[leaf-26.2.jar:26.2-118-4b38592]
	at net.minecraft.server.dedicated.DedicatedServer.tickServer(DedicatedServer.java:469) ~[leaf-26.2.jar:26.2-118-4b38592]
	at net.minecraft.server.MinecraftServer.processPacketsAndTick(MinecraftServer.java:1781) ~[leaf-26.2.jar:26.2-118-4b38592]
	at net.minecraft.server.MinecraftServer.runServer(MinecraftServer.java:1449) ~[leaf-26.2.jar:26.2-118-4b38592]
	at net.minecraft.server.MinecraftServer.lambda$spin$0(MinecraftServer.java:303) ~[leaf-26.2.jar:26.2-118-4b38592]
	at java.base/java.lang.Thread.run(Thread.java:1474) ~[?:?]
[06:35:37 ERROR]: Ignoring setSeed on Entity.SHARED_RANDOM
java.lang.Throwable
	at net.minecraft.world.entity.Entity$RandomRandomSource.setSeed(Entity.java:193) ~[leaf-26.2.jar:26.2-118-4b38592]
	at benchmark.jar//dev.escos.verify.BenchPlugin.setup(BenchPlugin.java:117) ~[?:?]
	at benchmark.jar//dev.escos.verify.BenchPlugin.lambda$onEnable$0(BenchPlugin.java:63) ~[?:?]
	at org.bukkit.craftbukkit.scheduler.CraftTask.run(CraftTask.java:78) ~[leaf-26.2.jar:26.2-118-4b38592]
	at org.bukkit.craftbukkit.scheduler.CraftScheduler.mainThreadHeartbeat(CraftScheduler.java:474) ~[leaf-26.2.jar:26.2-118-4b38592]
	at net.minecraft.server.MinecraftServer.tickChildren(MinecraftServer.java:1892) ~[leaf-26.2.jar:26.2-118-4b38592]
	at net.minecraft.server.MinecraftServer.tickServer(MinecraftServer.java:1722) ~[leaf-26.2.jar:26.2-118-4b38592]
	at net.minecraft.server.dedicated.DedicatedServer.tickServer(DedicatedServer.java:469) ~[leaf-26.2.jar:26.2-118-4b38592]
	at net.minecraft.server.MinecraftServer.processPacketsAndTick(MinecraftServer.java:1781) ~[leaf-26.2.jar:26.2-118-4b38592]
	at net.minecraft.server.MinecraftServer.runServer(MinecraftServer.java:1449) ~[leaf-26.2.jar:26.2-118-4b38592]
	at net.minecraft.server.MinecraftServer.lambda$spin$0(MinecraftServer.java:303) ~[leaf-26.2.jar:26.2-118-4b38592]
	at java.base/java.lang.Thread.run(Thread.java:1474) ~[?:?]
[06:35:37 ERROR]: Ignoring setSeed on Entity.SHARED_RANDOM
java.lang.Throwable
	at net.minecraft.world.entity.Entity$RandomRandomSource.setSeed(Entity.java:193) ~[leaf-26.2.jar:26.2-118-4b38592]
	at benchmark.jar//dev.escos.verify.BenchPlugin.setup(BenchPlugin.java:117) ~[?:?]
	at benchmark.jar//dev.escos.verify.BenchPlugin.lambda$onEnable$0(BenchPlugin.java:63) ~[?:?]
	at org.bukkit.craftbukkit.scheduler.CraftTask.run(CraftTask.java:78) ~[leaf-26.2.jar:26.2-118-4b38592]
	at org.bukkit.craftbukkit.scheduler.CraftScheduler.mainThreadHeartbeat(CraftScheduler.java:474) ~[leaf-26.2.jar:26.2-118-4b38592]
	at net.minecraft.server.MinecraftServer.tickChildren(MinecraftServer.java:1892) ~[leaf-26.2.jar:26.2-118-4b38592]
	at net.minecraft.server.MinecraftServer.tickServer(MinecraftServer.java:1722) ~[leaf-26.2.jar:26.2-118-4b38592]
	at net.minecraft.server.dedicated.DedicatedServer.tickServer(DedicatedServer.java:469) ~[leaf-26.2.jar:26.2-118-4b38592]
	at net.minecraft.server.MinecraftServer.processPacketsAndTick(MinecraftServer.java:1781) ~[leaf-26.2.jar:26.2-118-4b38592]
	at net.minecraft.server.MinecraftServer.runServer(MinecraftServer.java:1449) ~[leaf-26.2.jar:26.2-118-4b38592]
	at net.minecraft.server.MinecraftServer.lambda$spin$0(MinecraftServer.java:303) ~[leaf-26.2.jar:26.2-118-4b38592]
	at java.base/java.lang.Thread.run(Thread.java:1474) ~[?:?]
[06:35:37 ERROR]: Ignoring setSeed on Entity.SHARED_RANDOM
java.lang.Throwable
	at net.minecraft.world.entity.Entity$RandomRandomSource.setSeed(Entity.java:193) ~[leaf-26.2.jar:26.2-118-4b38592]
	at benchmark.jar//dev.escos.verify.BenchPlugin.setup(BenchPlugin.java:117) ~[?:?]
	at benchmark.jar//dev.escos.verify.BenchPlugin.lambda$onEnable$0(BenchPlugin.java:63) ~[?:?]
	at org.bukkit.craftbukkit.scheduler.CraftTask.run(CraftTask.java:78) ~[leaf-26.2.jar:26.2-118-4b38592]
	at org.bukkit.craftbukkit.scheduler.CraftScheduler.mainThreadHeartbeat(CraftScheduler.java:474) ~[leaf-26.2.jar:26.2-118-4b38592]
	at net.minecraft.server.MinecraftServer.tickChildren(MinecraftServer.java:1892) ~[leaf-26.2.jar:26.2-118-4b38592]
	at net.minecraft.server.MinecraftServer.tickServer(MinecraftServer.java:1722) ~[leaf-26.2.jar:26.2-118-4b38592]
	at net.minecraft.server.dedicated.DedicatedServer.tickServer(DedicatedServer.java:469) ~[leaf-26.2.jar:26.2-118-4b38592]
	at net.minecraft.server.MinecraftServer.processPacketsAndTick(MinecraftServer.java:1781) ~[leaf-26.2.jar:26.2-118-4b38592]
	at net.minecraft.server.MinecraftServer.runServer(MinecraftServer.java:1449) ~[leaf-26.2.jar:26.2-118-4b38592]
	at net.minecraft.server.MinecraftServer.lambda$spin$0(MinecraftServer.java:303) ~[leaf-26.2.jar:26.2-118-4b38592]
	at java.base/java.lang.Thread.run(Thread.java:1474) ~[?:?]
[06:35:37 ERROR]: Ignoring setSeed on Entity.SHARED_RANDOM
java.lang.Throwable
	at net.minecraft.world.entity.Entity$RandomRandomSource.setSeed(Entity.java:193) ~[leaf-26.2.jar:26.2-118-4b38592]
	at benchmark.jar//dev.escos.verify.BenchPlugin.setup(BenchPlugin.java:117) ~[?:?]
	at benchmark.jar//dev.escos.verify.BenchPlugin.lambda$onEnable$0(BenchPlugin.java:63) ~[?:?]
	at org.bukkit.craftbukkit.scheduler.CraftTask.run(CraftTask.java:78) ~[leaf-26.2.jar:26.2-118-4b38592]
	at org.bukkit.craftbukkit.scheduler.CraftScheduler.mainThreadHeartbeat(CraftScheduler.java:474) ~[leaf-26.2.jar:26.2-118-4b38592]
	at net.minecraft.server.MinecraftServer.tickChildren(MinecraftServer.java:1892) ~[leaf-26.2.jar:26.2-118-4b38592]
	at net.minecraft.server.MinecraftServer.tickServer(MinecraftServer.java:1722) ~[leaf-26.2.jar:26.2-118-4b38592]
	at net.minecraft.server.dedicated.DedicatedServer.tickServer(DedicatedServer.java:469) ~[leaf-26.2.jar:26.2-118-4b38592]
	at net.minecraft.server.MinecraftServer.processPacketsAndTick(MinecraftServer.java:1781) ~[leaf-26.2.jar:26.2-118-4b38592]
	at net.minecraft.server.MinecraftServer.runServer(MinecraftServer.java:1449) ~[leaf-26.2.jar:26.2-118-4b38592]
	at net.minecraft.server.MinecraftServer.lambda$spin$0(MinecraftServer.java:303) ~[leaf-26.2.jar:26.2-118-4b38592]
	at java.base/java.lang.Thread.run(Thread.java:1474) ~[?:?]
[06:35:37 ERROR]: Ignoring setSeed on Entity.SHARED_RANDOM
java.lang.Throwable
	at net.minecraft.world.entity.Entity$RandomRandomSource.setSeed(Entity.java:193) ~[leaf-26.2.jar:26.2-118-4b38592]
	at benchmark.jar//dev.escos.verify.BenchPlugin.setup(BenchPlugin.java:117) ~[?:?]
	at benchmark.jar//dev.escos.verify.BenchPlugin.lambda$onEnable$0(BenchPlugin.java:63) ~[?:?]
	at org.bukkit.craftbukkit.scheduler.CraftTask.run(CraftTask.java:78) ~[leaf-26.2.jar:26.2-118-4b38592]
	at org.bukkit.craftbukkit.scheduler.CraftScheduler.mainThreadHeartbeat(CraftScheduler.java:474) ~[leaf-26.2.jar:26.2-118-4b38592]
	at net.minecraft.server.MinecraftServer.tickChildren(MinecraftServer.java:1892) ~[leaf-26.2.jar:26.2-118-4b38592]
	at net.minecraft.server.MinecraftServer.tickServer(MinecraftServer.java:1722) ~[leaf-26.2.jar:26.2-118-4b38592]
	at net.minecraft.server.dedicated.DedicatedServer.tickServer(DedicatedServer.java:469) ~[leaf-26.2.jar:26.2-118-4b38592]
	at net.minecraft.server.MinecraftServer.processPacketsAndTick(MinecraftServer.java:1781) ~[leaf-26.2.jar:26.2-118-4b38592]
	at net.minecraft.server.MinecraftServer.runServer(MinecraftServer.java:1449) ~[leaf-26.2.jar:26.2-118-4b38592]
	at net.minecraft.server.MinecraftServer.lambda$spin$0(MinecraftServer.java:303) ~[leaf-26.2.jar:26.2-118-4b38592]
	at java.base/java.lang.Thread.run(Thread.java:1474) ~[?:?]
[06:35:37 ERROR]: Ignoring setSeed on Entity.SHARED_RANDOM
java.lang.Throwable
	at net.minecraft.world.entity.Entity$RandomRandomSource.setSeed(Entity.java:193) ~[leaf-26.2.jar:26.2-118-4b38592]
	at benchmark.jar//dev.escos.verify.BenchPlugin.setup(BenchPlugin.java:117) ~[?:?]
	at benchmark.jar//dev.escos.verify.BenchPlugin.lambda$onEnable$0(BenchPlugin.java:63) ~[?:?]
	at org.bukkit.craftbukkit.scheduler.CraftTask.run(CraftTask.java:78) ~[leaf-26.2.jar:26.2-118-4b38592]
	at org.bukkit.craftbukkit.scheduler.CraftScheduler.mainThreadHeartbeat(CraftScheduler.java:474) ~[leaf-26.2.jar:26.2-118-4b38592]
	at net.minecraft.server.MinecraftServer.tickChildren(MinecraftServer.java:1892) ~[leaf-26.2.jar:26.2-118-4b38592]
	at net.minecraft.server.MinecraftServer.tickServer(MinecraftServer.java:1722) ~[leaf-26.2.jar:26.2-118-4b38592]
	at net.minecraft.server.dedicated.DedicatedServer.tickServer(DedicatedServer.java:469) ~[leaf-26.2.jar:26.2-118-4b38592]
	at net.minecraft.server.MinecraftServer.processPacketsAndTick(MinecraftServer.java:1781) ~[leaf-26.2.jar:26.2-118-4b38592]
	at net.minecraft.server.MinecraftServer.runServer(MinecraftServer.java:1449) ~[leaf-26.2.jar:26.2-118-4b38592]
	at net.minecraft.server.MinecraftServer.lambda$spin$0(MinecraftServer.java:303) ~[leaf-26.2.jar:26.2-118-4b38592]
	at java.base/java.lang.Thread.run(Thread.java:1474) ~[?:?]
[06:35:37 ERROR]: Ignoring setSeed on Entity.SHARED_RANDOM
java.lang.Throwable
	at net.minecraft.world.entity.Entity$RandomRandomSource.setSeed(Entity.java:193) ~[leaf-26.2.jar:26.2-118-4b38592]
	at benchmark.jar//dev.escos.verify.BenchPlugin.setup(BenchPlugin.java:117) ~[?:?]
	at benchmark.jar//dev.escos.verify.BenchPlugin.lambda$onEnable$0(BenchPlugin.java:63) ~[?:?]
	at org.bukkit.craftbukkit.scheduler.CraftTask.run(CraftTask.java:78) ~[leaf-26.2.jar:26.2-118-4b38592]
	at org.bukkit.craftbukkit.scheduler.CraftScheduler.mainThreadHeartbeat(CraftScheduler.java:474) ~[leaf-26.2.jar:26.2-118-4b38592]
	at net.minecraft.server.MinecraftServer.tickChildren(MinecraftServer.java:1892) ~[leaf-26.2.jar:26.2-118-4b38592]
	at net.minecraft.server.MinecraftServer.tickServer(MinecraftServer.java:1722) ~[leaf-26.2.jar:26.2-118-4b38592]
	at net.minecraft.server.dedicated.DedicatedServer.tickServer(DedicatedServer.java:469) ~[leaf-26.2.jar:26.2-118-4b38592]
	at net.minecraft.server.MinecraftServer.processPacketsAndTick(MinecraftServer.java:1781) ~[leaf-26.2.jar:26.2-118-4b38592]
	at net.minecraft.server.MinecraftServer.runServer(MinecraftServer.java:1449) ~[leaf-26.2.jar:26.2-118-4b38592]
	at net.minecraft.server.MinecraftServer.lambda$spin$0(MinecraftServer.java:303) ~[leaf-26.2.jar:26.2-118-4b38592]
	at java.base/java.lang.Thread.run(Thread.java:1474) ~[?:?]
[06:35:37 ERROR]: Ignoring setSeed on Entity.SHARED_RANDOM
java.lang.Throwable
	at net.minecraft.world.entity.Entity$RandomRandomSource.setSeed(Entity.java:193) ~[leaf-26.2.jar:26.2-118-4b38592]
	at benchmark.jar//dev.escos.verify.BenchPlugin.setup(BenchPlugin.java:117) ~[?:?]
	at benchmark.jar//dev.escos.verify.BenchPlugin.lambda$onEnable$0(BenchPlugin.java:63) ~[?:?]
	at org.bukkit.craftbukkit.scheduler.CraftTask.run(CraftTask.java:78) ~[leaf-26.2.jar:26.2-118-4b38592]
	at org.bukkit.craftbukkit.scheduler.CraftScheduler.mainThreadHeartbeat(CraftScheduler.java:474) ~[leaf-26.2.jar:26.2-118-4b38592]
	at net.minecraft.server.MinecraftServer.tickChildren(MinecraftServer.java:1892) ~[leaf-26.2.jar:26.2-118-4b38592]
	at net.minecraft.server.MinecraftServer.tickServer(MinecraftServer.java:1722) ~[leaf-26.2.jar:26.2-118-4b38592]
	at net.minecraft.server.dedicated.DedicatedServer.tickServer(DedicatedServer.java:469) ~[leaf-26.2.jar:26.2-118-4b38592]
	at net.minecraft.server.MinecraftServer.processPacketsAndTick(MinecraftServer.java:1781) ~[leaf-26.2.jar:26.2-118-4b38592]
	at net.minecraft.server.MinecraftServer.runServer(MinecraftServer.java:1449) ~[leaf-26.2.jar:26.2-118-4b38592]
	at net.minecraft.server.MinecraftServer.lambda$spin$0(MinecraftServer.java:303) ~[leaf-26.2.jar:26.2-118-4b38592]
	at java.base/java.lang.Thread.run(Thread.java:1474) ~[?:?]
[06:35:37 ERROR]: Ignoring setSeed on Entity.SHARED_RANDOM
java.lang.Throwable
	at net.minecraft.world.entity.Entity$RandomRandomSource.setSeed(Entity.java:193) ~[leaf-26.2.jar:26.2-118-4b38592]
	at benchmark.jar//dev.escos.verify.BenchPlugin.setup(BenchPlugin.java:117) ~[?:?]
	at benchmark.jar//dev.escos.verify.BenchPlugin.lambda$onEnable$0(BenchPlugin.java:63) ~[?:?]
	at org.bukkit.craftbukkit.scheduler.CraftTask.run(CraftTask.java:78) ~[leaf-26.2.jar:26.2-118-4b38592]
	at org.bukkit.craftbukkit.scheduler.CraftScheduler.mainThreadHeartbeat(CraftScheduler.java:474) ~[leaf-26.2.jar:26.2-118-4b38592]
	at net.minecraft.server.MinecraftServer.tickChildren(MinecraftServer.java:1892) ~[leaf-26.2.jar:26.2-118-4b38592]
	at net.minecraft.server.MinecraftServer.tickServer(MinecraftServer.java:1722) ~[leaf-26.2.jar:26.2-118-4b38592]
	at net.minecraft.server.dedicated.DedicatedServer.tickServer(DedicatedServer.java:469) ~[leaf-26.2.jar:26.2-118-4b38592]
	at net.minecraft.server.MinecraftServer.processPacketsAndTick(MinecraftServer.java:1781) ~[leaf-26.2.jar:26.2-118-4b38592]
	at net.minecraft.server.MinecraftServer.runServer(MinecraftServer.java:1449) ~[leaf-26.2.jar:26.2-118-4b38592]
	at net.minecraft.server.MinecraftServer.lambda$spin$0(MinecraftServer.java:303) ~[leaf-26.2.jar:26.2-118-4b38592]
	at java.base/java.lang.Thread.run(Thread.java:1474) ~[?:?]
[06:35:37 ERROR]: Ignoring setSeed on Entity.SHARED_RANDOM
java.lang.Throwable
	at net.minecraft.world.entity.Entity$RandomRandomSource.setSeed(Entity.java:193) ~[leaf-26.2.jar:26.2-118-4b38592]
	at benchmark.jar//dev.escos.verify.BenchPlugin.setup(BenchPlugin.java:117) ~[?:?]
	at benchmark.jar//dev.escos.verify.BenchPlugin.lambda$onEnable$0(BenchPlugin.java:63) ~[?:?]
	at org.bukkit.craftbukkit.scheduler.CraftTask.run(CraftTask.java:78) ~[leaf-26.2.jar:26.2-118-4b38592]
	at org.bukkit.craftbukkit.scheduler.CraftScheduler.mainThreadHeartbeat(CraftScheduler.java:474) ~[leaf-26.2.jar:26.2-118-4b38592]
	at net.minecraft.server.MinecraftServer.tickChildren(MinecraftServer.java:1892) ~[leaf-26.2.jar:26.2-118-4b38592]
	at net.minecraft.server.MinecraftServer.tickServer(MinecraftServer.java:1722) ~[leaf-26.2.jar:26.2-118-4b38592]
	at net.minecraft.server.dedicated.DedicatedServer.tickServer(DedicatedServer.java:469) ~[leaf-26.2.jar:26.2-118-4b38592]
	at net.minecraft.server.MinecraftServer.processPacketsAndTick(MinecraftServer.java:1781) ~[leaf-26.2.jar:26.2-118-4b38592]
	at net.minecraft.server.MinecraftServer.runServer(MinecraftServer.java:1449) ~[leaf-26.2.jar:26.2-118-4b38592]
	at net.minecraft.server.MinecraftServer.lambda$spin$0(MinecraftServer.java:303) ~[leaf-26.2.jar:26.2-118-4b38592]
	at java.base/java.lang.Thread.run(Thread.java:1474) ~[?:?]
[06:35:37 ERROR]: Ignoring setSeed on Entity.SHARED_RANDOM
java.lang.Throwable
	at net.minecraft.world.entity.Entity$RandomRandomSource.setSeed(Entity.java:193) ~[leaf-26.2.jar:26.2-118-4b38592]
	at benchmark.jar//dev.escos.verify.BenchPlugin.setup(BenchPlugin.java:117) ~[?:?]
	at benchmark.jar//dev.escos.verify.BenchPlugin.lambda$onEnable$0(BenchPlugin.java:63) ~[?:?]
	at org.bukkit.craftbukkit.scheduler.CraftTask.run(CraftTask.java:78) ~[leaf-26.2.jar:26.2-118-4b38592]
	at org.bukkit.craftbukkit.scheduler.CraftScheduler.mainThreadHeartbeat(CraftScheduler.java:474) ~[leaf-26.2.jar:26.2-118-4b38592]
	at net.minecraft.server.MinecraftServer.tickChildren(MinecraftServer.java:1892) ~[leaf-26.2.jar:26.2-118-4b38592]
	at net.minecraft.server.MinecraftServer.tickServer(MinecraftServer.java:1722) ~[leaf-26.2.jar:26.2-118-4b38592]
	at net.minecraft.server.dedicated.DedicatedServer.tickServer(DedicatedServer.java:469) ~[leaf-26.2.jar:26.2-118-4b38592]
	at net.minecraft.server.MinecraftServer.processPacketsAndTick(MinecraftServer.java:1781) ~[leaf-26.2.jar:26.2-118-4b38592]
	at net.minecraft.server.MinecraftServer.runServer(MinecraftServer.java:1449) ~[leaf-26.2.jar:26.2-118-4b38592]
	at net.minecraft.server.MinecraftServer.lambda$spin$0(MinecraftServer.java:303) ~[leaf-26.2.jar:26.2-118-4b38592]
	at java.base/java.lang.Thread.run(Thread.java:1474) ~[?:?]
[06:35:37 ERROR]: Ignoring setSeed on Entity.SHARED_RANDOM
java.lang.Throwable
	at net.minecraft.world.entity.Entity$RandomRandomSource.setSeed(Entity.java:193) ~[leaf-26.2.jar:26.2-118-4b38592]
	at benchmark.jar//dev.escos.verify.BenchPlugin.setup(BenchPlugin.java:117) ~[?:?]
	at benchmark.jar//dev.escos.verify.BenchPlugin.lambda$onEnable$0(BenchPlugin.java:63) ~[?:?]
	at org.bukkit.craftbukkit.scheduler.CraftTask.run(CraftTask.java:78) ~[leaf-26.2.jar:26.2-118-4b38592]
	at org.bukkit.craftbukkit.scheduler.CraftScheduler.mainThreadHeartbeat(CraftScheduler.java:474) ~[leaf-26.2.jar:26.2-118-4b38592]
	at net.minecraft.server.MinecraftServer.tickChildren(MinecraftServer.java:1892) ~[leaf-26.2.jar:26.2-118-4b38592]
	at net.minecraft.server.MinecraftServer.tickServer(MinecraftServer.java:1722) ~[leaf-26.2.jar:26.2-118-4b38592]
	at net.minecraft.server.dedicated.DedicatedServer.tickServer(DedicatedServer.java:469) ~[leaf-26.2.jar:26.2-118-4b38592]
	at net.minecraft.server.MinecraftServer.processPacketsAndTick(MinecraftServer.java:1781) ~[leaf-26.2.jar:26.2-118-4b38592]
	at net.minecraft.server.MinecraftServer.runServer(MinecraftServer.java:1449) ~[leaf-26.2.jar:26.2-118-4b38592]
	at net.minecraft.server.MinecraftServer.lambda$spin$0(MinecraftServer.java:303) ~[leaf-26.2.jar:26.2-118-4b38592]
	at java.base/java.lang.Thread.run(Thread.java:1474) ~[?:?]
[06:35:37 ERROR]: Ignoring setSeed on Entity.SHARED_RANDOM
java.lang.Throwable
	at net.minecraft.world.entity.Entity$RandomRandomSource.setSeed(Entity.java:193) ~[leaf-26.2.jar:26.2-118-4b38592]
	at benchmark.jar//dev.escos.verify.BenchPlugin.setup(BenchPlugin.java:117) ~[?:?]
	at benchmark.jar//dev.escos.verify.BenchPlugin.lambda$onEnable$0(BenchPlugin.java:63) ~[?:?]
	at org.bukkit.craftbukkit.scheduler.CraftTask.run(CraftTask.java:78) ~[leaf-26.2.jar:26.2-118-4b38592]
	at org.bukkit.craftbukkit.scheduler.CraftScheduler.mainThreadHeartbeat(CraftScheduler.java:474) ~[leaf-26.2.jar:26.2-118-4b38592]
	at net.minecraft.server.MinecraftServer.tickChildren(MinecraftServer.java:1892) ~[leaf-26.2.jar:26.2-118-4b38592]
	at net.minecraft.server.MinecraftServer.tickServer(MinecraftServer.java:1722) ~[leaf-26.2.jar:26.2-118-4b38592]
	at net.minecraft.server.dedicated.DedicatedServer.tickServer(DedicatedServer.java:469) ~[leaf-26.2.jar:26.2-118-4b38592]
	at net.minecraft.server.MinecraftServer.processPacketsAndTick(MinecraftServer.java:1781) ~[leaf-26.2.jar:26.2-118-4b38592]
	at net.minecraft.server.MinecraftServer.runServer(MinecraftServer.java:1449) ~[leaf-26.2.jar:26.2-118-4b38592]
	at net.minecraft.server.MinecraftServer.lambda$spin$0(MinecraftServer.java:303) ~[leaf-26.2.jar:26.2-118-4b38592]
	at java.base/java.lang.Thread.run(Thread.java:1474) ~[?:?]
[06:35:37 ERROR]: Ignoring setSeed on Entity.SHARED_RANDOM
java.lang.Throwable
	at net.minecraft.world.entity.Entity$RandomRandomSource.setSeed(Entity.java:193) ~[leaf-26.2.jar:26.2-118-4b38592]
	at benchmark.jar//dev.escos.verify.BenchPlugin.setup(BenchPlugin.java:117) ~[?:?]
	at benchmark.jar//dev.escos.verify.BenchPlugin.lambda$onEnable$0(BenchPlugin.java:63) ~[?:?]
	at org.bukkit.craftbukkit.scheduler.CraftTask.run(CraftTask.java:78) ~[leaf-26.2.jar:26.2-118-4b38592]
	at org.bukkit.craftbukkit.scheduler.CraftScheduler.mainThreadHeartbeat(CraftScheduler.java:474) ~[leaf-26.2.jar:26.2-118-4b38592]
	at net.minecraft.server.MinecraftServer.tickChildren(MinecraftServer.java:1892) ~[leaf-26.2.jar:26.2-118-4b38592]
	at net.minecraft.server.MinecraftServer.tickServer(MinecraftServer.java:1722) ~[leaf-26.2.jar:26.2-118-4b38592]
	at net.minecraft.server.dedicated.DedicatedServer.tickServer(DedicatedServer.java:469) ~[leaf-26.2.jar:26.2-118-4b38592]
	at net.minecraft.server.MinecraftServer.processPacketsAndTick(MinecraftServer.java:1781) ~[leaf-26.2.jar:26.2-118-4b38592]
	at net.minecraft.server.MinecraftServer.runServer(MinecraftServer.java:1449) ~[leaf-26.2.jar:26.2-118-4b38592]
	at net.minecraft.server.MinecraftServer.lambda$spin$0(MinecraftServer.java:303) ~[leaf-26.2.jar:26.2-118-4b38592]
	at java.base/java.lang.Thread.run(Thread.java:1474) ~[?:?]
[06:35:37 ERROR]: Ignoring setSeed on Entity.SHARED_RANDOM
java.lang.Throwable
	at net.minecraft.world.entity.Entity$RandomRandomSource.setSeed(Entity.java:193) ~[leaf-26.2.jar:26.2-118-4b38592]
	at benchmark.jar//dev.escos.verify.BenchPlugin.setup(BenchPlugin.java:117) ~[?:?]
	at benchmark.jar//dev.escos.verify.BenchPlugin.lambda$onEnable$0(BenchPlugin.java:63) ~[?:?]
	at org.bukkit.craftbukkit.scheduler.CraftTask.run(CraftTask.java:78) ~[leaf-26.2.jar:26.2-118-4b38592]
	at org.bukkit.craftbukkit.scheduler.CraftScheduler.mainThreadHeartbeat(CraftScheduler.java:474) ~[leaf-26.2.jar:26.2-118-4b38592]
	at net.minecraft.server.MinecraftServer.tickChildren(MinecraftServer.java:1892) ~[leaf-26.2.jar:26.2-118-4b38592]
	at net.minecraft.server.MinecraftServer.tickServer(MinecraftServer.java:1722) ~[leaf-26.2.jar:26.2-118-4b38592]
	at net.minecraft.server.dedicated.DedicatedServer.tickServer(DedicatedServer.java:469) ~[leaf-26.2.jar:26.2-118-4b38592]
	at net.minecraft.server.MinecraftServer.processPacketsAndTick(MinecraftServer.java:1781) ~[leaf-26.2.jar:26.2-118-4b38592]
	at net.minecraft.server.MinecraftServer.runServer(MinecraftServer.java:1449) ~[leaf-26.2.jar:26.2-118-4b38592]
	at net.minecraft.server.MinecraftServer.lambda$spin$0(MinecraftServer.java:303) ~[leaf-26.2.jar:26.2-118-4b38592]
	at java.base/java.lang.Thread.run(Thread.java:1474) ~[?:?]
[06:35:37 ERROR]: Ignoring setSeed on Entity.SHARED_RANDOM
java.lang.Throwable
	at net.minecraft.world.entity.Entity$RandomRandomSource.setSeed(Entity.java:193) ~[leaf-26.2.jar:26.2-118-4b38592]
	at benchmark.jar//dev.escos.verify.BenchPlugin.setup(BenchPlugin.java:117) ~[?:?]
	at benchmark.jar//dev.escos.verify.BenchPlugin.lambda$onEnable$0(BenchPlugin.java:63) ~[?:?]
	at org.bukkit.craftbukkit.scheduler.CraftTask.run(CraftTask.java:78) ~[leaf-26.2.jar:26.2-118-4b38592]
	at org.bukkit.craftbukkit.scheduler.CraftScheduler.mainThreadHeartbeat(CraftScheduler.java:474) ~[leaf-26.2.jar:26.2-118-4b38592]
	at net.minecraft.server.MinecraftServer.tickChildren(MinecraftServer.java:1892) ~[leaf-26.2.jar:26.2-118-4b38592]
	at net.minecraft.server.MinecraftServer.tickServer(MinecraftServer.java:1722) ~[leaf-26.2.jar:26.2-118-4b38592]
	at net.minecraft.server.dedicated.DedicatedServer.tickServer(DedicatedServer.java:469) ~[leaf-26.2.jar:26.2-118-4b38592]
	at net.minecraft.server.MinecraftServer.processPacketsAndTick(MinecraftServer.java:1781) ~[leaf-26.2.jar:26.2-118-4b38592]
	at net.minecraft.server.MinecraftServer.runServer(MinecraftServer.java:1449) ~[leaf-26.2.jar:26.2-118-4b38592]
	at net.minecraft.server.MinecraftServer.lambda$spin$0(MinecraftServer.java:303) ~[leaf-26.2.jar:26.2-118-4b38592]
	at java.base/java.lang.Thread.run(Thread.java:1474) ~[?:?]
[06:35:37 ERROR]: Ignoring setSeed on Entity.SHARED_RANDOM
java.lang.Throwable
	at net.minecraft.world.entity.Entity$RandomRandomSource.setSeed(Entity.java:193) ~[leaf-26.2.jar:26.2-118-4b38592]
	at benchmark.jar//dev.escos.verify.BenchPlugin.setup(BenchPlugin.java:117) ~[?:?]
	at benchmark.jar//dev.escos.verify.BenchPlugin.lambda$onEnable$0(BenchPlugin.java:63) ~[?:?]
	at org.bukkit.craftbukkit.scheduler.CraftTask.run(CraftTask.java:78) ~[leaf-26.2.jar:26.2-118-4b38592]
	at org.bukkit.craftbukkit.scheduler.CraftScheduler.mainThreadHeartbeat(CraftScheduler.java:474) ~[leaf-26.2.jar:26.2-118-4b38592]
	at net.minecraft.server.MinecraftServer.tickChildren(MinecraftServer.java:1892) ~[leaf-26.2.jar:26.2-118-4b38592]
	at net.minecraft.server.MinecraftServer.tickServer(MinecraftServer.java:1722) ~[leaf-26.2.jar:26.2-118-4b38592]
	at net.minecraft.server.dedicated.DedicatedServer.tickServer(DedicatedServer.java:469) ~[leaf-26.2.jar:26.2-118-4b38592]
	at net.minecraft.server.MinecraftServer.processPacketsAndTick(MinecraftServer.java:1781) ~[leaf-26.2.jar:26.2-118-4b38592]
	at net.minecraft.server.MinecraftServer.runServer(MinecraftServer.java:1449) ~[leaf-26.2.jar:26.2-118-4b38592]
	at net.minecraft.server.MinecraftServer.lambda$spin$0(MinecraftServer.java:303) ~[leaf-26.2.jar:26.2-118-4b38592]
	at java.base/java.lang.Thread.run(Thread.java:1474) ~[?:?]
[06:35:37 ERROR]: Ignoring setSeed on Entity.SHARED_RANDOM
java.lang.Throwable
	at net.minecraft.world.entity.Entity$RandomRandomSource.setSeed(Entity.java:193) ~[leaf-26.2.jar:26.2-118-4b38592]
	at benchmark.jar//dev.escos.verify.BenchPlugin.setup(BenchPlugin.java:117) ~[?:?]
	at benchmark.jar//dev.escos.verify.BenchPlugin.lambda$onEnable$0(BenchPlugin.java:63) ~[?:?]
	at org.bukkit.craftbukkit.scheduler.CraftTask.run(CraftTask.java:78) ~[leaf-26.2.jar:26.2-118-4b38592]
	at org.bukkit.craftbukkit.scheduler.CraftScheduler.mainThreadHeartbeat(CraftScheduler.java:474) ~[leaf-26.2.jar:26.2-118-4b38592]
	at net.minecraft.server.MinecraftServer.tickChildren(MinecraftServer.java:1892) ~[leaf-26.2.jar:26.2-118-4b38592]
	at net.minecraft.server.MinecraftServer.tickServer(MinecraftServer.java:1722) ~[leaf-26.2.jar:26.2-118-4b38592]
	at net.minecraft.server.dedicated.DedicatedServer.tickServer(DedicatedServer.java:469) ~[leaf-26.2.jar:26.2-118-4b38592]
	at net.minecraft.server.MinecraftServer.processPacketsAndTick(MinecraftServer.java:1781) ~[leaf-26.2.jar:26.2-118-4b38592]
	at net.minecraft.server.MinecraftServer.runServer(MinecraftServer.java:1449) ~[leaf-26.2.jar:26.2-118-4b38592]
	at net.minecraft.server.MinecraftServer.lambda$spin$0(MinecraftServer.java:303) ~[leaf-26.2.jar:26.2-118-4b38592]
	at java.base/java.lang.Thread.run(Thread.java:1474) ~[?:?]
[06:35:37 ERROR]: Ignoring setSeed on Entity.SHARED_RANDOM
java.lang.Throwable
	at net.minecraft.world.entity.Entity$RandomRandomSource.setSeed(Entity.java:193) ~[leaf-26.2.jar:26.2-118-4b38592]
	at benchmark.jar//dev.escos.verify.BenchPlugin.setup(BenchPlugin.java:117) ~[?:?]
	at benchmark.jar//dev.escos.verify.BenchPlugin.lambda$onEnable$0(BenchPlugin.java:63) ~[?:?]
	at org.bukkit.craftbukkit.scheduler.CraftTask.run(CraftTask.java:78) ~[leaf-26.2.jar:26.2-118-4b38592]
	at org.bukkit.craftbukkit.scheduler.CraftScheduler.mainThreadHeartbeat(CraftScheduler.java:474) ~[leaf-26.2.jar:26.2-118-4b38592]
	at net.minecraft.server.MinecraftServer.tickChildren(MinecraftServer.java:1892) ~[leaf-26.2.jar:26.2-118-4b38592]
	at net.minecraft.server.MinecraftServer.tickServer(MinecraftServer.java:1722) ~[leaf-26.2.jar:26.2-118-4b38592]
	at net.minecraft.server.dedicated.DedicatedServer.tickServer(DedicatedServer.java:469) ~[leaf-26.2.jar:26.2-118-4b38592]
	at net.minecraft.server.MinecraftServer.processPacketsAndTick(MinecraftServer.java:1781) ~[leaf-26.2.jar:26.2-118-4b38592]
	at net.minecraft.server.MinecraftServer.runServer(MinecraftServer.java:1449) ~[leaf-26.2.jar:26.2-118-4b38592]
	at net.minecraft.server.MinecraftServer.lambda$spin$0(MinecraftServer.java:303) ~[leaf-26.2.jar:26.2-118-4b38592]
	at java.base/java.lang.Thread.run(Thread.java:1474) ~[?:?]
[06:35:37 ERROR]: Ignoring setSeed on Entity.SHARED_RANDOM
java.lang.Throwable
	at net.minecraft.world.entity.Entity$RandomRandomSource.setSeed(Entity.java:193) ~[leaf-26.2.jar:26.2-118-4b38592]
	at benchmark.jar//dev.escos.verify.BenchPlugin.setup(BenchPlugin.java:117) ~[?:?]
	at benchmark.jar//dev.escos.verify.BenchPlugin.lambda$onEnable$0(BenchPlugin.java:63) ~[?:?]
	at org.bukkit.craftbukkit.scheduler.CraftTask.run(CraftTask.java:78) ~[leaf-26.2.jar:26.2-118-4b38592]
	at org.bukkit.craftbukkit.scheduler.CraftScheduler.mainThreadHeartbeat(CraftScheduler.java:474) ~[leaf-26.2.jar:26.2-118-4b38592]
	at net.minecraft.server.MinecraftServer.tickChildren(MinecraftServer.java:1892) ~[leaf-26.2.jar:26.2-118-4b38592]
	at net.minecraft.server.MinecraftServer.tickServer(MinecraftServer.java:1722) ~[leaf-26.2.jar:26.2-118-4b38592]
	at net.minecraft.server.dedicated.DedicatedServer.tickServer(DedicatedServer.java:469) ~[leaf-26.2.jar:26.2-118-4b38592]
	at net.minecraft.server.MinecraftServer.processPacketsAndTick(MinecraftServer.java:1781) ~[leaf-26.2.jar:26.2-118-4b38592]
	at net.minecraft.server.MinecraftServer.runServer(MinecraftServer.java:1449) ~[leaf-26.2.jar:26.2-118-4b38592]
	at net.minecraft.server.MinecraftServer.lambda$spin$0(MinecraftServer.java:303) ~[leaf-26.2.jar:26.2-118-4b38592]
	at java.base/java.lang.Thread.run(Thread.java:1474) ~[?:?]
[06:35:37 ERROR]: Ignoring setSeed on Entity.SHARED_RANDOM
java.lang.Throwable
	at net.minecraft.world.entity.Entity$RandomRandomSource.setSeed(Entity.java:193) ~[leaf-26.2.jar:26.2-118-4b38592]
	at benchmark.jar//dev.escos.verify.BenchPlugin.setup(BenchPlugin.java:117) ~[?:?]
	at benchmark.jar//dev.escos.verify.BenchPlugin.lambda$onEnable$0(BenchPlugin.java:63) ~[?:?]
	at org.bukkit.craftbukkit.scheduler.CraftTask.run(CraftTask.java:78) ~[leaf-26.2.jar:26.2-118-4b38592]
	at org.bukkit.craftbukkit.scheduler.CraftScheduler.mainThreadHeartbeat(CraftScheduler.java:474) ~[leaf-26.2.jar:26.2-118-4b38592]
	at net.minecraft.server.MinecraftServer.tickChildren(MinecraftServer.java:1892) ~[leaf-26.2.jar:26.2-118-4b38592]
	at net.minecraft.server.MinecraftServer.tickServer(MinecraftServer.java:1722) ~[leaf-26.2.jar:26.2-118-4b38592]
	at net.minecraft.server.dedicated.DedicatedServer.tickServer(DedicatedServer.java:469) ~[leaf-26.2.jar:26.2-118-4b38592]
	at net.minecraft.server.MinecraftServer.processPacketsAndTick(MinecraftServer.java:1781) ~[leaf-26.2.jar:26.2-118-4b38592]
	at net.minecraft.server.MinecraftServer.runServer(MinecraftServer.java:1449) ~[leaf-26.2.jar:26.2-118-4b38592]
	at net.minecraft.server.MinecraftServer.lambda$spin$0(MinecraftServer.java:303) ~[leaf-26.2.jar:26.2-118-4b38592]
	at java.base/java.lang.Thread.run(Thread.java:1474) ~[?:?]
[06:35:37 ERROR]: Ignoring setSeed on Entity.SHARED_RANDOM
java.lang.Throwable
	at net.minecraft.world.entity.Entity$RandomRandomSource.setSeed(Entity.java:193) ~[leaf-26.2.jar:26.2-118-4b38592]
	at benchmark.jar//dev.escos.verify.BenchPlugin.setup(BenchPlugin.java:117) ~[?:?]
	at benchmark.jar//dev.escos.verify.BenchPlugin.lambda$onEnable$0(BenchPlugin.java:63) ~[?:?]
	at org.bukkit.craftbukkit.scheduler.CraftTask.run(CraftTask.java:78) ~[leaf-26.2.jar:26.2-118-4b38592]
	at org.bukkit.craftbukkit.scheduler.CraftScheduler.mainThreadHeartbeat(CraftScheduler.java:474) ~[leaf-26.2.jar:26.2-118-4b38592]
	at net.minecraft.server.MinecraftServer.tickChildren(MinecraftServer.java:1892) ~[leaf-26.2.jar:26.2-118-4b38592]
	at net.minecraft.server.MinecraftServer.tickServer(MinecraftServer.java:1722) ~[leaf-26.2.jar:26.2-118-4b38592]
	at net.minecraft.server.dedicated.DedicatedServer.tickServer(DedicatedServer.java:469) ~[leaf-26.2.jar:26.2-118-4b38592]
	at net.minecraft.server.MinecraftServer.processPacketsAndTick(MinecraftServer.java:1781) ~[leaf-26.2.jar:26.2-118-4b38592]
	at net.minecraft.server.MinecraftServer.runServer(MinecraftServer.java:1449) ~[leaf-26.2.jar:26.2-118-4b38592]
	at net.minecraft.server.MinecraftServer.lambda$spin$0(MinecraftServer.java:303) ~[leaf-26.2.jar:26.2-118-4b38592]
	at java.base/java.lang.Thread.run(Thread.java:1474) ~[?:?]
[06:35:37 ERROR]: Ignoring setSeed on Entity.SHARED_RANDOM
java.lang.Throwable
	at net.minecraft.world.entity.Entity$RandomRandomSource.setSeed(Entity.java:193) ~[leaf-26.2.jar:26.2-118-4b38592]
	at benchmark.jar//dev.escos.verify.BenchPlugin.setup(BenchPlugin.java:117) ~[?:?]
	at benchmark.jar//dev.escos.verify.BenchPlugin.lambda$onEnable$0(BenchPlugin.java:63) ~[?:?]
	at org.bukkit.craftbukkit.scheduler.CraftTask.run(CraftTask.java:78) ~[leaf-26.2.jar:26.2-118-4b38592]
	at org.bukkit.craftbukkit.scheduler.CraftScheduler.mainThreadHeartbeat(CraftScheduler.java:474) ~[leaf-26.2.jar:26.2-118-4b38592]
	at net.minecraft.server.MinecraftServer.tickChildren(MinecraftServer.java:1892) ~[leaf-26.2.jar:26.2-118-4b38592]
	at net.minecraft.server.MinecraftServer.tickServer(MinecraftServer.java:1722) ~[leaf-26.2.jar:26.2-118-4b38592]
	at net.minecraft.server.dedicated.DedicatedServer.tickServer(DedicatedServer.java:469) ~[leaf-26.2.jar:26.2-118-4b38592]
	at net.minecraft.server.MinecraftServer.processPacketsAndTick(MinecraftServer.java:1781) ~[leaf-26.2.jar:26.2-118-4b38592]
	at net.minecraft.server.MinecraftServer.runServer(MinecraftServer.java:1449) ~[leaf-26.2.jar:26.2-118-4b38592]
	at net.minecraft.server.MinecraftServer.lambda$spin$0(MinecraftServer.java:303) ~[leaf-26.2.jar:26.2-118-4b38592]
	at java.base/java.lang.Thread.run(Thread.java:1474) ~[?:?]
[06:35:37 ERROR]: Ignoring setSeed on Entity.SHARED_RANDOM
java.lang.Throwable
	at net.minecraft.world.entity.Entity$RandomRandomSource.setSeed(Entity.java:193) ~[leaf-26.2.jar:26.2-118-4b38592]
	at benchmark.jar//dev.escos.verify.BenchPlugin.setup(BenchPlugin.java:117) ~[?:?]
	at benchmark.jar//dev.escos.verify.BenchPlugin.lambda$onEnable$0(BenchPlugin.java:63) ~[?:?]
	at org.bukkit.craftbukkit.scheduler.CraftTask.run(CraftTask.java:78) ~[leaf-26.2.jar:26.2-118-4b38592]
	at org.bukkit.craftbukkit.scheduler.CraftScheduler.mainThreadHeartbeat(CraftScheduler.java:474) ~[leaf-26.2.jar:26.2-118-4b38592]
	at net.minecraft.server.MinecraftServer.tickChildren(MinecraftServer.java:1892) ~[leaf-26.2.jar:26.2-118-4b38592]
	at net.minecraft.server.MinecraftServer.tickServer(MinecraftServer.java:1722) ~[leaf-26.2.jar:26.2-118-4b38592]
	at net.minecraft.server.dedicated.DedicatedServer.tickServer(DedicatedServer.java:469) ~[leaf-26.2.jar:26.2-118-4b38592]
	at net.minecraft.server.MinecraftServer.processPacketsAndTick(MinecraftServer.java:1781) ~[leaf-26.2.jar:26.2-118-4b38592]
	at net.minecraft.server.MinecraftServer.runServer(MinecraftServer.java:1449) ~[leaf-26.2.jar:26.2-118-4b38592]
	at net.minecraft.server.MinecraftServer.lambda$spin$0(MinecraftServer.java:303) ~[leaf-26.2.jar:26.2-118-4b38592]
	at java.base/java.lang.Thread.run(Thread.java:1474) ~[?:?]
[06:35:37 ERROR]: Ignoring setSeed on Entity.SHARED_RANDOM
java.lang.Throwable
	at net.minecraft.world.entity.Entity$RandomRandomSource.setSeed(Entity.java:193) ~[leaf-26.2.jar:26.2-118-4b38592]
	at benchmark.jar//dev.escos.verify.BenchPlugin.setup(BenchPlugin.java:117) ~[?:?]
	at benchmark.jar//dev.escos.verify.BenchPlugin.lambda$onEnable$0(BenchPlugin.java:63) ~[?:?]
	at org.bukkit.craftbukkit.scheduler.CraftTask.run(CraftTask.java:78) ~[leaf-26.2.jar:26.2-118-4b38592]
	at org.bukkit.craftbukkit.scheduler.CraftScheduler.mainThreadHeartbeat(CraftScheduler.java:474) ~[leaf-26.2.jar:26.2-118-4b38592]
	at net.minecraft.server.MinecraftServer.tickChildren(MinecraftServer.java:1892) ~[leaf-26.2.jar:26.2-118-4b38592]
	at net.minecraft.server.MinecraftServer.tickServer(MinecraftServer.java:1722) ~[leaf-26.2.jar:26.2-118-4b38592]
	at net.minecraft.server.dedicated.DedicatedServer.tickServer(DedicatedServer.java:469) ~[leaf-26.2.jar:26.2-118-4b38592]
	at net.minecraft.server.MinecraftServer.processPacketsAndTick(MinecraftServer.java:1781) ~[leaf-26.2.jar:26.2-118-4b38592]
	at net.minecraft.server.MinecraftServer.runServer(MinecraftServer.java:1449) ~[leaf-26.2.jar:26.2-118-4b38592]
	at net.minecraft.server.MinecraftServer.lambda$spin$0(MinecraftServer.java:303) ~[leaf-26.2.jar:26.2-118-4b38592]
	at java.base/java.lang.Thread.run(Thread.java:1474) ~[?:?]
[06:35:37 ERROR]: Ignoring setSeed on Entity.SHARED_RANDOM
java.lang.Throwable
	at net.minecraft.world.entity.Entity$RandomRandomSource.setSeed(Entity.java:193) ~[leaf-26.2.jar:26.2-118-4b38592]
	at benchmark.jar//dev.escos.verify.BenchPlugin.setup(BenchPlugin.java:117) ~[?:?]
	at benchmark.jar//dev.escos.verify.BenchPlugin.lambda$onEnable$0(BenchPlugin.java:63) ~[?:?]
	at org.bukkit.craftbukkit.scheduler.CraftTask.run(CraftTask.java:78) ~[leaf-26.2.jar:26.2-118-4b38592]
	at org.bukkit.craftbukkit.scheduler.CraftScheduler.mainThreadHeartbeat(CraftScheduler.java:474) ~[leaf-26.2.jar:26.2-118-4b38592]
	at net.minecraft.server.MinecraftServer.tickChildren(MinecraftServer.java:1892) ~[leaf-26.2.jar:26.2-118-4b38592]
	at net.minecraft.server.MinecraftServer.tickServer(MinecraftServer.java:1722) ~[leaf-26.2.jar:26.2-118-4b38592]
	at net.minecraft.server.dedicated.DedicatedServer.tickServer(DedicatedServer.java:469) ~[leaf-26.2.jar:26.2-118-4b38592]
	at net.minecraft.server.MinecraftServer.processPacketsAndTick(MinecraftServer.java:1781) ~[leaf-26.2.jar:26.2-118-4b38592]
	at net.minecraft.server.MinecraftServer.runServer(MinecraftServer.java:1449) ~[leaf-26.2.jar:26.2-118-4b38592]
	at net.minecraft.server.MinecraftServer.lambda$spin$0(MinecraftServer.java:303) ~[leaf-26.2.jar:26.2-118-4b38592]
	at java.base/java.lang.Thread.run(Thread.java:1474) ~[?:?]
[06:35:37 ERROR]: Ignoring setSeed on Entity.SHARED_RANDOM
java.lang.Throwable
	at net.minecraft.world.entity.Entity$RandomRandomSource.setSeed(Entity.java:193) ~[leaf-26.2.jar:26.2-118-4b38592]
	at benchmark.jar//dev.escos.verify.BenchPlugin.setup(BenchPlugin.java:117) ~[?:?]
	at benchmark.jar//dev.escos.verify.BenchPlugin.lambda$onEnable$0(BenchPlugin.java:63) ~[?:?]
	at org.bukkit.craftbukkit.scheduler.CraftTask.run(CraftTask.java:78) ~[leaf-26.2.jar:26.2-118-4b38592]
	at org.bukkit.craftbukkit.scheduler.CraftScheduler.mainThreadHeartbeat(CraftScheduler.java:474) ~[leaf-26.2.jar:26.2-118-4b38592]
	at net.minecraft.server.MinecraftServer.tickChildren(MinecraftServer.java:1892) ~[leaf-26.2.jar:26.2-118-4b38592]
	at net.minecraft.server.MinecraftServer.tickServer(MinecraftServer.java:1722) ~[leaf-26.2.jar:26.2-118-4b38592]
	at net.minecraft.server.dedicated.DedicatedServer.tickServer(DedicatedServer.java:469) ~[leaf-26.2.jar:26.2-118-4b38592]
	at net.minecraft.server.MinecraftServer.processPacketsAndTick(MinecraftServer.java:1781) ~[leaf-26.2.jar:26.2-118-4b38592]
	at net.minecraft.server.MinecraftServer.runServer(MinecraftServer.java:1449) ~[leaf-26.2.jar:26.2-118-4b38592]
	at net.minecraft.server.MinecraftServer.lambda$spin$0(MinecraftServer.java:303) ~[leaf-26.2.jar:26.2-118-4b38592]
	at java.base/java.lang.Thread.run(Thread.java:1474) ~[?:?]
[06:35:37 ERROR]: Ignoring setSeed on Entity.SHARED_RANDOM
java.lang.Throwable
	at net.minecraft.world.entity.Entity$RandomRandomSource.setSeed(Entity.java:193) ~[leaf-26.2.jar:26.2-118-4b38592]
	at benchmark.jar//dev.escos.verify.BenchPlugin.setup(BenchPlugin.java:117) ~[?:?]
	at benchmark.jar//dev.escos.verify.BenchPlugin.lambda$onEnable$0(BenchPlugin.java:63) ~[?:?]
	at org.bukkit.craftbukkit.scheduler.CraftTask.run(CraftTask.java:78) ~[leaf-26.2.jar:26.2-118-4b38592]
	at org.bukkit.craftbukkit.scheduler.CraftScheduler.mainThreadHeartbeat(CraftScheduler.java:474) ~[leaf-26.2.jar:26.2-118-4b38592]
	at net.minecraft.server.MinecraftServer.tickChildren(MinecraftServer.java:1892) ~[leaf-26.2.jar:26.2-118-4b38592]
	at net.minecraft.server.MinecraftServer.tickServer(MinecraftServer.java:1722) ~[leaf-26.2.jar:26.2-118-4b38592]
	at net.minecraft.server.dedicated.DedicatedServer.tickServer(DedicatedServer.java:469) ~[leaf-26.2.jar:26.2-118-4b38592]
	at net.minecraft.server.MinecraftServer.processPacketsAndTick(MinecraftServer.java:1781) ~[leaf-26.2.jar:26.2-118-4b38592]
	at net.minecraft.server.MinecraftServer.runServer(MinecraftServer.java:1449) ~[leaf-26.2.jar:26.2-118-4b38592]
	at net.minecraft.server.MinecraftServer.lambda$spin$0(MinecraftServer.java:303) ~[leaf-26.2.jar:26.2-118-4b38592]
	at java.base/java.lang.Thread.run(Thread.java:1474) ~[?:?]
[06:35:37 ERROR]: Ignoring setSeed on Entity.SHARED_RANDOM
java.lang.Throwable
	at net.minecraft.world.entity.Entity$RandomRandomSource.setSeed(Entity.java:193) ~[leaf-26.2.jar:26.2-118-4b38592]
	at benchmark.jar//dev.escos.verify.BenchPlugin.setup(BenchPlugin.java:117) ~[?:?]
	at benchmark.jar//dev.escos.verify.BenchPlugin.lambda$onEnable$0(BenchPlugin.java:63) ~[?:?]
	at org.bukkit.craftbukkit.scheduler.CraftTask.run(CraftTask.java:78) ~[leaf-26.2.jar:26.2-118-4b38592]
	at org.bukkit.craftbukkit.scheduler.CraftScheduler.mainThreadHeartbeat(CraftScheduler.java:474) ~[leaf-26.2.jar:26.2-118-4b38592]
	at net.minecraft.server.MinecraftServer.tickChildren(MinecraftServer.java:1892) ~[leaf-26.2.jar:26.2-118-4b38592]
	at net.minecraft.server.MinecraftServer.tickServer(MinecraftServer.java:1722) ~[leaf-26.2.jar:26.2-118-4b38592]
	at net.minecraft.server.dedicated.DedicatedServer.tickServer(DedicatedServer.java:469) ~[leaf-26.2.jar:26.2-118-4b38592]
	at net.minecraft.server.MinecraftServer.processPacketsAndTick(MinecraftServer.java:1781) ~[leaf-26.2.jar:26.2-118-4b38592]
	at net.minecraft.server.MinecraftServer.runServer(MinecraftServer.java:1449) ~[leaf-26.2.jar:26.2-118-4b38592]
	at net.minecraft.server.MinecraftServer.lambda$spin$0(MinecraftServer.java:303) ~[leaf-26.2.jar:26.2-118-4b38592]
	at java.base/java.lang.Thread.run(Thread.java:1474) ~[?:?]
[06:35:37 ERROR]: Ignoring setSeed on Entity.SHARED_RANDOM
java.lang.Throwable
	at net.minecraft.world.entity.Entity$RandomRandomSource.setSeed(Entity.java:193) ~[leaf-26.2.jar:26.2-118-4b38592]
	at benchmark.jar//dev.escos.verify.BenchPlugin.setup(BenchPlugin.java:117) ~[?:?]
	at benchmark.jar//dev.escos.verify.BenchPlugin.lambda$onEnable$0(BenchPlugin.java:63) ~[?:?]
	at org.bukkit.craftbukkit.scheduler.CraftTask.run(CraftTask.java:78) ~[leaf-26.2.jar:26.2-118-4b38592]
	at org.bukkit.craftbukkit.scheduler.CraftScheduler.mainThreadHeartbeat(CraftScheduler.java:474) ~[leaf-26.2.jar:26.2-118-4b38592]
	at net.minecraft.server.MinecraftServer.tickChildren(MinecraftServer.java:1892) ~[leaf-26.2.jar:26.2-118-4b38592]
	at net.minecraft.server.MinecraftServer.tickServer(MinecraftServer.java:1722) ~[leaf-26.2.jar:26.2-118-4b38592]
	at net.minecraft.server.dedicated.DedicatedServer.tickServer(DedicatedServer.java:469) ~[leaf-26.2.jar:26.2-118-4b38592]
	at net.minecraft.server.MinecraftServer.processPacketsAndTick(MinecraftServer.java:1781) ~[leaf-26.2.jar:26.2-118-4b38592]
	at net.minecraft.server.MinecraftServer.runServer(MinecraftServer.java:1449) ~[leaf-26.2.jar:26.2-118-4b38592]
	at net.minecraft.server.MinecraftServer.lambda$spin$0(MinecraftServer.java:303) ~[leaf-26.2.jar:26.2-118-4b38592]
	at java.base/java.lang.Thread.run(Thread.java:1474) ~[?:?]
[06:35:37 ERROR]: Ignoring setSeed on Entity.SHARED_RANDOM
java.lang.Throwable
	at net.minecraft.world.entity.Entity$RandomRandomSource.setSeed(Entity.java:193) ~[leaf-26.2.jar:26.2-118-4b38592]
	at benchmark.jar//dev.escos.verify.BenchPlugin.setup(BenchPlugin.java:117) ~[?:?]
	at benchmark.jar//dev.escos.verify.BenchPlugin.lambda$onEnable$0(BenchPlugin.java:63) ~[?:?]
	at org.bukkit.craftbukkit.scheduler.CraftTask.run(CraftTask.java:78) ~[leaf-26.2.jar:26.2-118-4b38592]
	at org.bukkit.craftbukkit.scheduler.CraftScheduler.mainThreadHeartbeat(CraftScheduler.java:474) ~[leaf-26.2.jar:26.2-118-4b38592]
	at net.minecraft.server.MinecraftServer.tickChildren(MinecraftServer.java:1892) ~[leaf-26.2.jar:26.2-118-4b38592]
	at net.minecraft.server.MinecraftServer.tickServer(MinecraftServer.java:1722) ~[leaf-26.2.jar:26.2-118-4b38592]
	at net.minecraft.server.dedicated.DedicatedServer.tickServer(DedicatedServer.java:469) ~[leaf-26.2.jar:26.2-118-4b38592]
	at net.minecraft.server.MinecraftServer.processPacketsAndTick(MinecraftServer.java:1781) ~[leaf-26.2.jar:26.2-118-4b38592]
	at net.minecraft.server.MinecraftServer.runServer(MinecraftServer.java:1449) ~[leaf-26.2.jar:26.2-118-4b38592]
	at net.minecraft.server.MinecraftServer.lambda$spin$0(MinecraftServer.java:303) ~[leaf-26.2.jar:26.2-118-4b38592]
	at java.base/java.lang.Thread.run(Thread.java:1474) ~[?:?]
[06:35:37 ERROR]: Ignoring setSeed on Entity.SHARED_RANDOM
java.lang.Throwable
	at net.minecraft.world.entity.Entity$RandomRandomSource.setSeed(Entity.java:193) ~[leaf-26.2.jar:26.2-118-4b38592]
	at benchmark.jar//dev.escos.verify.BenchPlugin.setup(BenchPlugin.java:117) ~[?:?]
	at benchmark.jar//dev.escos.verify.BenchPlugin.lambda$onEnable$0(BenchPlugin.java:63) ~[?:?]
	at org.bukkit.craftbukkit.scheduler.CraftTask.run(CraftTask.java:78) ~[leaf-26.2.jar:26.2-118-4b38592]
	at org.bukkit.craftbukkit.scheduler.CraftScheduler.mainThreadHeartbeat(CraftScheduler.java:474) ~[leaf-26.2.jar:26.2-118-4b38592]
	at net.minecraft.server.MinecraftServer.tickChildren(MinecraftServer.java:1892) ~[leaf-26.2.jar:26.2-118-4b38592]
	at net.minecraft.server.MinecraftServer.tickServer(MinecraftServer.java:1722) ~[leaf-26.2.jar:26.2-118-4b38592]
	at net.minecraft.server.dedicated.DedicatedServer.tickServer(DedicatedServer.java:469) ~[leaf-26.2.jar:26.2-118-4b38592]
	at net.minecraft.server.MinecraftServer.processPacketsAndTick(MinecraftServer.java:1781) ~[leaf-26.2.jar:26.2-118-4b38592]
	at net.minecraft.server.MinecraftServer.runServer(MinecraftServer.java:1449) ~[leaf-26.2.jar:26.2-118-4b38592]
	at net.minecraft.server.MinecraftServer.lambda$spin$0(MinecraftServer.java:303) ~[leaf-26.2.jar:26.2-118-4b38592]
	at java.base/java.lang.Thread.run(Thread.java:1474) ~[?:?]
[06:35:37 ERROR]: Ignoring setSeed on Entity.SHARED_RANDOM
java.lang.Throwable
	at net.minecraft.world.entity.Entity$RandomRandomSource.setSeed(Entity.java:193) ~[leaf-26.2.jar:26.2-118-4b38592]
	at benchmark.jar//dev.escos.verify.BenchPlugin.setup(BenchPlugin.java:117) ~[?:?]
	at benchmark.jar//dev.escos.verify.BenchPlugin.lambda$onEnable$0(BenchPlugin.java:63) ~[?:?]
	at org.bukkit.craftbukkit.scheduler.CraftTask.run(CraftTask.java:78) ~[leaf-26.2.jar:26.2-118-4b38592]
	at org.bukkit.craftbukkit.scheduler.CraftScheduler.mainThreadHeartbeat(CraftScheduler.java:474) ~[leaf-26.2.jar:26.2-118-4b38592]
	at net.minecraft.server.MinecraftServer.tickChildren(MinecraftServer.java:1892) ~[leaf-26.2.jar:26.2-118-4b38592]
	at net.minecraft.server.MinecraftServer.tickServer(MinecraftServer.java:1722) ~[leaf-26.2.jar:26.2-118-4b38592]
	at net.minecraft.server.dedicated.DedicatedServer.tickServer(DedicatedServer.java:469) ~[leaf-26.2.jar:26.2-118-4b38592]
	at net.minecraft.server.MinecraftServer.processPacketsAndTick(MinecraftServer.java:1781) ~[leaf-26.2.jar:26.2-118-4b38592]
	at net.minecraft.server.MinecraftServer.runServer(MinecraftServer.java:1449) ~[leaf-26.2.jar:26.2-118-4b38592]
	at net.minecraft.server.MinecraftServer.lambda$spin$0(MinecraftServer.java:303) ~[leaf-26.2.jar:26.2-118-4b38592]
	at java.base/java.lang.Thread.run(Thread.java:1474) ~[?:?]
[06:35:37 ERROR]: Ignoring setSeed on Entity.SHARED_RANDOM
java.lang.Throwable
	at net.minecraft.world.entity.Entity$RandomRandomSource.setSeed(Entity.java:193) ~[leaf-26.2.jar:26.2-118-4b38592]
	at benchmark.jar//dev.escos.verify.BenchPlugin.setup(BenchPlugin.java:117) ~[?:?]
	at benchmark.jar//dev.escos.verify.BenchPlugin.lambda$onEnable$0(BenchPlugin.java:63) ~[?:?]
	at org.bukkit.craftbukkit.scheduler.CraftTask.run(CraftTask.java:78) ~[leaf-26.2.jar:26.2-118-4b38592]
	at org.bukkit.craftbukkit.scheduler.CraftScheduler.mainThreadHeartbeat(CraftScheduler.java:474) ~[leaf-26.2.jar:26.2-118-4b38592]
	at net.minecraft.server.MinecraftServer.tickChildren(MinecraftServer.java:1892) ~[leaf-26.2.jar:26.2-118-4b38592]
	at net.minecraft.server.MinecraftServer.tickServer(MinecraftServer.java:1722) ~[leaf-26.2.jar:26.2-118-4b38592]
	at net.minecraft.server.dedicated.DedicatedServer.tickServer(DedicatedServer.java:469) ~[leaf-26.2.jar:26.2-118-4b38592]
	at net.minecraft.server.MinecraftServer.processPacketsAndTick(MinecraftServer.java:1781) ~[leaf-26.2.jar:26.2-118-4b38592]
	at net.minecraft.server.MinecraftServer.runServer(MinecraftServer.java:1449) ~[leaf-26.2.jar:26.2-118-4b38592]
	at net.minecraft.server.MinecraftServer.lambda$spin$0(MinecraftServer.java:303) ~[leaf-26.2.jar:26.2-118-4b38592]
	at java.base/java.lang.Thread.run(Thread.java:1474) ~[?:?]
[06:35:37 ERROR]: Ignoring setSeed on Entity.SHARED_RANDOM
java.lang.Throwable
	at net.minecraft.world.entity.Entity$RandomRandomSource.setSeed(Entity.java:193) ~[leaf-26.2.jar:26.2-118-4b38592]
	at benchmark.jar//dev.escos.verify.BenchPlugin.setup(BenchPlugin.java:117) ~[?:?]
	at benchmark.jar//dev.escos.verify.BenchPlugin.lambda$onEnable$0(BenchPlugin.java:63) ~[?:?]
	at org.bukkit.craftbukkit.scheduler.CraftTask.run(CraftTask.java:78) ~[leaf-26.2.jar:26.2-118-4b38592]
	at org.bukkit.craftbukkit.scheduler.CraftScheduler.mainThreadHeartbeat(CraftScheduler.java:474) ~[leaf-26.2.jar:26.2-118-4b38592]
	at net.minecraft.server.MinecraftServer.tickChildren(MinecraftServer.java:1892) ~[leaf-26.2.jar:26.2-118-4b38592]
	at net.minecraft.server.MinecraftServer.tickServer(MinecraftServer.java:1722) ~[leaf-26.2.jar:26.2-118-4b38592]
	at net.minecraft.server.dedicated.DedicatedServer.tickServer(DedicatedServer.java:469) ~[leaf-26.2.jar:26.2-118-4b38592]
	at net.minecraft.server.MinecraftServer.processPacketsAndTick(MinecraftServer.java:1781) ~[leaf-26.2.jar:26.2-118-4b38592]
	at net.minecraft.server.MinecraftServer.runServer(MinecraftServer.java:1449) ~[leaf-26.2.jar:26.2-118-4b38592]
	at net.minecraft.server.MinecraftServer.lambda$spin$0(MinecraftServer.java:303) ~[leaf-26.2.jar:26.2-118-4b38592]
	at java.base/java.lang.Thread.run(Thread.java:1474) ~[?:?]
[06:35:37 ERROR]: Ignoring setSeed on Entity.SHARED_RANDOM
java.lang.Throwable
	at net.minecraft.world.entity.Entity$RandomRandomSource.setSeed(Entity.java:193) ~[leaf-26.2.jar:26.2-118-4b38592]
	at benchmark.jar//dev.escos.verify.BenchPlugin.setup(BenchPlugin.java:117) ~[?:?]
	at benchmark.jar//dev.escos.verify.BenchPlugin.lambda$onEnable$0(BenchPlugin.java:63) ~[?:?]
	at org.bukkit.craftbukkit.scheduler.CraftTask.run(CraftTask.java:78) ~[leaf-26.2.jar:26.2-118-4b38592]
	at org.bukkit.craftbukkit.scheduler.CraftScheduler.mainThreadHeartbeat(CraftScheduler.java:474) ~[leaf-26.2.jar:26.2-118-4b38592]
	at net.minecraft.server.MinecraftServer.tickChildren(MinecraftServer.java:1892) ~[leaf-26.2.jar:26.2-118-4b38592]
	at net.minecraft.server.MinecraftServer.tickServer(MinecraftServer.java:1722) ~[leaf-26.2.jar:26.2-118-4b38592]
	at net.minecraft.server.dedicated.DedicatedServer.tickServer(DedicatedServer.java:469) ~[leaf-26.2.jar:26.2-118-4b38592]
	at net.minecraft.server.MinecraftServer.processPacketsAndTick(MinecraftServer.java:1781) ~[leaf-26.2.jar:26.2-118-4b38592]
	at net.minecraft.server.MinecraftServer.runServer(MinecraftServer.java:1449) ~[leaf-26.2.jar:26.2-118-4b38592]
	at net.minecraft.server.MinecraftServer.lambda$spin$0(MinecraftServer.java:303) ~[leaf-26.2.jar:26.2-118-4b38592]
	at java.base/java.lang.Thread.run(Thread.java:1474) ~[?:?]
[06:35:37 ERROR]: Ignoring setSeed on Entity.SHARED_RANDOM
java.lang.Throwable
	at net.minecraft.world.entity.Entity$RandomRandomSource.setSeed(Entity.java:193) ~[leaf-26.2.jar:26.2-118-4b38592]
	at benchmark.jar//dev.escos.verify.BenchPlugin.setup(BenchPlugin.java:117) ~[?:?]
	at benchmark.jar//dev.escos.verify.BenchPlugin.lambda$onEnable$0(BenchPlugin.java:63) ~[?:?]
	at org.bukkit.craftbukkit.scheduler.CraftTask.run(CraftTask.java:78) ~[leaf-26.2.jar:26.2-118-4b38592]
	at org.bukkit.craftbukkit.scheduler.CraftScheduler.mainThreadHeartbeat(CraftScheduler.java:474) ~[leaf-26.2.jar:26.2-118-4b38592]
	at net.minecraft.server.MinecraftServer.tickChildren(MinecraftServer.java:1892) ~[leaf-26.2.jar:26.2-118-4b38592]
	at net.minecraft.server.MinecraftServer.tickServer(MinecraftServer.java:1722) ~[leaf-26.2.jar:26.2-118-4b38592]
	at net.minecraft.server.dedicated.DedicatedServer.tickServer(DedicatedServer.java:469) ~[leaf-26.2.jar:26.2-118-4b38592]
	at net.minecraft.server.MinecraftServer.processPacketsAndTick(MinecraftServer.java:1781) ~[leaf-26.2.jar:26.2-118-4b38592]
	at net.minecraft.server.MinecraftServer.runServer(MinecraftServer.java:1449) ~[leaf-26.2.jar:26.2-118-4b38592]
	at net.minecraft.server.MinecraftServer.lambda$spin$0(MinecraftServer.java:303) ~[leaf-26.2.jar:26.2-118-4b38592]
	at java.base/java.lang.Thread.run(Thread.java:1474) ~[?:?]
[06:35:37 ERROR]: Ignoring setSeed on Entity.SHARED_RANDOM
java.lang.Throwable
	at net.minecraft.world.entity.Entity$RandomRandomSource.setSeed(Entity.java:193) ~[leaf-26.2.jar:26.2-118-4b38592]
	at benchmark.jar//dev.escos.verify.BenchPlugin.setup(BenchPlugin.java:117) ~[?:?]
	at benchmark.jar//dev.escos.verify.BenchPlugin.lambda$onEnable$0(BenchPlugin.java:63) ~[?:?]
	at org.bukkit.craftbukkit.scheduler.CraftTask.run(CraftTask.java:78) ~[leaf-26.2.jar:26.2-118-4b38592]
	at org.bukkit.craftbukkit.scheduler.CraftScheduler.mainThreadHeartbeat(CraftScheduler.java:474) ~[leaf-26.2.jar:26.2-118-4b38592]
	at net.minecraft.server.MinecraftServer.tickChildren(MinecraftServer.java:1892) ~[leaf-26.2.jar:26.2-118-4b38592]
	at net.minecraft.server.MinecraftServer.tickServer(MinecraftServer.java:1722) ~[leaf-26.2.jar:26.2-118-4b38592]
	at net.minecraft.server.dedicated.DedicatedServer.tickServer(DedicatedServer.java:469) ~[leaf-26.2.jar:26.2-118-4b38592]
	at net.minecraft.server.MinecraftServer.processPacketsAndTick(MinecraftServer.java:1781) ~[leaf-26.2.jar:26.2-118-4b38592]
	at net.minecraft.server.MinecraftServer.runServer(MinecraftServer.java:1449) ~[leaf-26.2.jar:26.2-118-4b38592]
	at net.minecraft.server.MinecraftServer.lambda$spin$0(MinecraftServer.java:303) ~[leaf-26.2.jar:26.2-118-4b38592]
	at java.base/java.lang.Thread.run(Thread.java:1474) ~[?:?]
[06:35:37 ERROR]: Ignoring setSeed on Entity.SHARED_RANDOM
java.lang.Throwable
	at net.minecraft.world.entity.Entity$RandomRandomSource.setSeed(Entity.java:193) ~[leaf-26.2.jar:26.2-118-4b38592]
	at benchmark.jar//dev.escos.verify.BenchPlugin.setup(BenchPlugin.java:117) ~[?:?]
	at benchmark.jar//dev.escos.verify.BenchPlugin.lambda$onEnable$0(BenchPlugin.java:63) ~[?:?]
	at org.bukkit.craftbukkit.scheduler.CraftTask.run(CraftTask.java:78) ~[leaf-26.2.jar:26.2-118-4b38592]
	at org.bukkit.craftbukkit.scheduler.CraftScheduler.mainThreadHeartbeat(CraftScheduler.java:474) ~[leaf-26.2.jar:26.2-118-4b38592]
	at net.minecraft.server.MinecraftServer.tickChildren(MinecraftServer.java:1892) ~[leaf-26.2.jar:26.2-118-4b38592]
	at net.minecraft.server.MinecraftServer.tickServer(MinecraftServer.java:1722) ~[leaf-26.2.jar:26.2-118-4b38592]
	at net.minecraft.server.dedicated.DedicatedServer.tickServer(DedicatedServer.java:469) ~[leaf-26.2.jar:26.2-118-4b38592]
	at net.minecraft.server.MinecraftServer.processPacketsAndTick(MinecraftServer.java:1781) ~[leaf-26.2.jar:26.2-118-4b38592]
	at net.minecraft.server.MinecraftServer.runServer(MinecraftServer.java:1449) ~[leaf-26.2.jar:26.2-118-4b38592]
	at net.minecraft.server.MinecraftServer.lambda$spin$0(MinecraftServer.java:303) ~[leaf-26.2.jar:26.2-118-4b38592]
	at java.base/java.lang.Thread.run(Thread.java:1474) ~[?:?]
[06:35:37 ERROR]: Ignoring setSeed on Entity.SHARED_RANDOM
java.lang.Throwable
	at net.minecraft.world.entity.Entity$RandomRandomSource.setSeed(Entity.java:193) ~[leaf-26.2.jar:26.2-118-4b38592]
	at benchmark.jar//dev.escos.verify.BenchPlugin.setup(BenchPlugin.java:117) ~[?:?]
	at benchmark.jar//dev.escos.verify.BenchPlugin.lambda$onEnable$0(BenchPlugin.java:63) ~[?:?]
	at org.bukkit.craftbukkit.scheduler.CraftTask.run(CraftTask.java:78) ~[leaf-26.2.jar:26.2-118-4b38592]
	at org.bukkit.craftbukkit.scheduler.CraftScheduler.mainThreadHeartbeat(CraftScheduler.java:474) ~[leaf-26.2.jar:26.2-118-4b38592]
	at net.minecraft.server.MinecraftServer.tickChildren(MinecraftServer.java:1892) ~[leaf-26.2.jar:26.2-118-4b38592]
	at net.minecraft.server.MinecraftServer.tickServer(MinecraftServer.java:1722) ~[leaf-26.2.jar:26.2-118-4b38592]
	at net.minecraft.server.dedicated.DedicatedServer.tickServer(DedicatedServer.java:469) ~[leaf-26.2.jar:26.2-118-4b38592]
	at net.minecraft.server.MinecraftServer.processPacketsAndTick(MinecraftServer.java:1781) ~[leaf-26.2.jar:26.2-118-4b38592]
	at net.minecraft.server.MinecraftServer.runServer(MinecraftServer.java:1449) ~[leaf-26.2.jar:26.2-118-4b38592]
	at net.minecraft.server.MinecraftServer.lambda$spin$0(MinecraftServer.java:303) ~[leaf-26.2.jar:26.2-118-4b38592]
	at java.base/java.lang.Thread.run(Thread.java:1474) ~[?:?]
[06:35:37 ERROR]: Ignoring setSeed on Entity.SHARED_RANDOM
java.lang.Throwable
	at net.minecraft.world.entity.Entity$RandomRandomSource.setSeed(Entity.java:193) ~[leaf-26.2.jar:26.2-118-4b38592]
	at benchmark.jar//dev.escos.verify.BenchPlugin.setup(BenchPlugin.java:117) ~[?:?]
	at benchmark.jar//dev.escos.verify.BenchPlugin.lambda$onEnable$0(BenchPlugin.java:63) ~[?:?]
	at org.bukkit.craftbukkit.scheduler.CraftTask.run(CraftTask.java:78) ~[leaf-26.2.jar:26.2-118-4b38592]
	at org.bukkit.craftbukkit.scheduler.CraftScheduler.mainThreadHeartbeat(CraftScheduler.java:474) ~[leaf-26.2.jar:26.2-118-4b38592]
	at net.minecraft.server.MinecraftServer.tickChildren(MinecraftServer.java:1892) ~[leaf-26.2.jar:26.2-118-4b38592]
	at net.minecraft.server.MinecraftServer.tickServer(MinecraftServer.java:1722) ~[leaf-26.2.jar:26.2-118-4b38592]
	at net.minecraft.server.dedicated.DedicatedServer.tickServer(DedicatedServer.java:469) ~[leaf-26.2.jar:26.2-118-4b38592]
	at net.minecraft.server.MinecraftServer.processPacketsAndTick(MinecraftServer.java:1781) ~[leaf-26.2.jar:26.2-118-4b38592]
	at net.minecraft.server.MinecraftServer.runServer(MinecraftServer.java:1449) ~[leaf-26.2.jar:26.2-118-4b38592]
	at net.minecraft.server.MinecraftServer.lambda$spin$0(MinecraftServer.java:303) ~[leaf-26.2.jar:26.2-118-4b38592]
	at java.base/java.lang.Thread.run(Thread.java:1474) ~[?:?]
[06:35:37 ERROR]: Ignoring setSeed on Entity.SHARED_RANDOM
java.lang.Throwable
	at net.minecraft.world.entity.Entity$RandomRandomSource.setSeed(Entity.java:193) ~[leaf-26.2.jar:26.2-118-4b38592]
	at benchmark.jar//dev.escos.verify.BenchPlugin.setup(BenchPlugin.java:117) ~[?:?]
	at benchmark.jar//dev.escos.verify.BenchPlugin.lambda$onEnable$0(BenchPlugin.java:63) ~[?:?]
	at org.bukkit.craftbukkit.scheduler.CraftTask.run(CraftTask.java:78) ~[leaf-26.2.jar:26.2-118-4b38592]
	at org.bukkit.craftbukkit.scheduler.CraftScheduler.mainThreadHeartbeat(CraftScheduler.java:474) ~[leaf-26.2.jar:26.2-118-4b38592]
	at net.minecraft.server.MinecraftServer.tickChildren(MinecraftServer.java:1892) ~[leaf-26.2.jar:26.2-118-4b38592]
	at net.minecraft.server.MinecraftServer.tickServer(MinecraftServer.java:1722) ~[leaf-26.2.jar:26.2-118-4b38592]
	at net.minecraft.server.dedicated.DedicatedServer.tickServer(DedicatedServer.java:469) ~[leaf-26.2.jar:26.2-118-4b38592]
	at net.minecraft.server.MinecraftServer.processPacketsAndTick(MinecraftServer.java:1781) ~[leaf-26.2.jar:26.2-118-4b38592]
	at net.minecraft.server.MinecraftServer.runServer(MinecraftServer.java:1449) ~[leaf-26.2.jar:26.2-118-4b38592]
	at net.minecraft.server.MinecraftServer.lambda$spin$0(MinecraftServer.java:303) ~[leaf-26.2.jar:26.2-118-4b38592]
	at java.base/java.lang.Thread.run(Thread.java:1474) ~[?:?]
[06:35:37 ERROR]: Ignoring setSeed on Entity.SHARED_RANDOM
java.lang.Throwable
	at net.minecraft.world.entity.Entity$RandomRandomSource.setSeed(Entity.java:193) ~[leaf-26.2.jar:26.2-118-4b38592]
	at benchmark.jar//dev.escos.verify.BenchPlugin.setup(BenchPlugin.java:117) ~[?:?]
	at benchmark.jar//dev.escos.verify.BenchPlugin.lambda$onEnable$0(BenchPlugin.java:63) ~[?:?]
	at org.bukkit.craftbukkit.scheduler.CraftTask.run(CraftTask.java:78) ~[leaf-26.2.jar:26.2-118-4b38592]
	at org.bukkit.craftbukkit.scheduler.CraftScheduler.mainThreadHeartbeat(CraftScheduler.java:474) ~[leaf-26.2.jar:26.2-118-4b38592]
	at net.minecraft.server.MinecraftServer.tickChildren(MinecraftServer.java:1892) ~[leaf-26.2.jar:26.2-118-4b38592]
	at net.minecraft.server.MinecraftServer.tickServer(MinecraftServer.java:1722) ~[leaf-26.2.jar:26.2-118-4b38592]
	at net.minecraft.server.dedicated.DedicatedServer.tickServer(DedicatedServer.java:469) ~[leaf-26.2.jar:26.2-118-4b38592]
	at net.minecraft.server.MinecraftServer.processPacketsAndTick(MinecraftServer.java:1781) ~[leaf-26.2.jar:26.2-118-4b38592]
	at net.minecraft.server.MinecraftServer.runServer(MinecraftServer.java:1449) ~[leaf-26.2.jar:26.2-118-4b38592]
	at net.minecraft.server.MinecraftServer.lambda$spin$0(MinecraftServer.java:303) ~[leaf-26.2.jar:26.2-118-4b38592]
	at java.base/java.lang.Thread.run(Thread.java:1474) ~[?:?]
[06:35:37 ERROR]: Ignoring setSeed on Entity.SHARED_RANDOM
java.lang.Throwable
	at net.minecraft.world.entity.Entity$RandomRandomSource.setSeed(Entity.java:193) ~[leaf-26.2.jar:26.2-118-4b38592]
	at benchmark.jar//dev.escos.verify.BenchPlugin.setup(BenchPlugin.java:117) ~[?:?]
	at benchmark.jar//dev.escos.verify.BenchPlugin.lambda$onEnable$0(BenchPlugin.java:63) ~[?:?]
	at org.bukkit.craftbukkit.scheduler.CraftTask.run(CraftTask.java:78) ~[leaf-26.2.jar:26.2-118-4b38592]
	at org.bukkit.craftbukkit.scheduler.CraftScheduler.mainThreadHeartbeat(CraftScheduler.java:474) ~[leaf-26.2.jar:26.2-118-4b38592]
	at net.minecraft.server.MinecraftServer.tickChildren(MinecraftServer.java:1892) ~[leaf-26.2.jar:26.2-118-4b38592]
	at net.minecraft.server.MinecraftServer.tickServer(MinecraftServer.java:1722) ~[leaf-26.2.jar:26.2-118-4b38592]
	at net.minecraft.server.dedicated.DedicatedServer.tickServer(DedicatedServer.java:469) ~[leaf-26.2.jar:26.2-118-4b38592]
	at net.minecraft.server.MinecraftServer.processPacketsAndTick(MinecraftServer.java:1781) ~[leaf-26.2.jar:26.2-118-4b38592]
	at net.minecraft.server.MinecraftServer.runServer(MinecraftServer.java:1449) ~[leaf-26.2.jar:26.2-118-4b38592]
	at net.minecraft.server.MinecraftServer.lambda$spin$0(MinecraftServer.java:303) ~[leaf-26.2.jar:26.2-118-4b38592]
	at java.base/java.lang.Thread.run(Thread.java:1474) ~[?:?]
[06:35:37 ERROR]: Ignoring setSeed on Entity.SHARED_RANDOM
java.lang.Throwable
	at net.minecraft.world.entity.Entity$RandomRandomSource.setSeed(Entity.java:193) ~[leaf-26.2.jar:26.2-118-4b38592]
	at benchmark.jar//dev.escos.verify.BenchPlugin.setup(BenchPlugin.java:117) ~[?:?]
	at benchmark.jar//dev.escos.verify.BenchPlugin.lambda$onEnable$0(BenchPlugin.java:63) ~[?:?]
	at org.bukkit.craftbukkit.scheduler.CraftTask.run(CraftTask.java:78) ~[leaf-26.2.jar:26.2-118-4b38592]
	at org.bukkit.craftbukkit.scheduler.CraftScheduler.mainThreadHeartbeat(CraftScheduler.java:474) ~[leaf-26.2.jar:26.2-118-4b38592]
	at net.minecraft.server.MinecraftServer.tickChildren(MinecraftServer.java:1892) ~[leaf-26.2.jar:26.2-118-4b38592]
	at net.minecraft.server.MinecraftServer.tickServer(MinecraftServer.java:1722) ~[leaf-26.2.jar:26.2-118-4b38592]
	at net.minecraft.server.dedicated.DedicatedServer.tickServer(DedicatedServer.java:469) ~[leaf-26.2.jar:26.2-118-4b38592]
	at net.minecraft.server.MinecraftServer.processPacketsAndTick(MinecraftServer.java:1781) ~[leaf-26.2.jar:26.2-118-4b38592]
	at net.minecraft.server.MinecraftServer.runServer(MinecraftServer.java:1449) ~[leaf-26.2.jar:26.2-118-4b38592]
	at net.minecraft.server.MinecraftServer.lambda$spin$0(MinecraftServer.java:303) ~[leaf-26.2.jar:26.2-118-4b38592]
	at java.base/java.lang.Thread.run(Thread.java:1474) ~[?:?]
[06:35:37 ERROR]: Ignoring setSeed on Entity.SHARED_RANDOM
java.lang.Throwable
	at net.minecraft.world.entity.Entity$RandomRandomSource.setSeed(Entity.java:193) ~[leaf-26.2.jar:26.2-118-4b38592]
	at benchmark.jar//dev.escos.verify.BenchPlugin.setup(BenchPlugin.java:117) ~[?:?]
	at benchmark.jar//dev.escos.verify.BenchPlugin.lambda$onEnable$0(BenchPlugin.java:63) ~[?:?]
	at org.bukkit.craftbukkit.scheduler.CraftTask.run(CraftTask.java:78) ~[leaf-26.2.jar:26.2-118-4b38592]
	at org.bukkit.craftbukkit.scheduler.CraftScheduler.mainThreadHeartbeat(CraftScheduler.java:474) ~[leaf-26.2.jar:26.2-118-4b38592]
	at net.minecraft.server.MinecraftServer.tickChildren(MinecraftServer.java:1892) ~[leaf-26.2.jar:26.2-118-4b38592]
	at net.minecraft.server.MinecraftServer.tickServer(MinecraftServer.java:1722) ~[leaf-26.2.jar:26.2-118-4b38592]
	at net.minecraft.server.dedicated.DedicatedServer.tickServer(DedicatedServer.java:469) ~[leaf-26.2.jar:26.2-118-4b38592]
	at net.minecraft.server.MinecraftServer.processPacketsAndTick(MinecraftServer.java:1781) ~[leaf-26.2.jar:26.2-118-4b38592]
	at net.minecraft.server.MinecraftServer.runServer(MinecraftServer.java:1449) ~[leaf-26.2.jar:26.2-118-4b38592]
	at net.minecraft.server.MinecraftServer.lambda$spin$0(MinecraftServer.java:303) ~[leaf-26.2.jar:26.2-118-4b38592]
	at java.base/java.lang.Thread.run(Thread.java:1474) ~[?:?]
[06:35:37 ERROR]: Ignoring setSeed on Entity.SHARED_RANDOM
java.lang.Throwable
	at net.minecraft.world.entity.Entity$RandomRandomSource.setSeed(Entity.java:193) ~[leaf-26.2.jar:26.2-118-4b38592]
	at benchmark.jar//dev.escos.verify.BenchPlugin.setup(BenchPlugin.java:117) ~[?:?]
	at benchmark.jar//dev.escos.verify.BenchPlugin.lambda$onEnable$0(BenchPlugin.java:63) ~[?:?]
	at org.bukkit.craftbukkit.scheduler.CraftTask.run(CraftTask.java:78) ~[leaf-26.2.jar:26.2-118-4b38592]
	at org.bukkit.craftbukkit.scheduler.CraftScheduler.mainThreadHeartbeat(CraftScheduler.java:474) ~[leaf-26.2.jar:26.2-118-4b38592]
	at net.minecraft.server.MinecraftServer.tickChildren(MinecraftServer.java:1892) ~[leaf-26.2.jar:26.2-118-4b38592]
	at net.minecraft.server.MinecraftServer.tickServer(MinecraftServer.java:1722) ~[leaf-26.2.jar:26.2-118-4b38592]
	at net.minecraft.server.dedicated.DedicatedServer.tickServer(DedicatedServer.java:469) ~[leaf-26.2.jar:26.2-118-4b38592]
	at net.minecraft.server.MinecraftServer.processPacketsAndTick(MinecraftServer.java:1781) ~[leaf-26.2.jar:26.2-118-4b38592]
	at net.minecraft.server.MinecraftServer.runServer(MinecraftServer.java:1449) ~[leaf-26.2.jar:26.2-118-4b38592]
	at net.minecraft.server.MinecraftServer.lambda$spin$0(MinecraftServer.java:303) ~[leaf-26.2.jar:26.2-118-4b38592]
	at java.base/java.lang.Thread.run(Thread.java:1474) ~[?:?]
[06:35:37 ERROR]: Ignoring setSeed on Entity.SHARED_RANDOM
java.lang.Throwable
	at net.minecraft.world.entity.Entity$RandomRandomSource.setSeed(Entity.java:193) ~[leaf-26.2.jar:26.2-118-4b38592]
	at benchmark.jar//dev.escos.verify.BenchPlugin.setup(BenchPlugin.java:117) ~[?:?]
	at benchmark.jar//dev.escos.verify.BenchPlugin.lambda$onEnable$0(BenchPlugin.java:63) ~[?:?]
	at org.bukkit.craftbukkit.scheduler.CraftTask.run(CraftTask.java:78) ~[leaf-26.2.jar:26.2-118-4b38592]
	at org.bukkit.craftbukkit.scheduler.CraftScheduler.mainThreadHeartbeat(CraftScheduler.java:474) ~[leaf-26.2.jar:26.2-118-4b38592]
	at net.minecraft.server.MinecraftServer.tickChildren(MinecraftServer.java:1892) ~[leaf-26.2.jar:26.2-118-4b38592]
	at net.minecraft.server.MinecraftServer.tickServer(MinecraftServer.java:1722) ~[leaf-26.2.jar:26.2-118-4b38592]
	at net.minecraft.server.dedicated.DedicatedServer.tickServer(DedicatedServer.java:469) ~[leaf-26.2.jar:26.2-118-4b38592]
	at net.minecraft.server.MinecraftServer.processPacketsAndTick(MinecraftServer.java:1781) ~[leaf-26.2.jar:26.2-118-4b38592]
	at net.minecraft.server.MinecraftServer.runServer(MinecraftServer.java:1449) ~[leaf-26.2.jar:26.2-118-4b38592]
	at net.minecraft.server.MinecraftServer.lambda$spin$0(MinecraftServer.java:303) ~[leaf-26.2.jar:26.2-118-4b38592]
	at java.base/java.lang.Thread.run(Thread.java:1474) ~[?:?]
[06:35:37 ERROR]: Ignoring setSeed on Entity.SHARED_RANDOM
java.lang.Throwable
	at net.minecraft.world.entity.Entity$RandomRandomSource.setSeed(Entity.java:193) ~[leaf-26.2.jar:26.2-118-4b38592]
	at benchmark.jar//dev.escos.verify.BenchPlugin.setup(BenchPlugin.java:117) ~[?:?]
	at benchmark.jar//dev.escos.verify.BenchPlugin.lambda$onEnable$0(BenchPlugin.java:63) ~[?:?]
	at org.bukkit.craftbukkit.scheduler.CraftTask.run(CraftTask.java:78) ~[leaf-26.2.jar:26.2-118-4b38592]
	at org.bukkit.craftbukkit.scheduler.CraftScheduler.mainThreadHeartbeat(CraftScheduler.java:474) ~[leaf-26.2.jar:26.2-118-4b38592]
	at net.minecraft.server.MinecraftServer.tickChildren(MinecraftServer.java:1892) ~[leaf-26.2.jar:26.2-118-4b38592]
	at net.minecraft.server.MinecraftServer.tickServer(MinecraftServer.java:1722) ~[leaf-26.2.jar:26.2-118-4b38592]
	at net.minecraft.server.dedicated.DedicatedServer.tickServer(DedicatedServer.java:469) ~[leaf-26.2.jar:26.2-118-4b38592]
	at net.minecraft.server.MinecraftServer.processPacketsAndTick(MinecraftServer.java:1781) ~[leaf-26.2.jar:26.2-118-4b38592]
	at net.minecraft.server.MinecraftServer.runServer(MinecraftServer.java:1449) ~[leaf-26.2.jar:26.2-118-4b38592]
	at net.minecraft.server.MinecraftServer.lambda$spin$0(MinecraftServer.java:303) ~[leaf-26.2.jar:26.2-118-4b38592]
	at java.base/java.lang.Thread.run(Thread.java:1474) ~[?:?]
[06:35:37 ERROR]: Ignoring setSeed on Entity.SHARED_RANDOM
java.lang.Throwable
	at net.minecraft.world.entity.Entity$RandomRandomSource.setSeed(Entity.java:193) ~[leaf-26.2.jar:26.2-118-4b38592]
	at benchmark.jar//dev.escos.verify.BenchPlugin.setup(BenchPlugin.java:117) ~[?:?]
	at benchmark.jar//dev.escos.verify.BenchPlugin.lambda$onEnable$0(BenchPlugin.java:63) ~[?:?]
	at org.bukkit.craftbukkit.scheduler.CraftTask.run(CraftTask.java:78) ~[leaf-26.2.jar:26.2-118-4b38592]
	at org.bukkit.craftbukkit.scheduler.CraftScheduler.mainThreadHeartbeat(CraftScheduler.java:474) ~[leaf-26.2.jar:26.2-118-4b38592]
	at net.minecraft.server.MinecraftServer.tickChildren(MinecraftServer.java:1892) ~[leaf-26.2.jar:26.2-118-4b38592]
	at net.minecraft.server.MinecraftServer.tickServer(MinecraftServer.java:1722) ~[leaf-26.2.jar:26.2-118-4b38592]
	at net.minecraft.server.dedicated.DedicatedServer.tickServer(DedicatedServer.java:469) ~[leaf-26.2.jar:26.2-118-4b38592]
	at net.minecraft.server.MinecraftServer.processPacketsAndTick(MinecraftServer.java:1781) ~[leaf-26.2.jar:26.2-118-4b38592]
	at net.minecraft.server.MinecraftServer.runServer(MinecraftServer.java:1449) ~[leaf-26.2.jar:26.2-118-4b38592]
	at net.minecraft.server.MinecraftServer.lambda$spin$0(MinecraftServer.java:303) ~[leaf-26.2.jar:26.2-118-4b38592]
	at java.base/java.lang.Thread.run(Thread.java:1474) ~[?:?]
[06:35:37 ERROR]: Ignoring setSeed on Entity.SHARED_RANDOM
java.lang.Throwable
	at net.minecraft.world.entity.Entity$RandomRandomSource.setSeed(Entity.java:193) ~[leaf-26.2.jar:26.2-118-4b38592]
	at benchmark.jar//dev.escos.verify.BenchPlugin.setup(BenchPlugin.java:117) ~[?:?]
	at benchmark.jar//dev.escos.verify.BenchPlugin.lambda$onEnable$0(BenchPlugin.java:63) ~[?:?]
	at org.bukkit.craftbukkit.scheduler.CraftTask.run(CraftTask.java:78) ~[leaf-26.2.jar:26.2-118-4b38592]
	at org.bukkit.craftbukkit.scheduler.CraftScheduler.mainThreadHeartbeat(CraftScheduler.java:474) ~[leaf-26.2.jar:26.2-118-4b38592]
	at net.minecraft.server.MinecraftServer.tickChildren(MinecraftServer.java:1892) ~[leaf-26.2.jar:26.2-118-4b38592]
	at net.minecraft.server.MinecraftServer.tickServer(MinecraftServer.java:1722) ~[leaf-26.2.jar:26.2-118-4b38592]
	at net.minecraft.server.dedicated.DedicatedServer.tickServer(DedicatedServer.java:469) ~[leaf-26.2.jar:26.2-118-4b38592]
	at net.minecraft.server.MinecraftServer.processPacketsAndTick(MinecraftServer.java:1781) ~[leaf-26.2.jar:26.2-118-4b38592]
	at net.minecraft.server.MinecraftServer.runServer(MinecraftServer.java:1449) ~[leaf-26.2.jar:26.2-118-4b38592]
	at net.minecraft.server.MinecraftServer.lambda$spin$0(MinecraftServer.java:303) ~[leaf-26.2.jar:26.2-118-4b38592]
	at java.base/java.lang.Thread.run(Thread.java:1474) ~[?:?]
[06:35:37 ERROR]: Ignoring setSeed on Entity.SHARED_RANDOM
java.lang.Throwable
	at net.minecraft.world.entity.Entity$RandomRandomSource.setSeed(Entity.java:193) ~[leaf-26.2.jar:26.2-118-4b38592]
	at benchmark.jar//dev.escos.verify.BenchPlugin.setup(BenchPlugin.java:117) ~[?:?]
	at benchmark.jar//dev.escos.verify.BenchPlugin.lambda$onEnable$0(BenchPlugin.java:63) ~[?:?]
	at org.bukkit.craftbukkit.scheduler.CraftTask.run(CraftTask.java:78) ~[leaf-26.2.jar:26.2-118-4b38592]
	at org.bukkit.craftbukkit.scheduler.CraftScheduler.mainThreadHeartbeat(CraftScheduler.java:474) ~[leaf-26.2.jar:26.2-118-4b38592]
	at net.minecraft.server.MinecraftServer.tickChildren(MinecraftServer.java:1892) ~[leaf-26.2.jar:26.2-118-4b38592]
	at net.minecraft.server.MinecraftServer.tickServer(MinecraftServer.java:1722) ~[leaf-26.2.jar:26.2-118-4b38592]
	at net.minecraft.server.dedicated.DedicatedServer.tickServer(DedicatedServer.java:469) ~[leaf-26.2.jar:26.2-118-4b38592]
	at net.minecraft.server.MinecraftServer.processPacketsAndTick(MinecraftServer.java:1781) ~[leaf-26.2.jar:26.2-118-4b38592]
	at net.minecraft.server.MinecraftServer.runServer(MinecraftServer.java:1449) ~[leaf-26.2.jar:26.2-118-4b38592]
	at net.minecraft.server.MinecraftServer.lambda$spin$0(MinecraftServer.java:303) ~[leaf-26.2.jar:26.2-118-4b38592]
	at java.base/java.lang.Thread.run(Thread.java:1474) ~[?:?]
[06:35:37 ERROR]: Ignoring setSeed on Entity.SHARED_RANDOM
java.lang.Throwable
	at net.minecraft.world.entity.Entity$RandomRandomSource.setSeed(Entity.java:193) ~[leaf-26.2.jar:26.2-118-4b38592]
	at benchmark.jar//dev.escos.verify.BenchPlugin.setup(BenchPlugin.java:117) ~[?:?]
	at benchmark.jar//dev.escos.verify.BenchPlugin.lambda$onEnable$0(BenchPlugin.java:63) ~[?:?]
	at org.bukkit.craftbukkit.scheduler.CraftTask.run(CraftTask.java:78) ~[leaf-26.2.jar:26.2-118-4b38592]
	at org.bukkit.craftbukkit.scheduler.CraftScheduler.mainThreadHeartbeat(CraftScheduler.java:474) ~[leaf-26.2.jar:26.2-118-4b38592]
	at net.minecraft.server.MinecraftServer.tickChildren(MinecraftServer.java:1892) ~[leaf-26.2.jar:26.2-118-4b38592]
	at net.minecraft.server.MinecraftServer.tickServer(MinecraftServer.java:1722) ~[leaf-26.2.jar:26.2-118-4b38592]
	at net.minecraft.server.dedicated.DedicatedServer.tickServer(DedicatedServer.java:469) ~[leaf-26.2.jar:26.2-118-4b38592]
	at net.minecraft.server.MinecraftServer.processPacketsAndTick(MinecraftServer.java:1781) ~[leaf-26.2.jar:26.2-118-4b38592]
	at net.minecraft.server.MinecraftServer.runServer(MinecraftServer.java:1449) ~[leaf-26.2.jar:26.2-118-4b38592]
	at net.minecraft.server.MinecraftServer.lambda$spin$0(MinecraftServer.java:303) ~[leaf-26.2.jar:26.2-118-4b38592]
	at java.base/java.lang.Thread.run(Thread.java:1474) ~[?:?]
[06:35:37 ERROR]: Ignoring setSeed on Entity.SHARED_RANDOM
java.lang.Throwable
	at net.minecraft.world.entity.Entity$RandomRandomSource.setSeed(Entity.java:193) ~[leaf-26.2.jar:26.2-118-4b38592]
	at benchmark.jar//dev.escos.verify.BenchPlugin.setup(BenchPlugin.java:117) ~[?:?]
	at benchmark.jar//dev.escos.verify.BenchPlugin.lambda$onEnable$0(BenchPlugin.java:63) ~[?:?]
	at org.bukkit.craftbukkit.scheduler.CraftTask.run(CraftTask.java:78) ~[leaf-26.2.jar:26.2-118-4b38592]
	at org.bukkit.craftbukkit.scheduler.CraftScheduler.mainThreadHeartbeat(CraftScheduler.java:474) ~[leaf-26.2.jar:26.2-118-4b38592]
	at net.minecraft.server.MinecraftServer.tickChildren(MinecraftServer.java:1892) ~[leaf-26.2.jar:26.2-118-4b38592]
	at net.minecraft.server.MinecraftServer.tickServer(MinecraftServer.java:1722) ~[leaf-26.2.jar:26.2-118-4b38592]
	at net.minecraft.server.dedicated.DedicatedServer.tickServer(DedicatedServer.java:469) ~[leaf-26.2.jar:26.2-118-4b38592]
	at net.minecraft.server.MinecraftServer.processPacketsAndTick(MinecraftServer.java:1781) ~[leaf-26.2.jar:26.2-118-4b38592]
	at net.minecraft.server.MinecraftServer.runServer(MinecraftServer.java:1449) ~[leaf-26.2.jar:26.2-118-4b38592]
	at net.minecraft.server.MinecraftServer.lambda$spin$0(MinecraftServer.java:303) ~[leaf-26.2.jar:26.2-118-4b38592]
	at java.base/java.lang.Thread.run(Thread.java:1474) ~[?:?]
[06:35:37 ERROR]: Ignoring setSeed on Entity.SHARED_RANDOM
java.lang.Throwable
	at net.minecraft.world.entity.Entity$RandomRandomSource.setSeed(Entity.java:193) ~[leaf-26.2.jar:26.2-118-4b38592]
	at benchmark.jar//dev.escos.verify.BenchPlugin.setup(BenchPlugin.java:117) ~[?:?]
	at benchmark.jar//dev.escos.verify.BenchPlugin.lambda$onEnable$0(BenchPlugin.java:63) ~[?:?]
	at org.bukkit.craftbukkit.scheduler.CraftTask.run(CraftTask.java:78) ~[leaf-26.2.jar:26.2-118-4b38592]
	at org.bukkit.craftbukkit.scheduler.CraftScheduler.mainThreadHeartbeat(CraftScheduler.java:474) ~[leaf-26.2.jar:26.2-118-4b38592]
	at net.minecraft.server.MinecraftServer.tickChildren(MinecraftServer.java:1892) ~[leaf-26.2.jar:26.2-118-4b38592]
	at net.minecraft.server.MinecraftServer.tickServer(MinecraftServer.java:1722) ~[leaf-26.2.jar:26.2-118-4b38592]
	at net.minecraft.server.dedicated.DedicatedServer.tickServer(DedicatedServer.java:469) ~[leaf-26.2.jar:26.2-118-4b38592]
	at net.minecraft.server.MinecraftServer.processPacketsAndTick(MinecraftServer.java:1781) ~[leaf-26.2.jar:26.2-118-4b38592]
	at net.minecraft.server.MinecraftServer.runServer(MinecraftServer.java:1449) ~[leaf-26.2.jar:26.2-118-4b38592]
	at net.minecraft.server.MinecraftServer.lambda$spin$0(MinecraftServer.java:303) ~[leaf-26.2.jar:26.2-118-4b38592]
	at java.base/java.lang.Thread.run(Thread.java:1474) ~[?:?]
[06:35:37 ERROR]: Ignoring setSeed on Entity.SHARED_RANDOM
java.lang.Throwable
	at net.minecraft.world.entity.Entity$RandomRandomSource.setSeed(Entity.java:193) ~[leaf-26.2.jar:26.2-118-4b38592]
	at benchmark.jar//dev.escos.verify.BenchPlugin.setup(BenchPlugin.java:117) ~[?:?]
	at benchmark.jar//dev.escos.verify.BenchPlugin.lambda$onEnable$0(BenchPlugin.java:63) ~[?:?]
	at org.bukkit.craftbukkit.scheduler.CraftTask.run(CraftTask.java:78) ~[leaf-26.2.jar:26.2-118-4b38592]
	at org.bukkit.craftbukkit.scheduler.CraftScheduler.mainThreadHeartbeat(CraftScheduler.java:474) ~[leaf-26.2.jar:26.2-118-4b38592]
	at net.minecraft.server.MinecraftServer.tickChildren(MinecraftServer.java:1892) ~[leaf-26.2.jar:26.2-118-4b38592]
	at net.minecraft.server.MinecraftServer.tickServer(MinecraftServer.java:1722) ~[leaf-26.2.jar:26.2-118-4b38592]
	at net.minecraft.server.dedicated.DedicatedServer.tickServer(DedicatedServer.java:469) ~[leaf-26.2.jar:26.2-118-4b38592]
	at net.minecraft.server.MinecraftServer.processPacketsAndTick(MinecraftServer.java:1781) ~[leaf-26.2.jar:26.2-118-4b38592]
	at net.minecraft.server.MinecraftServer.runServer(MinecraftServer.java:1449) ~[leaf-26.2.jar:26.2-118-4b38592]
	at net.minecraft.server.MinecraftServer.lambda$spin$0(MinecraftServer.java:303) ~[leaf-26.2.jar:26.2-118-4b38592]
	at java.base/java.lang.Thread.run(Thread.java:1474) ~[?:?]
[06:35:37 ERROR]: Ignoring setSeed on Entity.SHARED_RANDOM
java.lang.Throwable
	at net.minecraft.world.entity.Entity$RandomRandomSource.setSeed(Entity.java:193) ~[leaf-26.2.jar:26.2-118-4b38592]
	at benchmark.jar//dev.escos.verify.BenchPlugin.setup(BenchPlugin.java:117) ~[?:?]
	at benchmark.jar//dev.escos.verify.BenchPlugin.lambda$onEnable$0(BenchPlugin.java:63) ~[?:?]
	at org.bukkit.craftbukkit.scheduler.CraftTask.run(CraftTask.java:78) ~[leaf-26.2.jar:26.2-118-4b38592]
	at org.bukkit.craftbukkit.scheduler.CraftScheduler.mainThreadHeartbeat(CraftScheduler.java:474) ~[leaf-26.2.jar:26.2-118-4b38592]
	at net.minecraft.server.MinecraftServer.tickChildren(MinecraftServer.java:1892) ~[leaf-26.2.jar:26.2-118-4b38592]
	at net.minecraft.server.MinecraftServer.tickServer(MinecraftServer.java:1722) ~[leaf-26.2.jar:26.2-118-4b38592]
	at net.minecraft.server.dedicated.DedicatedServer.tickServer(DedicatedServer.java:469) ~[leaf-26.2.jar:26.2-118-4b38592]
	at net.minecraft.server.MinecraftServer.processPacketsAndTick(MinecraftServer.java:1781) ~[leaf-26.2.jar:26.2-118-4b38592]
	at net.minecraft.server.MinecraftServer.runServer(MinecraftServer.java:1449) ~[leaf-26.2.jar:26.2-118-4b38592]
	at net.minecraft.server.MinecraftServer.lambda$spin$0(MinecraftServer.java:303) ~[leaf-26.2.jar:26.2-118-4b38592]
	at java.base/java.lang.Thread.run(Thread.java:1474) ~[?:?]
[06:35:37 ERROR]: Ignoring setSeed on Entity.SHARED_RANDOM
java.lang.Throwable
	at net.minecraft.world.entity.Entity$RandomRandomSource.setSeed(Entity.java:193) ~[leaf-26.2.jar:26.2-118-4b38592]
	at benchmark.jar//dev.escos.verify.BenchPlugin.setup(BenchPlugin.java:117) ~[?:?]
	at benchmark.jar//dev.escos.verify.BenchPlugin.lambda$onEnable$0(BenchPlugin.java:63) ~[?:?]
	at org.bukkit.craftbukkit.scheduler.CraftTask.run(CraftTask.java:78) ~[leaf-26.2.jar:26.2-118-4b38592]
	at org.bukkit.craftbukkit.scheduler.CraftScheduler.mainThreadHeartbeat(CraftScheduler.java:474) ~[leaf-26.2.jar:26.2-118-4b38592]
	at net.minecraft.server.MinecraftServer.tickChildren(MinecraftServer.java:1892) ~[leaf-26.2.jar:26.2-118-4b38592]
	at net.minecraft.server.MinecraftServer.tickServer(MinecraftServer.java:1722) ~[leaf-26.2.jar:26.2-118-4b38592]
	at net.minecraft.server.dedicated.DedicatedServer.tickServer(DedicatedServer.java:469) ~[leaf-26.2.jar:26.2-118-4b38592]
	at net.minecraft.server.MinecraftServer.processPacketsAndTick(MinecraftServer.java:1781) ~[leaf-26.2.jar:26.2-118-4b38592]
	at net.minecraft.server.MinecraftServer.runServer(MinecraftServer.java:1449) ~[leaf-26.2.jar:26.2-118-4b38592]
	at net.minecraft.server.MinecraftServer.lambda$spin$0(MinecraftServer.java:303) ~[leaf-26.2.jar:26.2-118-4b38592]
	at java.base/java.lang.Thread.run(Thread.java:1474) ~[?:?]
[06:35:37 ERROR]: Ignoring setSeed on Entity.SHARED_RANDOM
java.lang.Throwable
	at net.minecraft.world.entity.Entity$RandomRandomSource.setSeed(Entity.java:193) ~[leaf-26.2.jar:26.2-118-4b38592]
	at benchmark.jar//dev.escos.verify.BenchPlugin.setup(BenchPlugin.java:117) ~[?:?]
	at benchmark.jar//dev.escos.verify.BenchPlugin.lambda$onEnable$0(BenchPlugin.java:63) ~[?:?]
	at org.bukkit.craftbukkit.scheduler.CraftTask.run(CraftTask.java:78) ~[leaf-26.2.jar:26.2-118-4b38592]
	at org.bukkit.craftbukkit.scheduler.CraftScheduler.mainThreadHeartbeat(CraftScheduler.java:474) ~[leaf-26.2.jar:26.2-118-4b38592]
	at net.minecraft.server.MinecraftServer.tickChildren(MinecraftServer.java:1892) ~[leaf-26.2.jar:26.2-118-4b38592]
	at net.minecraft.server.MinecraftServer.tickServer(MinecraftServer.java:1722) ~[leaf-26.2.jar:26.2-118-4b38592]
	at net.minecraft.server.dedicated.DedicatedServer.tickServer(DedicatedServer.java:469) ~[leaf-26.2.jar:26.2-118-4b38592]
	at net.minecraft.server.MinecraftServer.processPacketsAndTick(MinecraftServer.java:1781) ~[leaf-26.2.jar:26.2-118-4b38592]
	at net.minecraft.server.MinecraftServer.runServer(MinecraftServer.java:1449) ~[leaf-26.2.jar:26.2-118-4b38592]
	at net.minecraft.server.MinecraftServer.lambda$spin$0(MinecraftServer.java:303) ~[leaf-26.2.jar:26.2-118-4b38592]
	at java.base/java.lang.Thread.run(Thread.java:1474) ~[?:?]
[06:35:37 ERROR]: Ignoring setSeed on Entity.SHARED_RANDOM
java.lang.Throwable
	at net.minecraft.world.entity.Entity$RandomRandomSource.setSeed(Entity.java:193) ~[leaf-26.2.jar:26.2-118-4b38592]
	at benchmark.jar//dev.escos.verify.BenchPlugin.setup(BenchPlugin.java:117) ~[?:?]
	at benchmark.jar//dev.escos.verify.BenchPlugin.lambda$onEnable$0(BenchPlugin.java:63) ~[?:?]
	at org.bukkit.craftbukkit.scheduler.CraftTask.run(CraftTask.java:78) ~[leaf-26.2.jar:26.2-118-4b38592]
	at org.bukkit.craftbukkit.scheduler.CraftScheduler.mainThreadHeartbeat(CraftScheduler.java:474) ~[leaf-26.2.jar:26.2-118-4b38592]
	at net.minecraft.server.MinecraftServer.tickChildren(MinecraftServer.java:1892) ~[leaf-26.2.jar:26.2-118-4b38592]
	at net.minecraft.server.MinecraftServer.tickServer(MinecraftServer.java:1722) ~[leaf-26.2.jar:26.2-118-4b38592]
	at net.minecraft.server.dedicated.DedicatedServer.tickServer(DedicatedServer.java:469) ~[leaf-26.2.jar:26.2-118-4b38592]
	at net.minecraft.server.MinecraftServer.processPacketsAndTick(MinecraftServer.java:1781) ~[leaf-26.2.jar:26.2-118-4b38592]
	at net.minecraft.server.MinecraftServer.runServer(MinecraftServer.java:1449) ~[leaf-26.2.jar:26.2-118-4b38592]
	at net.minecraft.server.MinecraftServer.lambda$spin$0(MinecraftServer.java:303) ~[leaf-26.2.jar:26.2-118-4b38592]
	at java.base/java.lang.Thread.run(Thread.java:1474) ~[?:?]
[06:35:37 ERROR]: Ignoring setSeed on Entity.SHARED_RANDOM
java.lang.Throwable
	at net.minecraft.world.entity.Entity$RandomRandomSource.setSeed(Entity.java:193) ~[leaf-26.2.jar:26.2-118-4b38592]
	at benchmark.jar//dev.escos.verify.BenchPlugin.setup(BenchPlugin.java:117) ~[?:?]
	at benchmark.jar//dev.escos.verify.BenchPlugin.lambda$onEnable$0(BenchPlugin.java:63) ~[?:?]
	at org.bukkit.craftbukkit.scheduler.CraftTask.run(CraftTask.java:78) ~[leaf-26.2.jar:26.2-118-4b38592]
	at org.bukkit.craftbukkit.scheduler.CraftScheduler.mainThreadHeartbeat(CraftScheduler.java:474) ~[leaf-26.2.jar:26.2-118-4b38592]
	at net.minecraft.server.MinecraftServer.tickChildren(MinecraftServer.java:1892) ~[leaf-26.2.jar:26.2-118-4b38592]
	at net.minecraft.server.MinecraftServer.tickServer(MinecraftServer.java:1722) ~[leaf-26.2.jar:26.2-118-4b38592]
	at net.minecraft.server.dedicated.DedicatedServer.tickServer(DedicatedServer.java:469) ~[leaf-26.2.jar:26.2-118-4b38592]
	at net.minecraft.server.MinecraftServer.processPacketsAndTick(MinecraftServer.java:1781) ~[leaf-26.2.jar:26.2-118-4b38592]
	at net.minecraft.server.MinecraftServer.runServer(MinecraftServer.java:1449) ~[leaf-26.2.jar:26.2-118-4b38592]
	at net.minecraft.server.MinecraftServer.lambda$spin$0(MinecraftServer.java:303) ~[leaf-26.2.jar:26.2-118-4b38592]
	at java.base/java.lang.Thread.run(Thread.java:1474) ~[?:?]
[06:35:37 ERROR]: Ignoring setSeed on Entity.SHARED_RANDOM
java.lang.Throwable
	at net.minecraft.world.entity.Entity$RandomRandomSource.setSeed(Entity.java:193) ~[leaf-26.2.jar:26.2-118-4b38592]
	at benchmark.jar//dev.escos.verify.BenchPlugin.setup(BenchPlugin.java:117) ~[?:?]
	at benchmark.jar//dev.escos.verify.BenchPlugin.lambda$onEnable$0(BenchPlugin.java:63) ~[?:?]
	at org.bukkit.craftbukkit.scheduler.CraftTask.run(CraftTask.java:78) ~[leaf-26.2.jar:26.2-118-4b38592]
	at org.bukkit.craftbukkit.scheduler.CraftScheduler.mainThreadHeartbeat(CraftScheduler.java:474) ~[leaf-26.2.jar:26.2-118-4b38592]
	at net.minecraft.server.MinecraftServer.tickChildren(MinecraftServer.java:1892) ~[leaf-26.2.jar:26.2-118-4b38592]
	at net.minecraft.server.MinecraftServer.tickServer(MinecraftServer.java:1722) ~[leaf-26.2.jar:26.2-118-4b38592]
	at net.minecraft.server.dedicated.DedicatedServer.tickServer(DedicatedServer.java:469) ~[leaf-26.2.jar:26.2-118-4b38592]
	at net.minecraft.server.MinecraftServer.processPacketsAndTick(MinecraftServer.java:1781) ~[leaf-26.2.jar:26.2-118-4b38592]
	at net.minecraft.server.MinecraftServer.runServer(MinecraftServer.java:1449) ~[leaf-26.2.jar:26.2-118-4b38592]
	at net.minecraft.server.MinecraftServer.lambda$spin$0(MinecraftServer.java:303) ~[leaf-26.2.jar:26.2-118-4b38592]
	at java.base/java.lang.Thread.run(Thread.java:1474) ~[?:?]
[06:35:37 ERROR]: Ignoring setSeed on Entity.SHARED_RANDOM
java.lang.Throwable
	at net.minecraft.world.entity.Entity$RandomRandomSource.setSeed(Entity.java:193) ~[leaf-26.2.jar:26.2-118-4b38592]
	at benchmark.jar//dev.escos.verify.BenchPlugin.setup(BenchPlugin.java:117) ~[?:?]
	at benchmark.jar//dev.escos.verify.BenchPlugin.lambda$onEnable$0(BenchPlugin.java:63) ~[?:?]
	at org.bukkit.craftbukkit.scheduler.CraftTask.run(CraftTask.java:78) ~[leaf-26.2.jar:26.2-118-4b38592]
	at org.bukkit.craftbukkit.scheduler.CraftScheduler.mainThreadHeartbeat(CraftScheduler.java:474) ~[leaf-26.2.jar:26.2-118-4b38592]
	at net.minecraft.server.MinecraftServer.tickChildren(MinecraftServer.java:1892) ~[leaf-26.2.jar:26.2-118-4b38592]
	at net.minecraft.server.MinecraftServer.tickServer(MinecraftServer.java:1722) ~[leaf-26.2.jar:26.2-118-4b38592]
	at net.minecraft.server.dedicated.DedicatedServer.tickServer(DedicatedServer.java:469) ~[leaf-26.2.jar:26.2-118-4b38592]
	at net.minecraft.server.MinecraftServer.processPacketsAndTick(MinecraftServer.java:1781) ~[leaf-26.2.jar:26.2-118-4b38592]
	at net.minecraft.server.MinecraftServer.runServer(MinecraftServer.java:1449) ~[leaf-26.2.jar:26.2-118-4b38592]
	at net.minecraft.server.MinecraftServer.lambda$spin$0(MinecraftServer.java:303) ~[leaf-26.2.jar:26.2-118-4b38592]
	at java.base/java.lang.Thread.run(Thread.java:1474) ~[?:?]
[06:35:37 ERROR]: Ignoring setSeed on Entity.SHARED_RANDOM
java.lang.Throwable
	at net.minecraft.world.entity.Entity$RandomRandomSource.setSeed(Entity.java:193) ~[leaf-26.2.jar:26.2-118-4b38592]
	at benchmark.jar//dev.escos.verify.BenchPlugin.setup(BenchPlugin.java:117) ~[?:?]
	at benchmark.jar//dev.escos.verify.BenchPlugin.lambda$onEnable$0(BenchPlugin.java:63) ~[?:?]
	at org.bukkit.craftbukkit.scheduler.CraftTask.run(CraftTask.java:78) ~[leaf-26.2.jar:26.2-118-4b38592]
	at org.bukkit.craftbukkit.scheduler.CraftScheduler.mainThreadHeartbeat(CraftScheduler.java:474) ~[leaf-26.2.jar:26.2-118-4b38592]
	at net.minecraft.server.MinecraftServer.tickChildren(MinecraftServer.java:1892) ~[leaf-26.2.jar:26.2-118-4b38592]
	at net.minecraft.server.MinecraftServer.tickServer(MinecraftServer.java:1722) ~[leaf-26.2.jar:26.2-118-4b38592]
	at net.minecraft.server.dedicated.DedicatedServer.tickServer(DedicatedServer.java:469) ~[leaf-26.2.jar:26.2-118-4b38592]
	at net.minecraft.server.MinecraftServer.processPacketsAndTick(MinecraftServer.java:1781) ~[leaf-26.2.jar:26.2-118-4b38592]
	at net.minecraft.server.MinecraftServer.runServer(MinecraftServer.java:1449) ~[leaf-26.2.jar:26.2-118-4b38592]
	at net.minecraft.server.MinecraftServer.lambda$spin$0(MinecraftServer.java:303) ~[leaf-26.2.jar:26.2-118-4b38592]
	at java.base/java.lang.Thread.run(Thread.java:1474) ~[?:?]
[06:35:37 ERROR]: Ignoring setSeed on Entity.SHARED_RANDOM
java.lang.Throwable
	at net.minecraft.world.entity.Entity$RandomRandomSource.setSeed(Entity.java:193) ~[leaf-26.2.jar:26.2-118-4b38592]
	at benchmark.jar//dev.escos.verify.BenchPlugin.setup(BenchPlugin.java:117) ~[?:?]
	at benchmark.jar//dev.escos.verify.BenchPlugin.lambda$onEnable$0(BenchPlugin.java:63) ~[?:?]
	at org.bukkit.craftbukkit.scheduler.CraftTask.run(CraftTask.java:78) ~[leaf-26.2.jar:26.2-118-4b38592]
	at org.bukkit.craftbukkit.scheduler.CraftScheduler.mainThreadHeartbeat(CraftScheduler.java:474) ~[leaf-26.2.jar:26.2-118-4b38592]
	at net.minecraft.server.MinecraftServer.tickChildren(MinecraftServer.java:1892) ~[leaf-26.2.jar:26.2-118-4b38592]
	at net.minecraft.server.MinecraftServer.tickServer(MinecraftServer.java:1722) ~[leaf-26.2.jar:26.2-118-4b38592]
	at net.minecraft.server.dedicated.DedicatedServer.tickServer(DedicatedServer.java:469) ~[leaf-26.2.jar:26.2-118-4b38592]
	at net.minecraft.server.MinecraftServer.processPacketsAndTick(MinecraftServer.java:1781) ~[leaf-26.2.jar:26.2-118-4b38592]
	at net.minecraft.server.MinecraftServer.runServer(MinecraftServer.java:1449) ~[leaf-26.2.jar:26.2-118-4b38592]
	at net.minecraft.server.MinecraftServer.lambda$spin$0(MinecraftServer.java:303) ~[leaf-26.2.jar:26.2-118-4b38592]
	at java.base/java.lang.Thread.run(Thread.java:1474) ~[?:?]
[06:35:37 ERROR]: Ignoring setSeed on Entity.SHARED_RANDOM
java.lang.Throwable
	at net.minecraft.world.entity.Entity$RandomRandomSource.setSeed(Entity.java:193) ~[leaf-26.2.jar:26.2-118-4b38592]
	at benchmark.jar//dev.escos.verify.BenchPlugin.setup(BenchPlugin.java:117) ~[?:?]
	at benchmark.jar//dev.escos.verify.BenchPlugin.lambda$onEnable$0(BenchPlugin.java:63) ~[?:?]
	at org.bukkit.craftbukkit.scheduler.CraftTask.run(CraftTask.java:78) ~[leaf-26.2.jar:26.2-118-4b38592]
	at org.bukkit.craftbukkit.scheduler.CraftScheduler.mainThreadHeartbeat(CraftScheduler.java:474) ~[leaf-26.2.jar:26.2-118-4b38592]
	at net.minecraft.server.MinecraftServer.tickChildren(MinecraftServer.java:1892) ~[leaf-26.2.jar:26.2-118-4b38592]
	at net.minecraft.server.MinecraftServer.tickServer(MinecraftServer.java:1722) ~[leaf-26.2.jar:26.2-118-4b38592]
	at net.minecraft.server.dedicated.DedicatedServer.tickServer(DedicatedServer.java:469) ~[leaf-26.2.jar:26.2-118-4b38592]
	at net.minecraft.server.MinecraftServer.processPacketsAndTick(MinecraftServer.java:1781) ~[leaf-26.2.jar:26.2-118-4b38592]
	at net.minecraft.server.MinecraftServer.runServer(MinecraftServer.java:1449) ~[leaf-26.2.jar:26.2-118-4b38592]
	at net.minecraft.server.MinecraftServer.lambda$spin$0(MinecraftServer.java:303) ~[leaf-26.2.jar:26.2-118-4b38592]
	at java.base/java.lang.Thread.run(Thread.java:1474) ~[?:?]
[06:35:37 ERROR]: Ignoring setSeed on Entity.SHARED_RANDOM
java.lang.Throwable
	at net.minecraft.world.entity.Entity$RandomRandomSource.setSeed(Entity.java:193) ~[leaf-26.2.jar:26.2-118-4b38592]
	at benchmark.jar//dev.escos.verify.BenchPlugin.setup(BenchPlugin.java:117) ~[?:?]
	at benchmark.jar//dev.escos.verify.BenchPlugin.lambda$onEnable$0(BenchPlugin.java:63) ~[?:?]
	at org.bukkit.craftbukkit.scheduler.CraftTask.run(CraftTask.java:78) ~[leaf-26.2.jar:26.2-118-4b38592]
	at org.bukkit.craftbukkit.scheduler.CraftScheduler.mainThreadHeartbeat(CraftScheduler.java:474) ~[leaf-26.2.jar:26.2-118-4b38592]
	at net.minecraft.server.MinecraftServer.tickChildren(MinecraftServer.java:1892) ~[leaf-26.2.jar:26.2-118-4b38592]
	at net.minecraft.server.MinecraftServer.tickServer(MinecraftServer.java:1722) ~[leaf-26.2.jar:26.2-118-4b38592]
	at net.minecraft.server.dedicated.DedicatedServer.tickServer(DedicatedServer.java:469) ~[leaf-26.2.jar:26.2-118-4b38592]
	at net.minecraft.server.MinecraftServer.processPacketsAndTick(MinecraftServer.java:1781) ~[leaf-26.2.jar:26.2-118-4b38592]
	at net.minecraft.server.MinecraftServer.runServer(MinecraftServer.java:1449) ~[leaf-26.2.jar:26.2-118-4b38592]
	at net.minecraft.server.MinecraftServer.lambda$spin$0(MinecraftServer.java:303) ~[leaf-26.2.jar:26.2-118-4b38592]
	at java.base/java.lang.Thread.run(Thread.java:1474) ~[?:?]
[06:35:37 ERROR]: Ignoring setSeed on Entity.SHARED_RANDOM
java.lang.Throwable
	at net.minecraft.world.entity.Entity$RandomRandomSource.setSeed(Entity.java:193) ~[leaf-26.2.jar:26.2-118-4b38592]
	at benchmark.jar//dev.escos.verify.BenchPlugin.setup(BenchPlugin.java:117) ~[?:?]
	at benchmark.jar//dev.escos.verify.BenchPlugin.lambda$onEnable$0(BenchPlugin.java:63) ~[?:?]
	at org.bukkit.craftbukkit.scheduler.CraftTask.run(CraftTask.java:78) ~[leaf-26.2.jar:26.2-118-4b38592]
	at org.bukkit.craftbukkit.scheduler.CraftScheduler.mainThreadHeartbeat(CraftScheduler.java:474) ~[leaf-26.2.jar:26.2-118-4b38592]
	at net.minecraft.server.MinecraftServer.tickChildren(MinecraftServer.java:1892) ~[leaf-26.2.jar:26.2-118-4b38592]
	at net.minecraft.server.MinecraftServer.tickServer(MinecraftServer.java:1722) ~[leaf-26.2.jar:26.2-118-4b38592]
	at net.minecraft.server.dedicated.DedicatedServer.tickServer(DedicatedServer.java:469) ~[leaf-26.2.jar:26.2-118-4b38592]
	at net.minecraft.server.MinecraftServer.processPacketsAndTick(MinecraftServer.java:1781) ~[leaf-26.2.jar:26.2-118-4b38592]
	at net.minecraft.server.MinecraftServer.runServer(MinecraftServer.java:1449) ~[leaf-26.2.jar:26.2-118-4b38592]
	at net.minecraft.server.MinecraftServer.lambda$spin$0(MinecraftServer.java:303) ~[leaf-26.2.jar:26.2-118-4b38592]
	at java.base/java.lang.Thread.run(Thread.java:1474) ~[?:?]
[06:35:37 ERROR]: Ignoring setSeed on Entity.SHARED_RANDOM
java.lang.Throwable
	at net.minecraft.world.entity.Entity$RandomRandomSource.setSeed(Entity.java:193) ~[leaf-26.2.jar:26.2-118-4b38592]
	at benchmark.jar//dev.escos.verify.BenchPlugin.setup(BenchPlugin.java:117) ~[?:?]
	at benchmark.jar//dev.escos.verify.BenchPlugin.lambda$onEnable$0(BenchPlugin.java:63) ~[?:?]
	at org.bukkit.craftbukkit.scheduler.CraftTask.run(CraftTask.java:78) ~[leaf-26.2.jar:26.2-118-4b38592]
	at org.bukkit.craftbukkit.scheduler.CraftScheduler.mainThreadHeartbeat(CraftScheduler.java:474) ~[leaf-26.2.jar:26.2-118-4b38592]
	at net.minecraft.server.MinecraftServer.tickChildren(MinecraftServer.java:1892) ~[leaf-26.2.jar:26.2-118-4b38592]
	at net.minecraft.server.MinecraftServer.tickServer(MinecraftServer.java:1722) ~[leaf-26.2.jar:26.2-118-4b38592]
	at net.minecraft.server.dedicated.DedicatedServer.tickServer(DedicatedServer.java:469) ~[leaf-26.2.jar:26.2-118-4b38592]
	at net.minecraft.server.MinecraftServer.processPacketsAndTick(MinecraftServer.java:1781) ~[leaf-26.2.jar:26.2-118-4b38592]
	at net.minecraft.server.MinecraftServer.runServer(MinecraftServer.java:1449) ~[leaf-26.2.jar:26.2-118-4b38592]
	at net.minecraft.server.MinecraftServer.lambda$spin$0(MinecraftServer.java:303) ~[leaf-26.2.jar:26.2-118-4b38592]
	at java.base/java.lang.Thread.run(Thread.java:1474) ~[?:?]
[06:35:37 ERROR]: Ignoring setSeed on Entity.SHARED_RANDOM
java.lang.Throwable
	at net.minecraft.world.entity.Entity$RandomRandomSource.setSeed(Entity.java:193) ~[leaf-26.2.jar:26.2-118-4b38592]
	at benchmark.jar//dev.escos.verify.BenchPlugin.setup(BenchPlugin.java:117) ~[?:?]
	at benchmark.jar//dev.escos.verify.BenchPlugin.lambda$onEnable$0(BenchPlugin.java:63) ~[?:?]
	at org.bukkit.craftbukkit.scheduler.CraftTask.run(CraftTask.java:78) ~[leaf-26.2.jar:26.2-118-4b38592]
	at org.bukkit.craftbukkit.scheduler.CraftScheduler.mainThreadHeartbeat(CraftScheduler.java:474) ~[leaf-26.2.jar:26.2-118-4b38592]
	at net.minecraft.server.MinecraftServer.tickChildren(MinecraftServer.java:1892) ~[leaf-26.2.jar:26.2-118-4b38592]
	at net.minecraft.server.MinecraftServer.tickServer(MinecraftServer.java:1722) ~[leaf-26.2.jar:26.2-118-4b38592]
	at net.minecraft.server.dedicated.DedicatedServer.tickServer(DedicatedServer.java:469) ~[leaf-26.2.jar:26.2-118-4b38592]
	at net.minecraft.server.MinecraftServer.processPacketsAndTick(MinecraftServer.java:1781) ~[leaf-26.2.jar:26.2-118-4b38592]
	at net.minecraft.server.MinecraftServer.runServer(MinecraftServer.java:1449) ~[leaf-26.2.jar:26.2-118-4b38592]
	at net.minecraft.server.MinecraftServer.lambda$spin$0(MinecraftServer.java:303) ~[leaf-26.2.jar:26.2-118-4b38592]
	at java.base/java.lang.Thread.run(Thread.java:1474) ~[?:?]
[06:35:37 ERROR]: Ignoring setSeed on Entity.SHARED_RANDOM
java.lang.Throwable
	at net.minecraft.world.entity.Entity$RandomRandomSource.setSeed(Entity.java:193) ~[leaf-26.2.jar:26.2-118-4b38592]
	at benchmark.jar//dev.escos.verify.BenchPlugin.setup(BenchPlugin.java:117) ~[?:?]
	at benchmark.jar//dev.escos.verify.BenchPlugin.lambda$onEnable$0(BenchPlugin.java:63) ~[?:?]
	at org.bukkit.craftbukkit.scheduler.CraftTask.run(CraftTask.java:78) ~[leaf-26.2.jar:26.2-118-4b38592]
	at org.bukkit.craftbukkit.scheduler.CraftScheduler.mainThreadHeartbeat(CraftScheduler.java:474) ~[leaf-26.2.jar:26.2-118-4b38592]
	at net.minecraft.server.MinecraftServer.tickChildren(MinecraftServer.java:1892) ~[leaf-26.2.jar:26.2-118-4b38592]
	at net.minecraft.server.MinecraftServer.tickServer(MinecraftServer.java:1722) ~[leaf-26.2.jar:26.2-118-4b38592]
	at net.minecraft.server.dedicated.DedicatedServer.tickServer(DedicatedServer.java:469) ~[leaf-26.2.jar:26.2-118-4b38592]
	at net.minecraft.server.MinecraftServer.processPacketsAndTick(MinecraftServer.java:1781) ~[leaf-26.2.jar:26.2-118-4b38592]
	at net.minecraft.server.MinecraftServer.runServer(MinecraftServer.java:1449) ~[leaf-26.2.jar:26.2-118-4b38592]
	at net.minecraft.server.MinecraftServer.lambda$spin$0(MinecraftServer.java:303) ~[leaf-26.2.jar:26.2-118-4b38592]
	at java.base/java.lang.Thread.run(Thread.java:1474) ~[?:?]
[06:35:37 ERROR]: Ignoring setSeed on Entity.SHARED_RANDOM
java.lang.Throwable
	at net.minecraft.world.entity.Entity$RandomRandomSource.setSeed(Entity.java:193) ~[leaf-26.2.jar:26.2-118-4b38592]
	at benchmark.jar//dev.escos.verify.BenchPlugin.setup(BenchPlugin.java:117) ~[?:?]
	at benchmark.jar//dev.escos.verify.BenchPlugin.lambda$onEnable$0(BenchPlugin.java:63) ~[?:?]
	at org.bukkit.craftbukkit.scheduler.CraftTask.run(CraftTask.java:78) ~[leaf-26.2.jar:26.2-118-4b38592]
	at org.bukkit.craftbukkit.scheduler.CraftScheduler.mainThreadHeartbeat(CraftScheduler.java:474) ~[leaf-26.2.jar:26.2-118-4b38592]
	at net.minecraft.server.MinecraftServer.tickChildren(MinecraftServer.java:1892) ~[leaf-26.2.jar:26.2-118-4b38592]
	at net.minecraft.server.MinecraftServer.tickServer(MinecraftServer.java:1722) ~[leaf-26.2.jar:26.2-118-4b38592]
	at net.minecraft.server.dedicated.DedicatedServer.tickServer(DedicatedServer.java:469) ~[leaf-26.2.jar:26.2-118-4b38592]
	at net.minecraft.server.MinecraftServer.processPacketsAndTick(MinecraftServer.java:1781) ~[leaf-26.2.jar:26.2-118-4b38592]
	at net.minecraft.server.MinecraftServer.runServer(MinecraftServer.java:1449) ~[leaf-26.2.jar:26.2-118-4b38592]
	at net.minecraft.server.MinecraftServer.lambda$spin$0(MinecraftServer.java:303) ~[leaf-26.2.jar:26.2-118-4b38592]
	at java.base/java.lang.Thread.run(Thread.java:1474) ~[?:?]
[06:35:37 ERROR]: Ignoring setSeed on Entity.SHARED_RANDOM
java.lang.Throwable
	at net.minecraft.world.entity.Entity$RandomRandomSource.setSeed(Entity.java:193) ~[leaf-26.2.jar:26.2-118-4b38592]
	at benchmark.jar//dev.escos.verify.BenchPlugin.setup(BenchPlugin.java:117) ~[?:?]
	at benchmark.jar//dev.escos.verify.BenchPlugin.lambda$onEnable$0(BenchPlugin.java:63) ~[?:?]
	at org.bukkit.craftbukkit.scheduler.CraftTask.run(CraftTask.java:78) ~[leaf-26.2.jar:26.2-118-4b38592]
	at org.bukkit.craftbukkit.scheduler.CraftScheduler.mainThreadHeartbeat(CraftScheduler.java:474) ~[leaf-26.2.jar:26.2-118-4b38592]
	at net.minecraft.server.MinecraftServer.tickChildren(MinecraftServer.java:1892) ~[leaf-26.2.jar:26.2-118-4b38592]
	at net.minecraft.server.MinecraftServer.tickServer(MinecraftServer.java:1722) ~[leaf-26.2.jar:26.2-118-4b38592]
	at net.minecraft.server.dedicated.DedicatedServer.tickServer(DedicatedServer.java:469) ~[leaf-26.2.jar:26.2-118-4b38592]
	at net.minecraft.server.MinecraftServer.processPacketsAndTick(MinecraftServer.java:1781) ~[leaf-26.2.jar:26.2-118-4b38592]
	at net.minecraft.server.MinecraftServer.runServer(MinecraftServer.java:1449) ~[leaf-26.2.jar:26.2-118-4b38592]
	at net.minecraft.server.MinecraftServer.lambda$spin$0(MinecraftServer.java:303) ~[leaf-26.2.jar:26.2-118-4b38592]
	at java.base/java.lang.Thread.run(Thread.java:1474) ~[?:?]
[06:35:37 ERROR]: Ignoring setSeed on Entity.SHARED_RANDOM
java.lang.Throwable
	at net.minecraft.world.entity.Entity$RandomRandomSource.setSeed(Entity.java:193) ~[leaf-26.2.jar:26.2-118-4b38592]
	at benchmark.jar//dev.escos.verify.BenchPlugin.setup(BenchPlugin.java:117) ~[?:?]
	at benchmark.jar//dev.escos.verify.BenchPlugin.lambda$onEnable$0(BenchPlugin.java:63) ~[?:?]
	at org.bukkit.craftbukkit.scheduler.CraftTask.run(CraftTask.java:78) ~[leaf-26.2.jar:26.2-118-4b38592]
	at org.bukkit.craftbukkit.scheduler.CraftScheduler.mainThreadHeartbeat(CraftScheduler.java:474) ~[leaf-26.2.jar:26.2-118-4b38592]
	at net.minecraft.server.MinecraftServer.tickChildren(MinecraftServer.java:1892) ~[leaf-26.2.jar:26.2-118-4b38592]
	at net.minecraft.server.MinecraftServer.tickServer(MinecraftServer.java:1722) ~[leaf-26.2.jar:26.2-118-4b38592]
	at net.minecraft.server.dedicated.DedicatedServer.tickServer(DedicatedServer.java:469) ~[leaf-26.2.jar:26.2-118-4b38592]
	at net.minecraft.server.MinecraftServer.processPacketsAndTick(MinecraftServer.java:1781) ~[leaf-26.2.jar:26.2-118-4b38592]
	at net.minecraft.server.MinecraftServer.runServer(MinecraftServer.java:1449) ~[leaf-26.2.jar:26.2-118-4b38592]
	at net.minecraft.server.MinecraftServer.lambda$spin$0(MinecraftServer.java:303) ~[leaf-26.2.jar:26.2-118-4b38592]
	at java.base/java.lang.Thread.run(Thread.java:1474) ~[?:?]
[06:35:37 ERROR]: Ignoring setSeed on Entity.SHARED_RANDOM
java.lang.Throwable
	at net.minecraft.world.entity.Entity$RandomRandomSource.setSeed(Entity.java:193) ~[leaf-26.2.jar:26.2-118-4b38592]
	at benchmark.jar//dev.escos.verify.BenchPlugin.setup(BenchPlugin.java:117) ~[?:?]
	at benchmark.jar//dev.escos.verify.BenchPlugin.lambda$onEnable$0(BenchPlugin.java:63) ~[?:?]
	at org.bukkit.craftbukkit.scheduler.CraftTask.run(CraftTask.java:78) ~[leaf-26.2.jar:26.2-118-4b38592]
	at org.bukkit.craftbukkit.scheduler.CraftScheduler.mainThreadHeartbeat(CraftScheduler.java:474) ~[leaf-26.2.jar:26.2-118-4b38592]
	at net.minecraft.server.MinecraftServer.tickChildren(MinecraftServer.java:1892) ~[leaf-26.2.jar:26.2-118-4b38592]
	at net.minecraft.server.MinecraftServer.tickServer(MinecraftServer.java:1722) ~[leaf-26.2.jar:26.2-118-4b38592]
	at net.minecraft.server.dedicated.DedicatedServer.tickServer(DedicatedServer.java:469) ~[leaf-26.2.jar:26.2-118-4b38592]
	at net.minecraft.server.MinecraftServer.processPacketsAndTick(MinecraftServer.java:1781) ~[leaf-26.2.jar:26.2-118-4b38592]
	at net.minecraft.server.MinecraftServer.runServer(MinecraftServer.java:1449) ~[leaf-26.2.jar:26.2-118-4b38592]
	at net.minecraft.server.MinecraftServer.lambda$spin$0(MinecraftServer.java:303) ~[leaf-26.2.jar:26.2-118-4b38592]
	at java.base/java.lang.Thread.run(Thread.java:1474) ~[?:?]
[06:35:37 ERROR]: Ignoring setSeed on Entity.SHARED_RANDOM
java.lang.Throwable
	at net.minecraft.world.entity.Entity$RandomRandomSource.setSeed(Entity.java:193) ~[leaf-26.2.jar:26.2-118-4b38592]
	at benchmark.jar//dev.escos.verify.BenchPlugin.setup(BenchPlugin.java:117) ~[?:?]
	at benchmark.jar//dev.escos.verify.BenchPlugin.lambda$onEnable$0(BenchPlugin.java:63) ~[?:?]
	at org.bukkit.craftbukkit.scheduler.CraftTask.run(CraftTask.java:78) ~[leaf-26.2.jar:26.2-118-4b38592]
	at org.bukkit.craftbukkit.scheduler.CraftScheduler.mainThreadHeartbeat(CraftScheduler.java:474) ~[leaf-26.2.jar:26.2-118-4b38592]
	at net.minecraft.server.MinecraftServer.tickChildren(MinecraftServer.java:1892) ~[leaf-26.2.jar:26.2-118-4b38592]
	at net.minecraft.server.MinecraftServer.tickServer(MinecraftServer.java:1722) ~[leaf-26.2.jar:26.2-118-4b38592]
	at net.minecraft.server.dedicated.DedicatedServer.tickServer(DedicatedServer.java:469) ~[leaf-26.2.jar:26.2-118-4b38592]
	at net.minecraft.server.MinecraftServer.processPacketsAndTick(MinecraftServer.java:1781) ~[leaf-26.2.jar:26.2-118-4b38592]
	at net.minecraft.server.MinecraftServer.runServer(MinecraftServer.java:1449) ~[leaf-26.2.jar:26.2-118-4b38592]
	at net.minecraft.server.MinecraftServer.lambda$spin$0(MinecraftServer.java:303) ~[leaf-26.2.jar:26.2-118-4b38592]
	at java.base/java.lang.Thread.run(Thread.java:1474) ~[?:?]
[06:35:37 ERROR]: Ignoring setSeed on Entity.SHARED_RANDOM
java.lang.Throwable
	at net.minecraft.world.entity.Entity$RandomRandomSource.setSeed(Entity.java:193) ~[leaf-26.2.jar:26.2-118-4b38592]
	at benchmark.jar//dev.escos.verify.BenchPlugin.setup(BenchPlugin.java:117) ~[?:?]
	at benchmark.jar//dev.escos.verify.BenchPlugin.lambda$onEnable$0(BenchPlugin.java:63) ~[?:?]
	at org.bukkit.craftbukkit.scheduler.CraftTask.run(CraftTask.java:78) ~[leaf-26.2.jar:26.2-118-4b38592]
	at org.bukkit.craftbukkit.scheduler.CraftScheduler.mainThreadHeartbeat(CraftScheduler.java:474) ~[leaf-26.2.jar:26.2-118-4b38592]
	at net.minecraft.server.MinecraftServer.tickChildren(MinecraftServer.java:1892) ~[leaf-26.2.jar:26.2-118-4b38592]
	at net.minecraft.server.MinecraftServer.tickServer(MinecraftServer.java:1722) ~[leaf-26.2.jar:26.2-118-4b38592]
	at net.minecraft.server.dedicated.DedicatedServer.tickServer(DedicatedServer.java:469) ~[leaf-26.2.jar:26.2-118-4b38592]
	at net.minecraft.server.MinecraftServer.processPacketsAndTick(MinecraftServer.java:1781) ~[leaf-26.2.jar:26.2-118-4b38592]
	at net.minecraft.server.MinecraftServer.runServer(MinecraftServer.java:1449) ~[leaf-26.2.jar:26.2-118-4b38592]
	at net.minecraft.server.MinecraftServer.lambda$spin$0(MinecraftServer.java:303) ~[leaf-26.2.jar:26.2-118-4b38592]
	at java.base/java.lang.Thread.run(Thread.java:1474) ~[?:?]
[06:35:37 ERROR]: Ignoring setSeed on Entity.SHARED_RANDOM
java.lang.Throwable
	at net.minecraft.world.entity.Entity$RandomRandomSource.setSeed(Entity.java:193) ~[leaf-26.2.jar:26.2-118-4b38592]
	at benchmark.jar//dev.escos.verify.BenchPlugin.setup(BenchPlugin.java:117) ~[?:?]
	at benchmark.jar//dev.escos.verify.BenchPlugin.lambda$onEnable$0(BenchPlugin.java:63) ~[?:?]
	at org.bukkit.craftbukkit.scheduler.CraftTask.run(CraftTask.java:78) ~[leaf-26.2.jar:26.2-118-4b38592]
	at org.bukkit.craftbukkit.scheduler.CraftScheduler.mainThreadHeartbeat(CraftScheduler.java:474) ~[leaf-26.2.jar:26.2-118-4b38592]
	at net.minecraft.server.MinecraftServer.tickChildren(MinecraftServer.java:1892) ~[leaf-26.2.jar:26.2-118-4b38592]
	at net.minecraft.server.MinecraftServer.tickServer(MinecraftServer.java:1722) ~[leaf-26.2.jar:26.2-118-4b38592]
	at net.minecraft.server.dedicated.DedicatedServer.tickServer(DedicatedServer.java:469) ~[leaf-26.2.jar:26.2-118-4b38592]
	at net.minecraft.server.MinecraftServer.processPacketsAndTick(MinecraftServer.java:1781) ~[leaf-26.2.jar:26.2-118-4b38592]
	at net.minecraft.server.MinecraftServer.runServer(MinecraftServer.java:1449) ~[leaf-26.2.jar:26.2-118-4b38592]
	at net.minecraft.server.MinecraftServer.lambda$spin$0(MinecraftServer.java:303) ~[leaf-26.2.jar:26.2-118-4b38592]
	at java.base/java.lang.Thread.run(Thread.java:1474) ~[?:?]
[06:35:37 ERROR]: Ignoring setSeed on Entity.SHARED_RANDOM
java.lang.Throwable
	at net.minecraft.world.entity.Entity$RandomRandomSource.setSeed(Entity.java:193) ~[leaf-26.2.jar:26.2-118-4b38592]
	at benchmark.jar//dev.escos.verify.BenchPlugin.setup(BenchPlugin.java:117) ~[?:?]
	at benchmark.jar//dev.escos.verify.BenchPlugin.lambda$onEnable$0(BenchPlugin.java:63) ~[?:?]
	at org.bukkit.craftbukkit.scheduler.CraftTask.run(CraftTask.java:78) ~[leaf-26.2.jar:26.2-118-4b38592]
	at org.bukkit.craftbukkit.scheduler.CraftScheduler.mainThreadHeartbeat(CraftScheduler.java:474) ~[leaf-26.2.jar:26.2-118-4b38592]
	at net.minecraft.server.MinecraftServer.tickChildren(MinecraftServer.java:1892) ~[leaf-26.2.jar:26.2-118-4b38592]
	at net.minecraft.server.MinecraftServer.tickServer(MinecraftServer.java:1722) ~[leaf-26.2.jar:26.2-118-4b38592]
	at net.minecraft.server.dedicated.DedicatedServer.tickServer(DedicatedServer.java:469) ~[leaf-26.2.jar:26.2-118-4b38592]
	at net.minecraft.server.MinecraftServer.processPacketsAndTick(MinecraftServer.java:1781) ~[leaf-26.2.jar:26.2-118-4b38592]
	at net.minecraft.server.MinecraftServer.runServer(MinecraftServer.java:1449) ~[leaf-26.2.jar:26.2-118-4b38592]
	at net.minecraft.server.MinecraftServer.lambda$spin$0(MinecraftServer.java:303) ~[leaf-26.2.jar:26.2-118-4b38592]
	at java.base/java.lang.Thread.run(Thread.java:1474) ~[?:?]
[06:35:37 ERROR]: Ignoring setSeed on Entity.SHARED_RANDOM
java.lang.Throwable
	at net.minecraft.world.entity.Entity$RandomRandomSource.setSeed(Entity.java:193) ~[leaf-26.2.jar:26.2-118-4b38592]
	at benchmark.jar//dev.escos.verify.BenchPlugin.setup(BenchPlugin.java:117) ~[?:?]
	at benchmark.jar//dev.escos.verify.BenchPlugin.lambda$onEnable$0(BenchPlugin.java:63) ~[?:?]
	at org.bukkit.craftbukkit.scheduler.CraftTask.run(CraftTask.java:78) ~[leaf-26.2.jar:26.2-118-4b38592]
	at org.bukkit.craftbukkit.scheduler.CraftScheduler.mainThreadHeartbeat(CraftScheduler.java:474) ~[leaf-26.2.jar:26.2-118-4b38592]
	at net.minecraft.server.MinecraftServer.tickChildren(MinecraftServer.java:1892) ~[leaf-26.2.jar:26.2-118-4b38592]
	at net.minecraft.server.MinecraftServer.tickServer(MinecraftServer.java:1722) ~[leaf-26.2.jar:26.2-118-4b38592]
	at net.minecraft.server.dedicated.DedicatedServer.tickServer(DedicatedServer.java:469) ~[leaf-26.2.jar:26.2-118-4b38592]
	at net.minecraft.server.MinecraftServer.processPacketsAndTick(MinecraftServer.java:1781) ~[leaf-26.2.jar:26.2-118-4b38592]
	at net.minecraft.server.MinecraftServer.runServer(MinecraftServer.java:1449) ~[leaf-26.2.jar:26.2-118-4b38592]
	at net.minecraft.server.MinecraftServer.lambda$spin$0(MinecraftServer.java:303) ~[leaf-26.2.jar:26.2-118-4b38592]
	at java.base/java.lang.Thread.run(Thread.java:1474) ~[?:?]
[06:35:37 ERROR]: Ignoring setSeed on Entity.SHARED_RANDOM
java.lang.Throwable
	at net.minecraft.world.entity.Entity$RandomRandomSource.setSeed(Entity.java:193) ~[leaf-26.2.jar:26.2-118-4b38592]
	at benchmark.jar//dev.escos.verify.BenchPlugin.setup(BenchPlugin.java:117) ~[?:?]
	at benchmark.jar//dev.escos.verify.BenchPlugin.lambda$onEnable$0(BenchPlugin.java:63) ~[?:?]
	at org.bukkit.craftbukkit.scheduler.CraftTask.run(CraftTask.java:78) ~[leaf-26.2.jar:26.2-118-4b38592]
	at org.bukkit.craftbukkit.scheduler.CraftScheduler.mainThreadHeartbeat(CraftScheduler.java:474) ~[leaf-26.2.jar:26.2-118-4b38592]
	at net.minecraft.server.MinecraftServer.tickChildren(MinecraftServer.java:1892) ~[leaf-26.2.jar:26.2-118-4b38592]
	at net.minecraft.server.MinecraftServer.tickServer(MinecraftServer.java:1722) ~[leaf-26.2.jar:26.2-118-4b38592]
	at net.minecraft.server.dedicated.DedicatedServer.tickServer(DedicatedServer.java:469) ~[leaf-26.2.jar:26.2-118-4b38592]
	at net.minecraft.server.MinecraftServer.processPacketsAndTick(MinecraftServer.java:1781) ~[leaf-26.2.jar:26.2-118-4b38592]
	at net.minecraft.server.MinecraftServer.runServer(MinecraftServer.java:1449) ~[leaf-26.2.jar:26.2-118-4b38592]
	at net.minecraft.server.MinecraftServer.lambda$spin$0(MinecraftServer.java:303) ~[leaf-26.2.jar:26.2-118-4b38592]
	at java.base/java.lang.Thread.run(Thread.java:1474) ~[?:?]
[06:35:37 INFO]: [EscoBenchmark] BENCH_READY mode=natural-ai entities=256 synthetic_player_positions=0
[06:35:58 INFO]: [EscoBenchmark] BENCH_COMPLETE natural-ai mean_mspt=5.340463675
[06:35:58 INFO]: Stopping server
[06:35:58 INFO]: [EscoBenchmark] Disabling EscoBenchmark v0.3.0
[06:35:58 INFO]: Saving players
[06:35:58 INFO]: Saving worlds
[06:35:58 INFO]: Saving chunks for level 'ServerLevel[world]'/minecraft:overworld
[06:35:58 INFO]: [ChunkHolderManager] Waiting 60s for chunk system to halt for world 'minecraft:overworld'
[06:35:58 INFO]: [ChunkHolderManager] Halted chunk system for world 'minecraft:overworld'
[06:35:58 INFO]: [ChunkHolderManager] Saving all chunkholders for world 'minecraft:overworld'
[06:35:58 INFO]: [ChunkHolderManager] Saved 1520 block chunks, 289 entity chunks, 0 poi chunks in world 'minecraft:overworld' in 0.28s
[06:35:58 INFO]: [ChunkHolderManager] Waiting 60s for chunk I/O to halt for world 'minecraft:overworld'
[06:35:58 INFO]: [ChunkHolderManager] Halted I/O scheduler for world 'minecraft:overworld'
[06:35:58 INFO]: Saving chunks for level 'ServerLevel[world]'/minecraft:the_nether
[06:35:58 INFO]: [ChunkHolderManager] Waiting 60s for chunk system to halt for world 'minecraft:the_nether'
[06:35:58 INFO]: [ChunkHolderManager] Halted chunk system for world 'minecraft:the_nether'
[06:35:58 INFO]: [ChunkHolderManager] Saving all chunkholders for world 'minecraft:the_nether'
[06:35:58 INFO]: [ChunkHolderManager] Saved 0 block chunks, 0 entity chunks, 0 poi chunks in world 'minecraft:the_nether' in 0.00s
[06:35:58 INFO]: [ChunkHolderManager] Waiting 60s for chunk I/O to halt for world 'minecraft:the_nether'
[06:35:58 INFO]: [ChunkHolderManager] Halted I/O scheduler for world 'minecraft:the_nether'
[06:35:58 INFO]: ThreadedChunkStorage (world): All chunks are saved
[06:35:58 INFO]: ThreadedChunkStorage (DIM-1): All chunks are saved
[06:35:58 INFO]: ThreadedChunkStorage: All dimensions are saved
[06:35:58 INFO]: Waiting for all RegionFile I/O tasks to complete...
[06:35:58 INFO]: All RegionFile I/O tasks to complete
[06:35:58 INFO]: [MoonriseCommon] Awaiting termination of worker pool for up to 60s...
[06:35:58 INFO]: [MoonriseCommon] Awaiting termination of I/O pool for up to 60s...
[06:35:58 INFO]: [Leaf] Waiting for mob spawning thread to shutdown...
[06:35:58 INFO]: [Leaf] Waiting for entity tracker executor to shutdown...
[06:35:58 INFO]: [Leaf] Waiting for mob pathfinding executor to shutdown...
